GameId;team;club;name;age;value;position;role
1023746;Nordkorea;Pyongyang CSG;Myong-Guk Ri;24;350000.0;Torwart;Startaufstellung
1023746;Nordkorea;;Nam-Chol Pak;22;150000.0;Innenverteidiger;Startaufstellung
1023746;Nordkorea;25. April Sports Club;Kwang-Chon Ri;25;600000.0;Innenverteidiger;Startaufstellung
1023746;Nordkorea;;Kwang-Ik Jon;22;50000.0;Linker Verteidiger;Startaufstellung
1023746;Nordkorea;FC Wil 1900;Jong-Hyok Cha;25;400000.0;Rechter Verteidiger;Startaufstellung
1023746;Nordkorea;Unbekannt;Kuk-Jin Kim;22;100000.0;Mittelfeld;Startaufstellung
1023746;Nordkorea;Kashiwa Reysol;Young-Hak An;32;350000.0;Defensives Mittelfeld;Startaufstellung
1023746;Nordkorea;;Nam-Chol Pak;25;500000.0;Rechtes Mittelfeld;Startaufstellung
1023746;Nordkorea;25. April Sports Club;Yong-Jo Hong;28;750000.0;Offensives Mittelfeld;Startaufstellung
1023746;Nordkorea;Vegalta Sendai;Yong-Gi Ryang;29;1300000.0;Offensives Mittelfeld;Startaufstellung
1023746;Nordkorea;VfL Bochum;Chong Tese;26;2000000.0;Mittelstürmer;Startaufstellung
1023746;Vereinigte Arabische Emirate;;Majed Naser;26;125000.0;Torwart;Startaufstellung
1023746;Vereinigte Arabische Emirate;;Walid Abbas;25;125000.0;Innenverteidiger;Startaufstellung
1023746;Vereinigte Arabische Emirate;Al-Wahda FC Abu Dhabi;Hamdan Al Kamali;21;200000.0;Innenverteidiger;Startaufstellung
1023746;Vereinigte Arabische Emirate;Baniyas SC;Yousef Jaber;25;150000.0;Linker Verteidiger;Startaufstellung
1023746;Vereinigte Arabische Emirate;Al-Jazira (Abu Dhabi);Khalid Sebil;23;150000.0;Rechter Verteidiger;Startaufstellung
1023746;Vereinigte Arabische Emirate;Al-Jazira (Abu Dhabi);Subait Khater;30;400000.0;Defensives Mittelfeld;Startaufstellung
1023746;Vereinigte Arabische Emirate;;Amer Abdulrahman;21;200000.0;Zentrales Mittelfeld;Startaufstellung
1023746;Vereinigte Arabische Emirate;;Ali Al Wehaibi;27;200000.0;Rechtes Mittelfeld;Startaufstellung
1023746;Vereinigte Arabische Emirate;;Ismail Al Hammadi;22;100000.0;Linksaußen;Startaufstellung
1023746;Vereinigte Arabische Emirate;Al-Wahda FC Abu Dhabi;Ismaeil Matar;27;450000.0;Mittelstürmer;Startaufstellung
1023746;Vereinigte Arabische Emirate;;Ahmed Khalil;19;150000.0;Mittelstürmer;Startaufstellung
1023746;Nordkorea;;Myong-Gil Kim;26;150000.0;Torwart;Reservebank
1023746;Nordkorea;Sobaeksu Sports Group;Kwang-Il Ri;22;50000.0;Torwart;Reservebank
1023746;Nordkorea;;Chol-Jin Pak;25;500000.0;Innenverteidiger;Reservebank
1023746;Nordkorea;;Jun-Il Ri;23;350000.0;Innenverteidiger;Reservebank
1023746;Nordkorea;;Kwang-Hyok Ri;23;200000.0;Linker Verteidiger;Reservebank
1023746;Nordkorea;25. April Sports Club;Yun-Nam Ji;25;300000.0;Defensives Mittelfeld;Reservebank
1023746;Nordkorea;Pyongyang CSG;Myong-Ho Choe;22;50000.0;Zentrales Mittelfeld;Reservebank
1023746;Nordkorea;Pyongyang CSG;Yong-Jun Kim;27;600000.0;Rechtes Mittelfeld;Reservebank
1023746;Nordkorea;;In-Guk Mun;32;400000.0;Linkes Mittelfeld;Reservebank
1023746;Nordkorea;;Chol-Min Pak;22;50000.0;Mittelstürmer;Reservebank
1023746;Nordkorea;;Chol-Hyok An;25;450000.0;Mittelstürmer;Reservebank
1023746;Nordkorea;;Kum-Chol Choe;23;450000.0;Mittelstürmer;Reservebank
1023746;Vereinigte Arabische Emirate;Al-Ahli Dubai Club;Obaid Tawila;31;150000.0;Torwart;Reservebank
1023746;Vereinigte Arabische Emirate;;Ali Khaseif;23;200000.0;Torwart;Reservebank
1023746;Vereinigte Arabische Emirate;Al-Jazira (Abu Dhabi);Abdullah Al Bloushi;23;100000.0;Innenverteidiger;Reservebank
1023746;Vereinigte Arabische Emirate;;Fares Juma;22;100000.0;Innenverteidiger;Reservebank
1023746;Vereinigte Arabische Emirate;;Mohamed Ahmad;21;125000.0;Innenverteidiger;Reservebank
1023746;Vereinigte Arabische Emirate;;Mahmoud Al Hammadi;23;100000.0;Linker Verteidiger;Reservebank
1023746;Vereinigte Arabische Emirate;Al-Ahli Dubai Club;Abdulaziz Hussain;20;175000.0;Rechter Verteidiger;Reservebank
1023746;Vereinigte Arabische Emirate;;Amir Mubarak Al Hammadi;23;150000.0;Zentrales Mittelfeld;Reservebank
1023746;Vereinigte Arabische Emirate;Baniyas SC;Theyab Awana;†21;300000.0;Rechtsaußen;Reservebank
1023746;Vereinigte Arabische Emirate;;Saeed Al Kathiri;22;100000.0;Mittelstürmer;Reservebank
1023746;Vereinigte Arabische Emirate;;Mohamed Al Shehhi;22;100000.0;Mittelstürmer;Reservebank
1023746;Vereinigte Arabische Emirate;;Ahmed Jumaa;25;150000.0;Mittelstürmer;Reservebank
