GameId;team;club;name;age;value;position;role
1023756;Katar;Al Gharafa Sports Club;Qasem Burhan;25;250000.0;Torwart;Startaufstellung
1023756;Katar;Al Gharafa Sports Club;Ibrahim Al-Ghanim;27;200000.0;Innenverteidiger;Startaufstellung
1023756;Katar;Al Sadd Sports Club;Ibrahim Majid;20;100000.0;Innenverteidiger;Startaufstellung
1023756;Katar;Al Gharafa Sports Club;Bilal Mohammed Rajab;24;250000.0;Innenverteidiger;Startaufstellung
1023756;Katar;Al Rayyan Sports Club;Hamid Ismaeil;24;250000.0;Rechter Verteidiger;Startaufstellung
1023756;Katar;Al Sadd Sports Club;Wesam Rizik;29;350000.0;Defensives Mittelfeld;Startaufstellung
1023756;Katar;Al Sadd Sports Club;Mohammed Kasola;24;250000.0;Defensives Mittelfeld;Startaufstellung
1023756;Katar;Al Gharafa Sports Club;Anas Mubarak;26;350000.0;Defensives Mittelfeld;Startaufstellung
1023756;Katar;;Mohamed Jeedo;23;100000.0;Linksaußen;Startaufstellung
1023756;Katar;;Yusef Ahmed Ali;22;200000.0;Linksaußen;Startaufstellung
1023756;Katar;Qatar Sports Club;Sebastián Soria;27;500000.0;Mittelstürmer;Startaufstellung
1023756;Kuwait;;Nawaf Khaled Al Khaldi;29;500000.0;Torwart;Startaufstellung
1023756;Kuwait;;Amer Al Fadel;22;500000.0;Abwehr;Startaufstellung
1023756;Kuwait;Al-Arabi Sporting Club;Ahmad Al Rashidi;27;500000.0;Innenverteidiger;Startaufstellung
1023756;Kuwait;;Hussain Fadhel Ali;26;500000.0;Innenverteidiger;Startaufstellung
1023756;Kuwait;;Yaqoub Al Taher;27;500000.0;Rechter Verteidiger;Startaufstellung
1023756;Kuwait;;Talal Al Amer;23;500000.0;Mittelfeld;Startaufstellung
1023756;Kuwait;;Fahad Al Enezi;22;500000.0;Mittelfeld;Startaufstellung
1023756;Kuwait;;Hamad Al Enezi;24;500000.0;Sturm;Startaufstellung
1023756;Kuwait;Al-Kuwait Sports Club;Waleed Ali Hussein Jumah;30;500000.0;Linksaußen;Startaufstellung
1023756;Kuwait;;Saleh Sheikh Al Hendi;28;500000.0;Rechtsaußen;Startaufstellung
1023756;Kuwait;Al-Nasr Riad;Bader Al Mutwa;26;500000.0;Mittelstürmer;Startaufstellung
1023756;Katar;;Mohamad Mubarak;26;100000.0;Torwart;Reservebank
1023756;Katar;;Saad Al-Sheeb;20;200000.0;Torwart;Reservebank
1023756;Katar;;Musa Haroon;25;100000.0;Innenverteidiger;Reservebank
1023756;Katar;Al Duhail Sports Club;Khalid Muftah;18;150000.0;Linker Verteidiger;Reservebank
1023756;Katar;;Mesaad Al Hamad;24;100000.0;Rechter Verteidiger;Reservebank
1023756;Katar;Al Sadd Sports Club;Majdi Abdulla Siddiq;25;300000.0;Defensives Mittelfeld;Reservebank
1023756;Katar;;Talal Al-Bloushi;24;300000.0;Zentrales Mittelfeld;Reservebank
1023756;Katar;Zamalek SC;Hussein Yasser;28;800000.0;Offensives Mittelfeld;Reservebank
1023756;Katar;Al Sadd Sports Club;Khalfan Ibrahim;22;400000.0;Offensives Mittelfeld;Reservebank
1023756;Katar;Al Rayyan Sports Club;Fábio César Montezine;31;450000.0;Linksaußen;Reservebank
1023756;Katar;;Ali Hassan Afif;22;350000.0;Linksaußen;Reservebank
1023756;Katar;Al Rayyan Sports Club;Jaralla Al Marri;22;200000.0;Mittelstürmer;Reservebank
1023756;Kuwait;Al-Arabi Sporting Club;Khaled Al Rashidi;23;500000.0;Torwart;Reservebank
1023756;Kuwait;;Hameed Youssef;23;500000.0;Torwart;Reservebank
1023756;Kuwait;;Ali Al Maqseed;24;500000.0;Abwehr;Reservebank
1023756;Kuwait;;Mohammad Rashed Sinad Al Fadhli;23;500000.0;Abwehr;Reservebank
1023756;Kuwait;Al-Shabab Riad;Musaed Neda;27;500000.0;Innenverteidiger;Reservebank
1023756;Kuwait;;Fahad Awadh Shaheen;25;500000.0;Linker Verteidiger;Reservebank
1023756;Kuwait;;Jarah Al Ataiqi;29;500000.0;Mittelfeld;Reservebank
1023756;Kuwait;;Yousef Naser Al Sulaiman;20;500000.0;Mittelfeld;Reservebank
1023756;Kuwait;;Fahed Al-Ansari;23;500000.0;Defensives Mittelfeld;Reservebank
1023756;Kuwait;;Adel Al Shammari;24;500000.0;Zentrales Mittelfeld;Reservebank
1023756;Kuwait;;Abdullah Al Shamali;24;500000.0;Sturm;Reservebank
1023756;Kuwait;;Khaled Khalaf;27;500000.0;Mittelstürmer;Reservebank
