GameId;team;club;name;age;value;position;role
1023754;Iran;Sepahan FC;Mehdi Rahmati;29;1250000.0;Torwart;Startaufstellung
1023754;Iran;Sepahan FC;Seyed Jalal Hosseini;28;3000000.0;Innenverteidiger;Startaufstellung
1023754;Iran;Sepahan FC;Hadi Aghili;30;1100000.0;Innenverteidiger;Startaufstellung
1023754;Iran;Sepahan FC;Ehsan Hajsafi;20;1000000.0;Linker Verteidiger;Startaufstellung
1023754;Iran;Tractor Sazi FC;Mohammad Nosrati;30;500000.0;Rechter Verteidiger;Startaufstellung
1023754;Iran;CA Osasuna;Javad Nekounam;30;4000000.0;Defensives Mittelfeld;Startaufstellung
1023754;Iran;Malavan of Bandar Anzali;Pejman Nouri;30;800000.0;Zentrales Mittelfeld;Startaufstellung
1023754;Iran;Sepahan FC;Khosro Heydari;27;2000000.0;Rechtes Mittelfeld;Startaufstellung
1023754;Iran;Zob Ahan Isfahan;Mohammad Reza Khalatbari;27;1500000.0;Linkes Mittelfeld;Startaufstellung
1023754;Iran;Esteghlal FC;Iman Mobali;28;1000000.0;Offensives Mittelfeld;Startaufstellung
1023754;Iran;Saipa FC;Karim Ansarifard;20;800000.0;Mittelstürmer;Startaufstellung
1023754;Nordkorea;Pyongyang CSG;Myong-Guk Ri;24;350000.0;Torwart;Startaufstellung
1023754;Nordkorea;;Jun-Il Ri;23;350000.0;Innenverteidiger;Startaufstellung
1023754;Nordkorea;25. April Sports Club;Kwang-Chon Ri;25;600000.0;Innenverteidiger;Startaufstellung
1023754;Nordkorea;;Kwang-Ik Jon;22;50000.0;Linker Verteidiger;Startaufstellung
1023754;Nordkorea;FC Wil 1900;Jong-Hyok Cha;25;400000.0;Rechter Verteidiger;Startaufstellung
1023754;Nordkorea;Unbekannt;Kuk-Jin Kim;22;100000.0;Mittelfeld;Startaufstellung
1023754;Nordkorea;Kashiwa Reysol;Young-Hak An;32;350000.0;Defensives Mittelfeld;Startaufstellung
1023754;Nordkorea;;Nam-Chol Pak;25;500000.0;Rechtes Mittelfeld;Startaufstellung
1023754;Nordkorea;;In-Guk Mun;32;400000.0;Linkes Mittelfeld;Startaufstellung
1023754;Nordkorea;25. April Sports Club;Yong-Jo Hong;28;750000.0;Offensives Mittelfeld;Startaufstellung
1023754;Nordkorea;VfL Bochum;Chong Tese;26;2000000.0;Mittelstürmer;Startaufstellung
1023754;Iran;Paykan FC;Ebrahim Mirzapour;32;750000.0;Torwart;Reservebank
1023754;Iran;Zob Ahan Isfahan;Shahab Gordan;26;350000.0;Torwart;Reservebank
1023754;Iran;Zob Ahan Isfahan;Farshid Talebi;29;500000.0;Innenverteidiger;Reservebank
1023754;Iran;Sepahan FC;Mohsen Bengar;31;450000.0;Innenverteidiger;Reservebank
1023754;Iran;Tractor Sazi FC;Andranik Teymourian;27;750000.0;Defensives Mittelfeld;Reservebank
1023754;Iran;Zob Ahan Isfahan;Ghasem Hadadifar;27;650000.0;Zentrales Mittelfeld;Reservebank
1023754;Iran;CA Osasuna;Masoud Shojaei;26;2000000.0;Offensives Mittelfeld;Reservebank
1023754;Iran;Persepolis FC;Mohammad Nouri;28;550000.0;Offensives Mittelfeld;Reservebank
1023754;Iran;Persepolis FC;Gholamreza Rezaei;26;650000.0;Rechtsaußen;Reservebank
1023754;Iran;Foolad FC;Arash Afshin;21;750000.0;Mittelstürmer;Reservebank
1023754;Iran;Foolad FC;Reza Norouzi;28;150000.0;Mittelstürmer;Reservebank
1023754;Iran;Steel Azin FC;Mohammad Gholami;27;300000.0;Mittelstürmer;Reservebank
1023754;Nordkorea;;Myong-Gil Kim;26;150000.0;Torwart;Reservebank
1023754;Nordkorea;Sobaeksu Sports Group;Kwang-Il Ri;22;50000.0;Torwart;Reservebank
1023754;Nordkorea;;Chol-Jin Pak;25;500000.0;Innenverteidiger;Reservebank
1023754;Nordkorea;;Nam-Chol Pak;22;150000.0;Innenverteidiger;Reservebank
1023754;Nordkorea;;Kwang-Hyok Ri;23;200000.0;Linker Verteidiger;Reservebank
1023754;Nordkorea;25. April Sports Club;Yun-Nam Ji;25;300000.0;Defensives Mittelfeld;Reservebank
1023754;Nordkorea;Pyongyang CSG;Myong-Ho Choe;22;50000.0;Zentrales Mittelfeld;Reservebank
1023754;Nordkorea;Pyongyang CSG;Yong-Jun Kim;27;600000.0;Rechtes Mittelfeld;Reservebank
1023754;Nordkorea;Vegalta Sendai;Yong-Gi Ryang;29;1300000.0;Offensives Mittelfeld;Reservebank
1023754;Nordkorea;;Chol-Min Pak;22;50000.0;Mittelstürmer;Reservebank
1023754;Nordkorea;;Kum-Chol Choe;23;450000.0;Mittelstürmer;Reservebank
1023754;Nordkorea;;Chol-Hyok An;25;450000.0;Mittelstürmer;Reservebank
