GameId;team;club;name;age;value;position;role
1023748;Usbekistan;FC Bunyodkor;Ignatiy Nesterov;27;1000000.0;Torwart;Startaufstellung
1023748;Usbekistan;Changchun Yatai;Anzur Ismailov;25;150000.0;Innenverteidiger;Startaufstellung
1023748;Usbekistan;FC Bunyodkor;Azizbek Haydarov;25;400000.0;Defensives Mittelfeld;Startaufstellung
1023748;Usbekistan;Anzhi Makhachkala;Odil Akhmedov;23;350000.0;Defensives Mittelfeld;Startaufstellung
1023748;Usbekistan;FC Bunyodkor;Timur Kapadze;29;800000.0;Zentrales Mittelfeld;Startaufstellung
1023748;Usbekistan;FC Bunyodkor;Victor Karpenko;33;500000.0;Rechtes Mittelfeld;Startaufstellung
1023748;Usbekistan;Volga Nizhniy Novgorod;Sanjar Tursunov;24;700000.0;Rechtes Mittelfeld;Startaufstellung
1023748;Usbekistan;;Stanislav Andreev;22;75000.0;Linkes Mittelfeld;Startaufstellung
1023748;Usbekistan;FC Bunyodkor;Server Djeparov;28;2000000.0;Offensives Mittelfeld;Startaufstellung
1023748;Usbekistan;Suwon Samsung Bluewings FC;Aleksandr Geynrikh;26;850000.0;Mittelstürmer;Startaufstellung
1023748;Usbekistan;Arsenal Kiew;Maksim Shatskikh;32;1100000.0;Mittelstürmer;Startaufstellung
1023748;Kuwait;;Nawaf Khaled Al Khaldi;29;500000.0;Torwart;Startaufstellung
1023748;Kuwait;;Amer Al Fadel;22;500000.0;Abwehr;Startaufstellung
1023748;Kuwait;;Hussain Fadhel Ali;26;500000.0;Innenverteidiger;Startaufstellung
1023748;Kuwait;;Fahad Awadh Shaheen;25;500000.0;Linker Verteidiger;Startaufstellung
1023748;Kuwait;;Yaqoub Al Taher;27;500000.0;Rechter Verteidiger;Startaufstellung
1023748;Kuwait;;Talal Al Amer;23;500000.0;Mittelfeld;Startaufstellung
1023748;Kuwait;;Jarah Al Ataiqi;29;500000.0;Mittelfeld;Startaufstellung
1023748;Kuwait;;Fahad Al Enezi;22;500000.0;Mittelfeld;Startaufstellung
1023748;Kuwait;;Yousef Naser Al Sulaiman;20;500000.0;Mittelfeld;Startaufstellung
1023748;Kuwait;Al-Kuwait Sports Club;Waleed Ali Hussein Jumah;30;500000.0;Linksaußen;Startaufstellung
1023748;Kuwait;Al-Nasr Riad;Bader Al Mutwa;26;500000.0;Mittelstürmer;Startaufstellung
1023748;Usbekistan;Pakhtakor Tashkent;Temur Juraev;26;250000.0;Torwart;Reservebank
1023748;Usbekistan;Nasaf Qarshi;Murotjon Zukhurov;27;25000.0;Torwart;Reservebank
1023748;Usbekistan;;Farrukh Nurlibaev;20;50000.0;Abwehr;Reservebank
1023748;Usbekistan;Al Ahli Sports Club;Shavkatjon Mulladjanov;24;100000.0;Innenverteidiger;Reservebank
1023748;Usbekistan;FC Bunyodkor;Sakhob Juraev;23;200000.0;Linker Verteidiger;Reservebank
1023748;Usbekistan;Rubin Kazan;Vagiz Galiulin;23;750000.0;Linkes Mittelfeld;Reservebank
1023748;Usbekistan;Al Duhail Sports Club;Jasur Khasanov;27;25000.0;Offensives Mittelfeld;Reservebank
1023748;Usbekistan;FC Bunyodkor;Shavkat Salomov;25;100000.0;Linksaußen;Reservebank
1023748;Usbekistan;FK Andijan;Olim Novkarov;27;100000.0;Mittelstürmer;Reservebank
1023748;Usbekistan;Alania Vladikavkaz;Marat Bikmaev;25;300000.0;Mittelstürmer;Reservebank
1023748;Usbekistan;Zhetysu Taldykorgan;Ulugbek Bakaev;32;300000.0;Mittelstürmer;Reservebank
1023748;Usbekistan;FC Bohemians Prag 1905;Aziz Ibragimov;24;300000.0;Mittelstürmer;Reservebank
1023748;Kuwait;Al-Arabi Sporting Club;Khaled Al Rashidi;23;500000.0;Torwart;Reservebank
1023748;Kuwait;;Hameed Youssef;23;500000.0;Torwart;Reservebank
1023748;Kuwait;;Ali Al Maqseed;24;500000.0;Abwehr;Reservebank
1023748;Kuwait;;Mohammad Rashed Sinad Al Fadhli;23;500000.0;Abwehr;Reservebank
1023748;Kuwait;Al-Arabi Sporting Club;Ahmad Al Rashidi;27;500000.0;Innenverteidiger;Reservebank
1023748;Kuwait;Al-Shabab Riad;Musaed Neda;27;500000.0;Innenverteidiger;Reservebank
1023748;Kuwait;;Fahed Al-Ansari;23;500000.0;Defensives Mittelfeld;Reservebank
1023748;Kuwait;;Adel Al Shammari;24;500000.0;Zentrales Mittelfeld;Reservebank
1023748;Kuwait;;Abdullah Al Shamali;24;500000.0;Sturm;Reservebank
1023748;Kuwait;;Hamad Al Enezi;24;500000.0;Sturm;Reservebank
1023748;Kuwait;;Saleh Sheikh Al Hendi;28;500000.0;Rechtsaußen;Reservebank
1023748;Kuwait;;Khaled Khalaf;27;500000.0;Mittelstürmer;Reservebank
