GameId;team;club;name;age;value;position;role
1023761;Australien;FC Fulham;Mark Schwarzer;38;4000000.0;Torwart;Startaufstellung
1023761;Australien;Seongnam FC;Sasa Ognenovski;31;1500000.0;Innenverteidiger;Startaufstellung
1023761;Australien;Galatasaray Istanbul;Lucas Neill;32;5000000.0;Innenverteidiger;Startaufstellung
1023761;Australien;Brisbane Roar;Matt McKay;28;500000.0;Linker Verteidiger;Startaufstellung
1023761;Australien;Wellington Phoenix;Jade North;29;800000.0;Rechter Verteidiger;Startaufstellung
1023761;Australien;Genclerbirligi Ankara;Mile Jedinak;26;2500000.0;Zentrales Mittelfeld;Startaufstellung
1023761;Australien;US Sassuolo;Carl Valeri;26;1400000.0;Zentrales Mittelfeld;Startaufstellung
1023761;Australien;FC Everton;Tim Cahill;31;16000000.0;Offensives Mittelfeld;Startaufstellung
1023761;Australien;AZ Alkmaar;Brett Holman;26;2600000.0;Linksaußen;Startaufstellung
1023761;Australien;Blackburn Rovers;Brett Emerton;31;3500000.0;Rechtsaußen;Startaufstellung
1023761;Australien;Galatasaray Istanbul;Harry Kewell;32;8000000.0;Mittelstürmer;Startaufstellung
1023761;Bahrain;;Mahmood Abdullah;21;125000.0;Torwart;Startaufstellung
1023761;Bahrain;Al Sailiya Sport Club;Abdulla Al Marzooqi;30;600000.0;Innenverteidiger;Startaufstellung
1023761;Bahrain;Al-Muharraq SC;Ebrahim Al Mishkhas;30;175000.0;Innenverteidiger;Startaufstellung
1023761;Bahrain;Al Arabi Sports Club;Salman Isa;33;300000.0;Linker Verteidiger;Startaufstellung
1023761;Bahrain;Neuchâtel Xamax;Abdulla Omar;24;650000.0;Rechter Verteidiger;Startaufstellung
1023761;Bahrain;Al-Riffa SC;Hamad Rakea Al Anezi;26;200000.0;Defensives Mittelfeld;Startaufstellung
1023761;Bahrain;;Ali Abdulwahab Al Safi;23;150000.0;Defensives Mittelfeld;Startaufstellung
1023761;Bahrain;Al-Muharraq SC;Mahmoud Abdulrahman;26;550000.0;Offensives Mittelfeld;Startaufstellung
1023761;Bahrain;Al Qadisiyah FC;Abdulla Fatadi;25;200000.0;Linksaußen;Startaufstellung
1023761;Bahrain;Al-Hala;Ismaeel Abdulatif;24;450000.0;Rechtsaußen;Startaufstellung
1023761;Bahrain;Eskisehirspor;Jaycee John;25;1300000.0;Mittelstürmer;Startaufstellung
1023761;Australien;FC Liverpool;Brad Jones;28;1500000.0;Torwart;Reservebank
1023761;Australien;SönderjyskE;Nathan Coe;26;400000.0;Torwart;Reservebank
1023761;Australien;Urawa Red Diamonds;Matthew Spiranovic;22;550000.0;Innenverteidiger;Reservebank
1023761;Australien;Al-Nasr Riad;Jonny McKain;28;500000.0;Innenverteidiger;Reservebank
1023761;Australien;Dinamo Moskau;Luke Wilkshire;29;5000000.0;Rechter Verteidiger;Reservebank
1023761;Australien;Leeds United;Neil Kilkenny;25;1000000.0;Defensives Mittelfeld;Reservebank
1023761;Australien;Gold Coast United;Jason Culina;30;1500000.0;Zentrales Mittelfeld;Reservebank
1023761;Australien;FC Utrecht;Tommy Oar;19;700000.0;Linksaußen;Reservebank
1023761;Australien;FC Blackpool;David Carney;27;750000.0;Linksaußen;Reservebank
1023761;Australien;Melbourne Victory;Robbie Kruse;22;750000.0;Linksaußen;Reservebank
1023761;Australien;AEK Athen;Nathan Burns;22;1000000.0;Mittelstürmer;Reservebank
1023761;Australien;FC Middlesbrough;Scott McDonald;27;3500000.0;Mittelstürmer;Reservebank
1023761;Bahrain;;Ahmad Mushaima;28;100000.0;Torwart;Reservebank
1023761;Bahrain;Al-Ahli Manama;Abbas Khamis;27;125000.0;Torwart;Reservebank
1023761;Bahrain;;Saleh Abdulhamid Mahmeedi;27;100000.0;Abwehr;Reservebank
1023761;Bahrain;Manama Club;Dawood Saad;24;175000.0;Abwehr;Reservebank
1023761;Bahrain;;Husain Ali Baba;28;100000.0;Innenverteidiger;Reservebank
1023761;Bahrain;;Rashed Al Hooti;21;150000.0;Linker Verteidiger;Reservebank
1023761;Bahrain;;Abbas Ayyad;23;150000.0;Rechter Verteidiger;Reservebank
1023761;Bahrain;;Mahmood Al Ajmi;23;100000.0;Zentrales Mittelfeld;Reservebank
1023761;Bahrain;Al-Muharraq SC;Mohammed Salmeen;30;750000.0;Zentrales Mittelfeld;Reservebank
1023761;Bahrain;Al Sailiya Sport Club;Faouzi Aaish;25;500000.0;Linkes Mittelfeld;Reservebank
1023761;Bahrain;;Abdulwahab Al Malood;20;125000.0;Sturm;Reservebank
1023761;Bahrain;;Abdulla Al Dakeel;25;200000.0;Sturm;Reservebank
