GameId;team;club;name;age;value;position;role
1023745;Südkorea;Suwon Samsung Bluewings FC;Sung-Ryong Jung;26;1200000.0;Torwart;Startaufstellung
1023745;Südkorea;Al Sadd Sports Club;Jeong-su Lee;31;1000000.0;Innenverteidiger;Startaufstellung
1023745;Südkorea;Ulsan Hyundai;Tae-heui Kwak;29;850000.0;Innenverteidiger;Startaufstellung
1023745;Südkorea;Al-Hilal Riad;Young-Pyo Lee;33;1500000.0;Linker Verteidiger;Startaufstellung
1023745;Südkorea;Celtic Glasgow;Du-Ri Cha;30;1250000.0;Rechter Verteidiger;Startaufstellung
1023745;Südkorea;Suwon Samsung Bluewings FC;Yong-rae Lee;24;800000.0;Defensives Mittelfeld;Startaufstellung
1023745;Südkorea;Celtic Glasgow;Sung-Yong Ki;21;3500000.0;Defensives Mittelfeld;Startaufstellung
1023745;Südkorea;Manchester United;Ji-Sung Park;29;12000000.0;Offensives Mittelfeld;Startaufstellung
1023745;Südkorea;Jeju United FC;Ja-Cheol Koo;21;1000000.0;Linksaußen;Startaufstellung
1023745;Südkorea;Bolton Wanderers;Chung-Yong Lee;22;4000000.0;Rechtsaußen;Startaufstellung
1023745;Südkorea;Jeonnam Dragons FC;Dong-Won Ji;19;900000.0;Mittelstürmer;Startaufstellung
1023745;Bahrain;;Mahmood Abdullah;21;125000.0;Torwart;Startaufstellung
1023745;Bahrain;Al Sailiya Sport Club;Abdulla Al Marzooqi;30;600000.0;Innenverteidiger;Startaufstellung
1023745;Bahrain;Al-Muharraq SC;Ebrahim Al Mishkhas;30;175000.0;Innenverteidiger;Startaufstellung
1023745;Bahrain;;Rashed Al Hooti;21;150000.0;Linker Verteidiger;Startaufstellung
1023745;Bahrain;Neuchâtel Xamax;Abdulla Omar;24;650000.0;Rechter Verteidiger;Startaufstellung
1023745;Bahrain;;Husain Ali Baba;28;125000.0;Defensives Mittelfeld;Startaufstellung
1023745;Bahrain;Al Sailiya Sport Club;Faouzi Aaish;25;500000.0;Offensives Mittelfeld;Startaufstellung
1023745;Bahrain;Al Qadisiyah FC;Abdulla Fatadi;25;200000.0;Offensives Mittelfeld;Startaufstellung
1023745;Bahrain;Al-Muharraq SC;Mahmoud Abdulrahman;26;550000.0;Linksaußen;Startaufstellung
1023745;Bahrain;Al-Hala;Ismaeel Abdulatif;24;450000.0;Rechtsaußen;Startaufstellung
1023745;Bahrain;Eskisehirspor;Jaycee John;25;1300000.0;Mittelstürmer;Startaufstellung
1023745;Südkorea;FC Seoul;Yong-dae Kim;31;900000.0;Torwart;Reservebank
1023745;Südkorea;Cerezo Osaka;Jin-Hyeon Kim;23;650000.0;Torwart;Reservebank
1023745;Südkorea;Suwon Samsung Bluewings FC;Jae-won Hwang;29;500000.0;Innenverteidiger;Reservebank
1023745;Südkorea;Al Rayyan Sports Club;Yong-hyeong Jo;27;1000000.0;Innenverteidiger;Reservebank
1023745;Südkorea;Jeju United FC;Jeong-ho Hong;21;800000.0;Innenverteidiger;Reservebank
1023745;Südkorea;Sangju Sangmu Phoenix FC;Hyo-jin Choi;27;1200000.0;Rechter Verteidiger;Reservebank
1023745;Südkorea;Gyeongnam FC;Bit-garam Yun;20;1000000.0;Zentrales Mittelfeld;Reservebank
1023745;Südkorea;Suwon Samsung Bluewings FC;Ki-hun Yeom;27;750000.0;Linksaußen;Reservebank
1023745;Südkorea;Hamburger SV;Heung-Min Son;18;1500000.0;Linksaußen;Reservebank
1023745;Südkorea;Incheon United FC;Byeong-su Yu;22;2000000.0;Mittelstürmer;Reservebank
1023745;Südkorea;;Shin-uk Kim;22;700000.0;Mittelstürmer;Reservebank
1023745;Bahrain;Al-Riffa SC;Hamad Rakea Al Anezi;26;200000.0;Abwehr;Reservebank
1023745;Bahrain;;Abbas Ayyad;23;150000.0;Rechter Verteidiger;Reservebank
1023745;Bahrain;;Abdulla Al Dakeel;25;200000.0;Sturm;Reservebank
