GameId;team;club;name;age;value;position;role
1023741;Kuwait;;Nawaf Khaled Al Khaldi;29;500000.0;Torwart;Startaufstellung
1023741;Kuwait;;Amer Al Fadel;22;500000.0;Abwehr;Startaufstellung
1023741;Kuwait;Al-Shabab Riad;Musaed Neda;27;500000.0;Innenverteidiger;Startaufstellung
1023741;Kuwait;;Hussain Fadhel Ali;26;500000.0;Innenverteidiger;Startaufstellung
1023741;Kuwait;;Yaqoub Al Taher;27;500000.0;Rechter Verteidiger;Startaufstellung
1023741;Kuwait;;Talal Al Amer;23;500000.0;Mittelfeld;Startaufstellung
1023741;Kuwait;;Jarah Al Ataiqi;29;500000.0;Mittelfeld;Startaufstellung
1023741;Kuwait;;Fahad Al Enezi;22;500000.0;Mittelfeld;Startaufstellung
1023741;Kuwait;;Yousef Naser Al Sulaiman;20;500000.0;Mittelfeld;Startaufstellung
1023741;Kuwait;Al-Kuwait Sports Club;Waleed Ali Hussein Jumah;30;500000.0;Linksaußen;Startaufstellung
1023741;Kuwait;Al-Nasr Riad;Bader Al Mutwa;25;500000.0;Mittelstürmer;Startaufstellung
1023741;China;Beijing Guoan;Zhi Yang;27;400000.0;Torwart;Startaufstellung
1023741;China;Hangzhou Greentown;Wei Du;28;1500000.0;Innenverteidiger;Startaufstellung
1023741;China;Henan Jianye;Peng Zhao;27;150000.0;Innenverteidiger;Startaufstellung
1023741;China;Hangzhou Greentown;Hao Rong;23;150000.0;Linker Verteidiger;Startaufstellung
1023741;China;Guangzhou Evergrande;Linpeng Zhang;21;150000.0;Rechter Verteidiger;Startaufstellung
1023741;China;Guangzhou Evergrande;Hao Yang;27;150000.0;Defensives Mittelfeld;Startaufstellung
1023741;China;Shaanxi Chanba;Xuri Zhao;25;150000.0;Defensives Mittelfeld;Startaufstellung
1023741;China;Shaanxi Chanba;Hai Yu;23;225000.0;Linkes Mittelfeld;Startaufstellung
1023741;China;Shandong Luneng Taishan;Zhuoxiang Deng;22;150000.0;Offensives Mittelfeld;Startaufstellung
1023741;China;Shaanxi Chanba;Bo Qu;29;150000.0;Rechtsaußen;Startaufstellung
1023741;China;Liaoning FC;Xu Yang;22;150000.0;Mittelstürmer;Startaufstellung
1023741;Kuwait;Al-Arabi Sporting Club;Khaled Al Rashidi;23;500000.0;Torwart;Reservebank
1023741;Kuwait;;Hameed Youssef;23;500000.0;Torwart;Reservebank
1023741;Kuwait;;Ali Al Maqseed;24;500000.0;Abwehr;Reservebank
1023741;Kuwait;;Mohammad Rashed Sinad Al Fadhli;23;500000.0;Abwehr;Reservebank
1023741;Kuwait;;Fahad Awadh Shaheen;25;500000.0;Linker Verteidiger;Reservebank
1023741;Kuwait;;Fahed Al-Ansari;23;500000.0;Defensives Mittelfeld;Reservebank
1023741;Kuwait;;Adel Al Shammari;24;500000.0;Zentrales Mittelfeld;Reservebank
1023741;Kuwait;;Ebrahim Saleh;24;500000.0;Rechtes Mittelfeld;Reservebank
1023741;Kuwait;;Abdullah Al Shamali;24;500000.0;Sturm;Reservebank
1023741;Kuwait;;Hamad Al Enezi;24;500000.0;Sturm;Reservebank
1023741;Kuwait;;Saleh Sheikh Al Hendi;28;500000.0;Rechtsaußen;Reservebank
1023741;Kuwait;;Khaled Khalaf;27;500000.0;Mittelstürmer;Reservebank
1023741;Kuwait;;Fahad Al Hamad;27;500000.0;Mittelstürmer;Reservebank
1023741;China;Jiangsu Sainty;Zhen Guan;25;150000.0;Torwart;Reservebank
1023741;China;Henan Jianye;Cheng Zeng;24;150000.0;Torwart;Reservebank
1023741;China;Chengdu Tiancheng;Jianbin Li;21;150000.0;Innenverteidiger;Reservebank
1023741;China;Shandong Luneng Taishan;Qiang Wang;28;150000.0;Innenverteidiger;Reservebank
1023741;China;Dalian Shide;Xuepeng Li;22;150000.0;Linker Verteidiger;Reservebank
1023741;China;Beijing Guoan;Bowen Huang;23;150000.0;Defensives Mittelfeld;Reservebank
1023741;China;Jiangsu Sainty;Jianye Liu;23;150000.0;Defensives Mittelfeld;Reservebank
1023741;China;Shanghai Shenhua;Tao Yu;29;150000.0;Defensives Mittelfeld;Reservebank
1023741;China;Shandong Luneng Taishan;Haibin Zhou;25;500000.0;Defensives Mittelfeld;Reservebank
1023741;China;FC Schalke 04;Junmin Hao;23;1500000.0;Zentrales Mittelfeld;Reservebank
1023741;China;Hangzhou Greentown;Song Wang;27;150000.0;Offensives Mittelfeld;Reservebank
1023741;China;Guangzhou Evergrande;Lin Gao;24;150000.0;Mittelstürmer;Reservebank
