GameId;team;club;name;age;value;position;role
1023752;Australien;FC Fulham;Mark Schwarzer;38;4000000.0;Torwart;Startaufstellung
1023752;Australien;Seongnam FC;Sasa Ognenovski;31;1500000.0;Innenverteidiger;Startaufstellung
1023752;Australien;Galatasaray Istanbul;Lucas Neill;32;5000000.0;Innenverteidiger;Startaufstellung
1023752;Australien;FC Blackpool;David Carney;27;750000.0;Linker Verteidiger;Startaufstellung
1023752;Australien;Dinamo Moskau;Luke Wilkshire;29;5000000.0;Rechter Verteidiger;Startaufstellung
1023752;Australien;Genclerbirligi Ankara;Mile Jedinak;26;2500000.0;Zentrales Mittelfeld;Startaufstellung
1023752;Australien;Gold Coast United;Jason Culina;30;1500000.0;Zentrales Mittelfeld;Startaufstellung
1023752;Australien;Blackburn Rovers;Brett Emerton;31;3500000.0;Rechtes Mittelfeld;Startaufstellung
1023752;Australien;FC Everton;Tim Cahill;31;16000000.0;Offensives Mittelfeld;Startaufstellung
1023752;Australien;AZ Alkmaar;Brett Holman;26;2800000.0;Linksaußen;Startaufstellung
1023752;Australien;Galatasaray Istanbul;Harry Kewell;32;8000000.0;Mittelstürmer;Startaufstellung
1023752;Südkorea;Suwon Samsung Bluewings FC;Sung-Ryong Jung;26;1200000.0;Torwart;Startaufstellung
1023752;Südkorea;Suwon Samsung Bluewings FC;Jae-won Hwang;29;500000.0;Innenverteidiger;Startaufstellung
1023752;Südkorea;Al Sadd Sports Club;Jeong-su Lee;31;1000000.0;Innenverteidiger;Startaufstellung
1023752;Südkorea;Al-Hilal Riad;Young-Pyo Lee;33;1500000.0;Linker Verteidiger;Startaufstellung
1023752;Südkorea;Celtic Glasgow;Du-Ri Cha;30;1250000.0;Rechter Verteidiger;Startaufstellung
1023752;Südkorea;Suwon Samsung Bluewings FC;Yong-rae Lee;24;800000.0;Defensives Mittelfeld;Startaufstellung
1023752;Südkorea;Celtic Glasgow;Sung-Yong Ki;21;3500000.0;Zentrales Mittelfeld;Startaufstellung
1023752;Südkorea;Jeju United FC;Ja-Cheol Koo;21;1000000.0;Offensives Mittelfeld;Startaufstellung
1023752;Südkorea;Manchester United;Ji-Sung Park;29;12000000.0;Linksaußen;Startaufstellung
1023752;Südkorea;Bolton Wanderers;Chung-Yong Lee;22;4000000.0;Rechtsaußen;Startaufstellung
1023752;Südkorea;Jeonnam Dragons FC;Dong-Won Ji;19;900000.0;Mittelstürmer;Startaufstellung
1023752;Australien;FC Liverpool;Brad Jones;28;1500000.0;Torwart;Reservebank
1023752;Australien;SönderjyskE;Nathan Coe;26;400000.0;Torwart;Reservebank
1023752;Australien;Wellington Phoenix;Jade North;29;800000.0;Innenverteidiger;Reservebank
1023752;Australien;Urawa Red Diamonds;Matthew Spiranovic;22;550000.0;Innenverteidiger;Reservebank
1023752;Australien;Leeds United;Neil Kilkenny;25;1000000.0;Defensives Mittelfeld;Reservebank
1023752;Australien;Brisbane Roar;Matt McKay;28;500000.0;Zentrales Mittelfeld;Reservebank
1023752;Australien;US Sassuolo;Carl Valeri;26;1400000.0;Zentrales Mittelfeld;Reservebank
1023752;Australien;FC Utrecht;Tommy Oar;19;700000.0;Linksaußen;Reservebank
1023752;Australien;Melbourne Victory;Robbie Kruse;22;750000.0;Linksaußen;Reservebank
1023752;Australien;AEK Athen;Nathan Burns;22;1000000.0;Mittelstürmer;Reservebank
1023752;Australien;FC Middlesbrough;Scott McDonald;27;3500000.0;Mittelstürmer;Reservebank
1023752;Südkorea;FC Seoul;Yong-dae Kim;31;900000.0;Torwart;Reservebank
1023752;Südkorea;Cerezo Osaka;Jin-Hyeon Kim;23;650000.0;Torwart;Reservebank
1023752;Südkorea;Al Rayyan Sports Club;Yong-hyeong Jo;27;1000000.0;Innenverteidiger;Reservebank
1023752;Südkorea;Ulsan Hyundai;Tae-heui Kwak;29;850000.0;Innenverteidiger;Reservebank
1023752;Südkorea;Jeju United FC;Jeong-ho Hong;21;800000.0;Innenverteidiger;Reservebank
1023752;Südkorea;Sangju Sangmu Phoenix FC;Hyo-jin Choi;27;1200000.0;Rechter Verteidiger;Reservebank
1023752;Südkorea;Gyeongnam FC;Bit-garam Yun;20;1000000.0;Offensives Mittelfeld;Reservebank
1023752;Südkorea;Cerezo Osaka;Bo-Kyung Kim;21;450000.0;Offensives Mittelfeld;Reservebank
1023752;Südkorea;Suwon Samsung Bluewings FC;Ki-hun Yeom;27;750000.0;Linksaußen;Reservebank
1023752;Südkorea;Hamburger SV;Heung-Min Son;18;3000000.0;Linksaußen;Reservebank
1023752;Südkorea;Incheon United FC;Byeong-su Yu;22;2000000.0;Mittelstürmer;Reservebank
1023752;Südkorea;;Shin-uk Kim;22;700000.0;Mittelstürmer;Reservebank
