GameId;team;club;name;age;value;position;role
1023755;Vereinigte Arabische Emirate;;Majed Naser;26;125000.0;Torwart;Startaufstellung
1023755;Vereinigte Arabische Emirate;;Walid Abbas;25;125000.0;Innenverteidiger;Startaufstellung
1023755;Vereinigte Arabische Emirate;Al-Wahda FC Abu Dhabi;Hamdan Al Kamali;21;200000.0;Innenverteidiger;Startaufstellung
1023755;Vereinigte Arabische Emirate;Baniyas SC;Yousef Jaber;25;150000.0;Linker Verteidiger;Startaufstellung
1023755;Vereinigte Arabische Emirate;Al-Jazira (Abu Dhabi);Khalid Sebil;23;150000.0;Rechter Verteidiger;Startaufstellung
1023755;Vereinigte Arabische Emirate;Al-Jazira (Abu Dhabi);Subait Khater;30;400000.0;Defensives Mittelfeld;Startaufstellung
1023755;Vereinigte Arabische Emirate;;Amer Abdulrahman;21;200000.0;Zentrales Mittelfeld;Startaufstellung
1023755;Vereinigte Arabische Emirate;;Ali Al Wehaibi;27;200000.0;Rechtes Mittelfeld;Startaufstellung
1023755;Vereinigte Arabische Emirate;;Ismail Al Hammadi;22;100000.0;Linksaußen;Startaufstellung
1023755;Vereinigte Arabische Emirate;Al-Wahda FC Abu Dhabi;Ismaeil Matar;27;450000.0;Mittelstürmer;Startaufstellung
1023755;Vereinigte Arabische Emirate;;Ahmed Khalil;19;150000.0;Mittelstürmer;Startaufstellung
1023755;Irak;Erbil SC;Mohammed Kassid;24;100000.0;Torwart;Startaufstellung
1023755;Irak;;Ahmad Ibrahim Khalaf;18;75000.0;Innenverteidiger;Startaufstellung
1023755;Irak;Al-Wakrah Sports Club;Ali Hussein Rehema;25;300000.0;Innenverteidiger;Startaufstellung
1023755;Irak;Qatar Sports Club;Qusay Muneer;29;250000.0;Defensives Mittelfeld;Startaufstellung
1023755;Irak;Erbil SC;Mahdi Kareem;27;500000.0;Rechtes Mittelfeld;Startaufstellung
1023755;Irak;;Samer Saeed;23;150000.0;Rechtes Mittelfeld;Startaufstellung
1023755;Irak;Persija Jakarta;Alaa Abdul-Zahra;23;200000.0;Offensives Mittelfeld;Startaufstellung
1023755;Irak;Al-Wakrah Sports Club;Nashat Akram;26;750000.0;Offensives Mittelfeld;Startaufstellung
1023755;Irak;Esteghlal FC;Hawar Mulla Mohammed;29;450000.0;Linksaußen;Startaufstellung
1023755;Irak;Al Gharafa Sports Club;Younis Mahmoud;27;1500000.0;Mittelstürmer;Startaufstellung
1023755;Irak;Shahin Bushehr FC;Emad Mohammed;28;350000.0;Mittelstürmer;Startaufstellung
1023755;Vereinigte Arabische Emirate;Al-Ahli Dubai Club;Obaid Tawila;31;150000.0;Torwart;Reservebank
1023755;Vereinigte Arabische Emirate;;Ali Khaseif;23;200000.0;Torwart;Reservebank
1023755;Vereinigte Arabische Emirate;Al-Jazira (Abu Dhabi);Abdullah Al Bloushi;23;100000.0;Innenverteidiger;Reservebank
1023755;Vereinigte Arabische Emirate;;Fares Juma;22;100000.0;Innenverteidiger;Reservebank
1023755;Vereinigte Arabische Emirate;;Mohamed Ahmad;21;125000.0;Innenverteidiger;Reservebank
1023755;Vereinigte Arabische Emirate;;Mahmoud Al Hammadi;23;100000.0;Linker Verteidiger;Reservebank
1023755;Vereinigte Arabische Emirate;Al-Ahli Dubai Club;Abdulaziz Hussain;20;175000.0;Rechter Verteidiger;Reservebank
1023755;Vereinigte Arabische Emirate;;Amir Mubarak Al Hammadi;23;150000.0;Zentrales Mittelfeld;Reservebank
1023755;Vereinigte Arabische Emirate;Baniyas SC;Theyab Awana;†21;300000.0;Rechtsaußen;Reservebank
1023755;Vereinigte Arabische Emirate;;Saeed Al Kathiri;22;100000.0;Mittelstürmer;Reservebank
1023755;Vereinigte Arabische Emirate;;Mohamed Al Shehhi;22;100000.0;Mittelstürmer;Reservebank
1023755;Vereinigte Arabische Emirate;;Ahmed Jumaa;25;150000.0;Mittelstürmer;Reservebank
1023755;Irak;Al-Talaba SC;Ali Mutashar;21;75000.0;Torwart;Reservebank
1023755;Irak;Erbil SC;Saad Attiya;23;150000.0;Innenverteidiger;Reservebank
1023755;Irak;;Salam Shakir;24;125000.0;Innenverteidiger;Reservebank
1023755;Irak;Konyaspor;Bassim Abbas;28;400000.0;Linker Verteidiger;Reservebank
1023755;Irak;Al-Shorta SC;Mohammed Ali Karim;24;250000.0;Rechter Verteidiger;Reservebank
1023755;Irak;Al-Zawraa;Muayad Khalid;23;100000.0;Rechter Verteidiger;Reservebank
1023755;Irak;Erbil SC;Ahmad Ayad;19;100000.0;Mittelfeld;Reservebank
1023755;Irak;Al-Quwa Al-Jawiya;Muthana Khalid;21;75000.0;Defensives Mittelfeld;Reservebank
1023755;Irak;;Samer Saeed;23;150000.0;Rechtes Mittelfeld;Reservebank
1023755;Irak;Tractor Sazi FC;Karrar Jassim;23;150000.0;Offensives Mittelfeld;Reservebank
1023755;Irak;Safa Beirut SC;Salih Sadir;29;200000.0;Offensives Mittelfeld;Reservebank
1023755;Irak;Baniyas SC;Mustafa Kareem;23;600000.0;Mittelstürmer;Reservebank
