GameId;team;club;name;age;value;position;role
1023753;Bahrain;;Mahmood Abdullah;21;125000.0;Torwart;Startaufstellung
1023753;Bahrain;Al Sailiya Sport Club;Abdulla Al Marzooqi;30;600000.0;Innenverteidiger;Startaufstellung
1023753;Bahrain;Al-Muharraq SC;Ebrahim Al Mishkhas;30;175000.0;Innenverteidiger;Startaufstellung
1023753;Bahrain;Al Arabi Sports Club;Salman Isa;33;300000.0;Linker Verteidiger;Startaufstellung
1023753;Bahrain;Neuchâtel Xamax;Abdulla Omar;24;650000.0;Rechter Verteidiger;Startaufstellung
1023753;Bahrain;Al-Riffa SC;Hamad Rakea Al Anezi;26;200000.0;Defensives Mittelfeld;Startaufstellung
1023753;Bahrain;;Ali Abdulwahab Al Safi;23;150000.0;Defensives Mittelfeld;Startaufstellung
1023753;Bahrain;;Abdulla Al Dakeel;25;200000.0;Offensives Mittelfeld;Startaufstellung
1023753;Bahrain;Al Sailiya Sport Club;Faouzi Aaish;25;500000.0;Linksaußen;Startaufstellung
1023753;Bahrain;Al-Hala;Ismaeel Abdulatif;24;450000.0;Rechtsaußen;Startaufstellung
1023753;Bahrain;Eskisehirspor;Jaycee John;25;1300000.0;Mittelstürmer;Startaufstellung
1023753;Indien;Pune FC;Subrata Pal;24;100000.0;Torwart;Startaufstellung
1023753;Indien;Mohun Bagan AC;Anwar Ali;26;50000.0;Innenverteidiger;Startaufstellung
1023753;Indien;Churchill Brothers SC;Gouramangi Singh;24;100000.0;Innenverteidiger;Startaufstellung
1023753;Indien;East Bengal FC;Syed Nabi;25;75000.0;Linker Verteidiger;Startaufstellung
1023753;Indien;Mohun Bagan AC;Surkumar Singh;27;100000.0;Rechter Verteidiger;Startaufstellung
1023753;Indien;Dempo SC;Climax Lawrence;31;100000.0;Zentrales Mittelfeld;Startaufstellung
1023753;Indien;Viva Kerala FC;Pappachen Pradeep;27;100000.0;Zentrales Mittelfeld;Startaufstellung
1023753;Indien;Churchill Brothers SC;Steven Dias;27;100000.0;Rechtes Mittelfeld;Startaufstellung
1023753;Indien;United Sikkim FC;Renedy Singh;31;100000.0;Linkes Mittelfeld;Startaufstellung
1023753;Indien;Sporting Kansas City;Sunil Chhetri;26;125000.0;Mittelstürmer;Startaufstellung
1023753;Indien;Mumbai FC;Abhishek Yadav;30;50000.0;Mittelstürmer;Startaufstellung
1023753;Bahrain;;Ahmad Mushaima;28;100000.0;Torwart;Reservebank
1023753;Bahrain;Al-Ahli Manama;Abbas Khamis;27;125000.0;Torwart;Reservebank
1023753;Bahrain;;Saleh Abdulhamid Mahmeedi;27;100000.0;Abwehr;Reservebank
1023753;Bahrain;Manama Club;Dawood Saad;24;175000.0;Abwehr;Reservebank
1023753;Bahrain;;Husain Ali Baba;28;100000.0;Innenverteidiger;Reservebank
1023753;Bahrain;;Rashed Al Hooti;21;150000.0;Linker Verteidiger;Reservebank
1023753;Bahrain;;Abbas Ayyad;23;150000.0;Rechter Verteidiger;Reservebank
1023753;Bahrain;;Mahmood Al Ajmi;23;100000.0;Zentrales Mittelfeld;Reservebank
1023753;Bahrain;Al-Muharraq SC;Mohammed Salmeen;30;750000.0;Zentrales Mittelfeld;Reservebank
1023753;Bahrain;Al-Muharraq SC;Mahmoud Abdulrahman;26;550000.0;Linkes Mittelfeld;Reservebank
1023753;Bahrain;Al Qadisiyah FC;Abdulla Fatadi;25;200000.0;Offensives Mittelfeld;Reservebank
1023753;Bahrain;;Abdulwahab Al Malood;20;125000.0;Sturm;Reservebank
1023753;Indien;Dempo SC;Subhasish Roy Chowdhury;24;25000.0;Torwart;Reservebank
1023753;Indien;AIFF XI;Gurpreet Singh Sandhu;18;25000.0;Torwart;Reservebank
1023753;Indien;;Rakesh Masih;23;25000.0;Abwehr;Reservebank
1023753;Indien;Mohun Bagan AC;Shivananju Manju;23;75000.0;Abwehr;Reservebank
1023753;Indien;Mohun Bagan AC;Deepak Mondal;31;50000.0;Innenverteidiger;Reservebank
1023753;Indien;Salgaocar SC Goa;Govin Singh;23;25000.0;Innenverteidiger;Reservebank
1023753;Indien;Dempo SC;Mahesh Gawli;30;100000.0;Innenverteidiger;Reservebank
1023753;Indien;East Bengal FC;Mehrajuddin Wadoo;26;75000.0;Rechter Verteidiger;Reservebank
1023753;Indien;Salgaocar SC Goa;Baldeep Singh;24;25000.0;Defensives Mittelfeld;Reservebank
1023753;Indien;;Clifford Miranda;28;50000.0;Offensives Mittelfeld;Reservebank
1023753;Indien;East Bengal FC;Baichung Bhutia;34;75000.0;Mittelstürmer;Reservebank
1023753;Indien;East Bengal FC;Sushil Kumar Singh;21;50000.0;Mittelstürmer;Reservebank
