GameId;team;club;name;age;value;position;role
1023744;Indien;Pune FC;Subrata Pal;24;100000.0;Torwart;Startaufstellung
1023744;Indien;Mohun Bagan AC;Anwar Ali;26;50000.0;Innenverteidiger;Startaufstellung
1023744;Indien;Churchill Brothers SC;Gouramangi Singh;24;100000.0;Innenverteidiger;Startaufstellung
1023744;Indien;Mohun Bagan AC;Deepak Mondal;31;50000.0;Linker Verteidiger;Startaufstellung
1023744;Indien;Mohun Bagan AC;Surkumar Singh;27;100000.0;Rechter Verteidiger;Startaufstellung
1023744;Indien;Dempo SC;Climax Lawrence;31;100000.0;Zentrales Mittelfeld;Startaufstellung
1023744;Indien;Viva Kerala FC;Pappachen Pradeep;27;100000.0;Zentrales Mittelfeld;Startaufstellung
1023744;Indien;Churchill Brothers SC;Steven Dias;27;100000.0;Rechtes Mittelfeld;Startaufstellung
1023744;Indien;East Bengal FC;Syed Nabi;25;75000.0;Linkes Mittelfeld;Startaufstellung
1023744;Indien;Sporting Kansas City;Sunil Chhetri;26;125000.0;Mittelstürmer;Startaufstellung
1023744;Indien;East Bengal FC;Sushil Kumar Singh;21;50000.0;Mittelstürmer;Startaufstellung
1023744;Australien;FC Fulham;Mark Schwarzer;38;4000000.0;Torwart;Startaufstellung
1023744;Australien;Seongnam FC;Sasa Ognenovski;31;1500000.0;Innenverteidiger;Startaufstellung
1023744;Australien;Galatasaray Istanbul;Lucas Neill;32;5000000.0;Innenverteidiger;Startaufstellung
1023744;Australien;FC Blackpool;David Carney;27;750000.0;Linker Verteidiger;Startaufstellung
1023744;Australien;Dinamo Moskau;Luke Wilkshire;29;5000000.0;Rechter Verteidiger;Startaufstellung
1023744;Australien;Genclerbirligi Ankara;Mile Jedinak;26;2500000.0;Zentrales Mittelfeld;Startaufstellung
1023744;Australien;Gold Coast United;Jason Culina;30;1500000.0;Zentrales Mittelfeld;Startaufstellung
1023744;Australien;Blackburn Rovers;Brett Emerton;31;3500000.0;Rechtes Mittelfeld;Startaufstellung
1023744;Australien;FC Everton;Tim Cahill;31;16000000.0;Offensives Mittelfeld;Startaufstellung
1023744;Australien;AZ Alkmaar;Brett Holman;26;2800000.0;Linksaußen;Startaufstellung
1023744;Australien;Galatasaray Istanbul;Harry Kewell;32;8000000.0;Mittelstürmer;Startaufstellung
1023744;Indien;Dempo SC;Subhasish Roy Chowdhury;24;25000.0;Torwart;Reservebank
1023744;Indien;AIFF XI;Gurpreet Singh Sandhu;18;25000.0;Torwart;Reservebank
1023744;Indien;;Rakesh Masih;23;25000.0;Abwehr;Reservebank
1023744;Indien;Mohun Bagan AC;Shivananju Manju;23;75000.0;Abwehr;Reservebank
1023744;Indien;Salgaocar SC Goa;Govin Singh;23;25000.0;Innenverteidiger;Reservebank
1023744;Indien;Dempo SC;Mahesh Gawli;30;100000.0;Innenverteidiger;Reservebank
1023744;Indien;East Bengal FC;Mehrajuddin Wadoo;26;75000.0;Rechter Verteidiger;Reservebank
1023744;Indien;Salgaocar SC Goa;Baldeep Singh;23;25000.0;Defensives Mittelfeld;Reservebank
1023744;Indien;United Sikkim FC;Renedy Singh;31;100000.0;Linkes Mittelfeld;Reservebank
1023744;Indien;;Clifford Miranda;28;50000.0;Offensives Mittelfeld;Reservebank
1023744;Indien;Mumbai FC;Abhishek Yadav;30;50000.0;Mittelstürmer;Reservebank
1023744;Indien;East Bengal FC;Baichung Bhutia;34;75000.0;Mittelstürmer;Reservebank
1023744;Australien;FC Liverpool;Brad Jones;28;1500000.0;Torwart;Reservebank
1023744;Australien;SönderjyskE;Nathan Coe;26;400000.0;Torwart;Reservebank
1023744;Australien;Wellington Phoenix;Jade North;29;800000.0;Innenverteidiger;Reservebank
1023744;Australien;Urawa Red Diamonds;Matthew Spiranovic;22;550000.0;Innenverteidiger;Reservebank
1023744;Australien;Al-Nasr Riad;Jonny McKain;28;500000.0;Innenverteidiger;Reservebank
1023744;Australien;Leeds United;Neil Kilkenny;25;1000000.0;Defensives Mittelfeld;Reservebank
1023744;Australien;Brisbane Roar;Matt McKay;27;500000.0;Zentrales Mittelfeld;Reservebank
1023744;Australien;US Sassuolo;Carl Valeri;26;1400000.0;Zentrales Mittelfeld;Reservebank
1023744;Australien;FC Utrecht;Tommy Oar;19;700000.0;Linksaußen;Reservebank
1023744;Australien;Melbourne Victory;Robbie Kruse;22;750000.0;Linksaußen;Reservebank
1023744;Australien;AEK Athen;Nathan Burns;22;1000000.0;Mittelstürmer;Reservebank
1023744;Australien;FC Middlesbrough;Scott McDonald;27;3500000.0;Mittelstürmer;Reservebank
