GameId;team;club;name;age;value;position;role
1026846;Uruguay;Lazio Rom;Fernando Muslera;24;7500000.0;Torwart;Startaufstellung
1026846;Uruguay;Fenerbahce Istanbul;Diego Lugano;29;10500000.0;Innenverteidiger;Startaufstellung
1026846;Uruguay;FC Villarreal;Diego Godín;24;12000000.0;Innenverteidiger;Startaufstellung
1026846;Uruguay;FC Porto;Jorge Fucile;25;5200000.0;Linker Verteidiger;Startaufstellung
1026846;Uruguay;Benfica Lissabon;Maxi Pereira;26;5200000.0;Rechter Verteidiger;Startaufstellung
1026846;Uruguay;CA Peñarol;Egidio Arévalo Ríos;28;900000.0;Defensives Mittelfeld;Startaufstellung
1026846;Uruguay;AS Monaco;Diego Pérez;30;2300000.0;Rechtes Mittelfeld;Startaufstellung
1026846;Uruguay;FC Porto;Álvaro Pereira;24;4500000.0;Linkes Mittelfeld;Startaufstellung
1026846;Uruguay;Atlético Madrid;Diego Forlán;31;22000000.0;Offensives Mittelfeld;Startaufstellung
1026846;Uruguay;US Palermo;Edinson Cavani;23;11000000.0;Mittelstürmer;Startaufstellung
1026846;Uruguay;Ajax Amsterdam;Luis Suárez;23;20000000.0;Mittelstürmer;Startaufstellung
1026846;Südkorea;Seongnam FC;Sung-Ryong Jung;25;900000.0;Torwart;Startaufstellung
1026846;Südkorea;Kashima Antlers;Jeong-su Lee;30;2000000.0;Innenverteidiger;Startaufstellung
1026846;Südkorea;Jeju United FC;Yong-hyeong Jo;26;1000000.0;Innenverteidiger;Startaufstellung
1026846;Südkorea;Al-Hilal Riad;Young-Pyo Lee;33;1800000.0;Linker Verteidiger;Startaufstellung
1026846;Südkorea;SC Freiburg;Du-Ri Cha;29;1250000.0;Rechter Verteidiger;Startaufstellung
1026846;Südkorea;Celtic Glasgow;Sung-Yong Ki;21;3000000.0;Zentrales Mittelfeld;Startaufstellung
1026846;Südkorea;Sangju Sangmu Phoenix FC;Jung-Woo Kim;28;1750000.0;Zentrales Mittelfeld;Startaufstellung
1026846;Südkorea;FC Pohang Steelers;Jae-seong Kim;26;1000000.0;Offensives Mittelfeld;Startaufstellung
1026846;Südkorea;Manchester United;Ji-Sung Park;29;11500000.0;Linksaußen;Startaufstellung
1026846;Südkorea;Bolton Wanderers;Chung-Yong Lee;21;3000000.0;Rechtsaußen;Startaufstellung
1026846;Südkorea;AS Monaco;Ju-yeong Park;24;5200000.0;Mittelstürmer;Startaufstellung
1026846;Uruguay;Deportivo Cali;Juan Castillo;32;750000.0;Torwart;Reservebank
1026846;Uruguay;Defensor Sporting Club;Martín Silva;27;800000.0;Torwart;Reservebank
1026846;Uruguay;Club Universidad de Chile;Mauricio Victorino;27;675000.0;Innenverteidiger;Reservebank
1026846;Uruguay;CSD Colo Colo;Andrés Scotti;34;1200000.0;Innenverteidiger;Reservebank
1026846;Uruguay;Juventus Turin;Martín Cáceres;23;7500000.0;Rechter Verteidiger;Reservebank
1026846;Uruguay;SSC Neapel;Walter Gargano;25;7000000.0;Defensives Mittelfeld;Reservebank
1026846;Uruguay;AIK Solna;Sebastián Eguren;29;5000000.0;Defensives Mittelfeld;Reservebank
1026846;Uruguay;Club Universidad de Chile;Álvaro Fernández;24;625000.0;Offensives Mittelfeld;Reservebank
1026846;Uruguay;Ajax Amsterdam;Nicolás Lodeiro;21;1250000.0;Linkes Mittelfeld;Reservebank
1026846;Uruguay;APO Levadiakos;Ignacio González;28;600000.0;Offensives Mittelfeld;Reservebank
1026846;Uruguay;Club Atlético Banfield;Sebastián Fernández;25;2500000.0;Hängende Spitze;Reservebank
1026846;Uruguay;Botafogo Rio de Janeiro;Sebastián Abreu;33;1000000.0;Mittelstürmer;Reservebank
1026846;Südkorea;Suwon Samsung Bluewings FC;Woon-Jae Lee;37;1500000.0;Torwart;Reservebank
1026846;Südkorea;Ulsan Hyundai;Yeong-kwan Kim;26;650000.0;Torwart;Reservebank
1026846;Südkorea;FC Pohang Steelers;Hyeong-il Kim;26;1700000.0;Innenverteidiger;Reservebank
1026846;Südkorea;Suwon Samsung Bluewings FC;Min-su Kang;24;1200000.0;Innenverteidiger;Reservebank
1026846;Südkorea;Ulsan Hyundai;Dong-Jin Kim;28;2000000.0;Linker Verteidiger;Reservebank
1026846;Südkorea;Ulsan Hyundai;Beom-seok Oh;25;2300000.0;Rechter Verteidiger;Reservebank
1026846;Südkorea;Tom Tomsk;Nam-Il Kim;33;400000.0;Defensives Mittelfeld;Reservebank
1026846;Südkorea;Oita Trinita;Bo-Kyung Kim;20;300000.0;Offensives Mittelfeld;Reservebank
1026846;Südkorea;Suwon Samsung Bluewings FC;Ki-hun Yeom;27;750000.0;Linksaußen;Reservebank
1026846;Südkorea;FC Seoul;Seung-Yeoul Lee;21;250000.0;Mittelstürmer;Reservebank
1026846;Südkorea;Jeonbuk Hyundai Motors FC;Dong-guk Lee;31;600000.0;Mittelstürmer;Reservebank
1026846;Südkorea;Dalian Shide;Jung-Hwan Ahn;34;300000.0;Mittelstürmer;Reservebank
