GameId;team;club;name;age;value;position;role
1026847;Argentinien;AZ Alkmaar;Sergio Romero;23;6000000.0;Torwart;Startaufstellung
1026847;Argentinien;FC Bayern München;Martín Demichelis;29;10000000.0;Innenverteidiger;Startaufstellung
1026847;Argentinien;AS Rom;Nicolás Burdisso;29;7000000.0;Innenverteidiger;Startaufstellung
1026847;Argentinien;Olympique Marseille;Gabriel Heinze;32;6000000.0;Linker Verteidiger;Startaufstellung
1026847;Argentinien;Club Atlético Vélez Sarsfield;Nicolás Otamendi;22;5000000.0;Rechter Verteidiger;Startaufstellung
1026847;Argentinien;FC Liverpool;Javier Mascherano;26;26000000.0;Defensives Mittelfeld;Startaufstellung
1026847;Argentinien;FC Liverpool;Maxi Rodríguez;29;18000000.0;Rechtes Mittelfeld;Startaufstellung
1026847;Argentinien;Benfica Lissabon;Ángel Di María;22;9500000.0;Linkes Mittelfeld;Startaufstellung
1026847;Argentinien;FC Barcelona;Lionel Messi;23;80000000.0;Offensives Mittelfeld;Startaufstellung
1026847;Argentinien;Manchester City;Carlos Tévez;26;30000000.0;Mittelstürmer;Startaufstellung
1026847;Argentinien;Real Madrid;Gonzalo Higuaín;22;32000000.0;Mittelstürmer;Startaufstellung
1026847;Mexiko;Jaguares de Chiapas;Óscar Pérez;37;1000000.0;Torwart;Startaufstellung
1026847;Mexiko;PSV Eindhoven;Maza;28;3500000.0;Innenverteidiger;Startaufstellung
1026847;Mexiko;VfB Stuttgart;Ricardo Osorio;30;2000000.0;Innenverteidiger;Startaufstellung
1026847;Mexiko;PSV Eindhoven;Carlos Salcido;30;4500000.0;Linker Verteidiger;Startaufstellung
1026847;Mexiko;UNAM Pumas;Efraín Juárez;22;2500000.0;Rechter Verteidiger;Startaufstellung
1026847;Mexiko;FC Barcelona;Rafael Márquez;31;9000000.0;Defensives Mittelfeld;Startaufstellung
1026847;Mexiko;CD Cruz Azul;Gerardo Torrado;31;3000000.0;Defensives Mittelfeld;Startaufstellung
1026847;Mexiko;Deportivo La Coruna ;Andrés Guardado;23;12000000.0;Linkes Mittelfeld;Startaufstellung
1026847;Mexiko;Galatasaray Istanbul;Giovani dos Santos;21;4000000.0;Rechtsaußen;Startaufstellung
1026847;Mexiko;Deportivo Guadalajara;Adolfo Bautista;31;1800000.0;Hängende Spitze;Startaufstellung
1026847;Mexiko;Deportivo Guadalajara;Chicharito;22;6000000.0;Mittelstürmer;Startaufstellung
1026847;Argentinien;Club Atlético Colón (Santa Fe);Diego Pozo;32;1600000.0;Torwart;Reservebank
1026847;Argentinien;Catania Calcio;Mariano Andújar;26;4000000.0;Torwart;Reservebank
1026847;Argentinien;FC Internazionale;Wálter Samuel;32;15000000.0;Innenverteidiger;Reservebank
1026847;Argentinien;Club Atlético Colón (Santa Fe);Ariel Garcé;30;1200000.0;Innenverteidiger;Reservebank
1026847;Argentinien;Estudiantes de La Plata;Clemente Rodríguez;28;3500000.0;Linker Verteidiger;Reservebank
1026847;Argentinien;AC Florenz;Mario Bolatti;25;5000000.0;Defensives Mittelfeld;Reservebank
1026847;Argentinien;Estudiantes de La Plata;Juan Sebastián Verón;35;3500000.0;Zentrales Mittelfeld;Reservebank
1026847;Argentinien;Newcastle United;Jonás Gutiérrez;26;8000000.0;Linkes Mittelfeld;Reservebank
1026847;Argentinien;US Palermo;Javier Pastore;21;8500000.0;Rechtsaußen;Reservebank
1026847;Argentinien;Club Atlético Boca Juniors;Martín Palermo;36;3500000.0;Mittelstürmer;Reservebank
1026847;Argentinien;Atlético Madrid;Sergio Agüero;22;36000000.0;Mittelstürmer;Reservebank
1026847;Argentinien;FC Internazionale;Diego Milito;31;28000000.0;Mittelstürmer;Reservebank
1026847;Mexiko;CF América;Guillermo Ochoa;24;8000000.0;Torwart;Reservebank
1026847;Mexiko;Deportivo Guadalajara;Luis Michel;30;3000000.0;Torwart;Reservebank
1026847;Mexiko;AZ Alkmaar;Héctor Moreno;22;4000000.0;Innenverteidiger;Reservebank
1026847;Mexiko;Deportivo Guadalajara;Jonny Magallón;28;2500000.0;Innenverteidiger;Reservebank
1026847;Mexiko;Atlas Guadalajara;Jorge Torres;22;1500000.0;Linker Verteidiger;Reservebank
1026847;Mexiko;CF Pachuca;Paul Aguilar;24;2000000.0;Rechter Verteidiger;Reservebank
1026847;Mexiko;UNAM Pumas;Israel Castro;29;2750000.0;Zentrales Mittelfeld;Reservebank
1026847;Mexiko;Deportivo Guadalajara;Alberto Medina;27;2000000.0;Rechtsaußen;Reservebank
1026847;Mexiko;FC Arsenal;Carlos Vela;21;5000000.0;Rechtsaußen;Reservebank
1026847;Mexiko;UNAM Pumas;Pablo Barrera;23;3500000.0;Hängende Spitze;Reservebank
1026847;Mexiko;Tiburones Rojos de Veracruz;Cuauhtémoc Blanco;37;1000000.0;Hängende Spitze;Reservebank
1026847;Mexiko;West Ham United;Guillermo Franco;33;3500000.0;Mittelstürmer;Reservebank
