GameId;team;club;name;age;value;position;role
1027002;Deutschland;FC Schalke 04;Manuel Neuer;24;18000000.0;Torwart;Startaufstellung
1027002;Deutschland;Hertha BSC;Arne Friedrich;31;6000000.0;Innenverteidiger;Startaufstellung
1027002;Deutschland;SV Werder Bremen;Per Mertesacker;25;15000000.0;Innenverteidiger;Startaufstellung
1027002;Deutschland;Hamburger SV;Jérôme Boateng;21;15000000.0;Linker Verteidiger;Startaufstellung
1027002;Deutschland;FC Bayern München;Philipp Lahm;26;25000000.0;Rechter Verteidiger;Startaufstellung
1027002;Deutschland;FC Bayern München;Bastian Schweinsteiger;25;24000000.0;Defensives Mittelfeld;Startaufstellung
1027002;Deutschland;VfB Stuttgart;Sami Khedira;23;15000000.0;Zentrales Mittelfeld;Startaufstellung
1027002;Deutschland;SV Werder Bremen;Mesut Özil;21;20000000.0;Offensives Mittelfeld;Startaufstellung
1027002;Deutschland;1.FC Köln;Lukas Podolski;25;10000000.0;Linksaußen;Startaufstellung
1027002;Deutschland;FC Bayern München;Thomas Müller;20;10000000.0;Rechtsaußen;Startaufstellung
1027002;Deutschland;FC Bayern München;Miroslav Klose;32;7500000.0;Mittelstürmer;Startaufstellung
1027002;England;FC Portsmouth;David James;39;3000000.0;Torwart;Startaufstellung
1027002;England;West Ham United;Matthew Upson;31;9000000.0;Innenverteidiger;Startaufstellung
1027002;England;FC Chelsea;John Terry;29;35000000.0;Innenverteidiger;Startaufstellung
1027002;England;FC Chelsea;Ashley Cole;29;27000000.0;Linker Verteidiger;Startaufstellung
1027002;England;FC Liverpool;Glen Johnson;25;17000000.0;Rechter Verteidiger;Startaufstellung
1027002;England;Manchester City;Gareth Barry;29;18000000.0;Defensives Mittelfeld;Startaufstellung
1027002;England;FC Chelsea;Frank Lampard;32;45000000.0;Zentrales Mittelfeld;Startaufstellung
1027002;England;Aston Villa;James Milner;24;17000000.0;Rechtes Mittelfeld;Startaufstellung
1027002;England;FC Liverpool;Steven Gerrard;30;50000000.0;Linkes Mittelfeld;Startaufstellung
1027002;England;Manchester United;Wayne Rooney;24;53000000.0;Hängende Spitze;Startaufstellung
1027002;England;Tottenham Hotspur;Jermain Defoe;27;17000000.0;Mittelstürmer;Startaufstellung
1027002;Deutschland;SV Werder Bremen;Tim Wiese;28;10000000.0;Torwart;Reservebank
1027002;Deutschland;FC Bayern München;Hans Jörg Butt;36;2500000.0;Torwart;Reservebank
1027002;Deutschland;FC Bayern München;Holger Badstuber;21;8000000.0;Innenverteidiger;Reservebank
1027002;Deutschland;VfB Stuttgart;Serdar Tasci;23;10000000.0;Innenverteidiger;Reservebank
1027002;Deutschland;Hamburger SV;Marcell Jansen;24;10000000.0;Linker Verteidiger;Reservebank
1027002;Deutschland;Hamburger SV;Dennis Aogo;23;6500000.0;Linker Verteidiger;Reservebank
1027002;Deutschland;Bayer 04 Leverkusen;Toni Kroos;20;12000000.0;Zentrales Mittelfeld;Reservebank
1027002;Deutschland;Hamburger SV;Piotr Trochowski;26;8500000.0;Rechtes Mittelfeld;Reservebank
1027002;Deutschland;SV Werder Bremen;Marko Marin;21;14000000.0;Linksaußen;Reservebank
1027002;Deutschland;Bayer 04 Leverkusen;Stefan Kießling;26;12000000.0;Mittelstürmer;Reservebank
1027002;Deutschland;FC Bayern München;Mario Gómez;24;27500000.0;Mittelstürmer;Reservebank
1027002;England;West Ham United;Robert Green;30;8000000.0;Torwart;Reservebank
1027002;England;Manchester City;Joe Hart;23;7000000.0;Torwart;Reservebank
1027002;England;Tottenham Hotspur;Michael Dawson;26;8000000.0;Innenverteidiger;Reservebank
1027002;England;Aston Villa;Stephen Warnock;28;8500000.0;Linker Verteidiger;Reservebank
1027002;England;Manchester United;Michael Carrick;28;26000000.0;Defensives Mittelfeld;Reservebank
1027002;England;FC Chelsea;Joe Cole;28;21000000.0;Offensives Mittelfeld;Reservebank
1027002;England;Tottenham Hotspur;Aaron Lennon;23;21000000.0;Rechtsaußen;Reservebank
1027002;England;Manchester City;Shaun Wright-Phillips;28;15000000.0;Rechtsaußen;Reservebank
1027002;England;Tottenham Hotspur;Peter Crouch;29;12000000.0;Mittelstürmer;Reservebank
1027002;England;Aston Villa;Emile Heskey;32;5000000.0;Mittelstürmer;Reservebank
