GameId;team;club;name;age;value;position;role
1027750;Argentinien;AZ Alkmaar;Sergio Romero;23;6000000.0;Torwart;Startaufstellung
1027750;Argentinien;FC Bayern München;Martín Demichelis;29;10000000.0;Innenverteidiger;Startaufstellung
1027750;Argentinien;FC Internazionale;Nicolás Burdisso;29;7000000.0;Innenverteidiger;Startaufstellung
1027750;Argentinien;Olympique Marseille;Gabriel Heinze;32;6000000.0;Linker Verteidiger;Startaufstellung
1027750;Argentinien;Club Atlético Vélez Sarsfield;Nicolás Otamendi;22;5000000.0;Rechter Verteidiger;Startaufstellung
1027750;Argentinien;FC Liverpool;Javier Mascherano;26;26000000.0;Defensives Mittelfeld;Startaufstellung
1027750;Argentinien;FC Liverpool;Maxi Rodríguez;29;18000000.0;Rechtes Mittelfeld;Startaufstellung
1027750;Argentinien;Real Madrid;Ángel Di María;22;9500000.0;Linkes Mittelfeld;Startaufstellung
1027750;Argentinien;FC Barcelona;Lionel Messi;23;80000000.0;Offensives Mittelfeld;Startaufstellung
1027750;Argentinien;Manchester City;Carlos Tévez;26;30000000.0;Mittelstürmer;Startaufstellung
1027750;Argentinien;Real Madrid;Gonzalo Higuaín;22;32000000.0;Mittelstürmer;Startaufstellung
1027750;Deutschland;FC Schalke 04;Manuel Neuer;24;18000000.0;Torwart;Startaufstellung
1027750;Deutschland;VfL Wolfsburg;Arne Friedrich;31;6000000.0;Innenverteidiger;Startaufstellung
1027750;Deutschland;SV Werder Bremen;Per Mertesacker;25;15000000.0;Innenverteidiger;Startaufstellung
1027750;Deutschland;Manchester City;Jérôme Boateng;21;15000000.0;Linker Verteidiger;Startaufstellung
1027750;Deutschland;FC Bayern München;Philipp Lahm;26;25000000.0;Rechter Verteidiger;Startaufstellung
1027750;Deutschland;FC Bayern München;Bastian Schweinsteiger;25;24000000.0;Defensives Mittelfeld;Startaufstellung
1027750;Deutschland;VfB Stuttgart;Sami Khedira;23;15000000.0;Zentrales Mittelfeld;Startaufstellung
1027750;Deutschland;SV Werder Bremen;Mesut Özil;21;20000000.0;Offensives Mittelfeld;Startaufstellung
1027750;Deutschland;1.FC Köln;Lukas Podolski;25;10000000.0;Linksaußen;Startaufstellung
1027750;Deutschland;FC Bayern München;Thomas Müller;20;10000000.0;Rechtsaußen;Startaufstellung
1027750;Deutschland;FC Bayern München;Miroslav Klose;32;7500000.0;Mittelstürmer;Startaufstellung
1027750;Argentinien;Club Atlético Colón (Santa Fe);Diego Pozo;32;1600000.0;Torwart;Reservebank
1027750;Argentinien;Catania Calcio;Mariano Andújar;26;4000000.0;Torwart;Reservebank
1027750;Argentinien;FC Internazionale;Wálter Samuel;32;15000000.0;Innenverteidiger;Reservebank
1027750;Argentinien;Club Atlético Colón (Santa Fe);Ariel Garcé;30;1200000.0;Innenverteidiger;Reservebank
1027750;Argentinien;Estudiantes de La Plata;Clemente Rodríguez;28;3500000.0;Linker Verteidiger;Reservebank
1027750;Argentinien;AC Florenz;Mario Bolatti;25;5000000.0;Defensives Mittelfeld;Reservebank
1027750;Argentinien;Estudiantes de La Plata;Juan Sebastián Verón;35;3500000.0;Zentrales Mittelfeld;Reservebank
1027750;Argentinien;Newcastle United;Jonás Gutiérrez;26;8000000.0;Linkes Mittelfeld;Reservebank
1027750;Argentinien;US Palermo;Javier Pastore;21;8500000.0;Offensives Mittelfeld;Reservebank
1027750;Argentinien;Club Atlético Boca Juniors;Martín Palermo;36;3500000.0;Mittelstürmer;Reservebank
1027750;Argentinien;Atlético Madrid;Sergio Agüero;22;36000000.0;Mittelstürmer;Reservebank
1027750;Argentinien;FC Internazionale;Diego Milito;31;28000000.0;Mittelstürmer;Reservebank
1027750;Deutschland;SV Werder Bremen;Tim Wiese;28;10000000.0;Torwart;Reservebank
1027750;Deutschland;FC Bayern München;Hans Jörg Butt;36;2500000.0;Torwart;Reservebank
1027750;Deutschland;FC Bayern München;Holger Badstuber;21;8000000.0;Innenverteidiger;Reservebank
1027750;Deutschland;VfB Stuttgart;Serdar Tasci;23;10000000.0;Innenverteidiger;Reservebank
1027750;Deutschland;Hamburger SV;Marcell Jansen;24;10000000.0;Linker Verteidiger;Reservebank
1027750;Deutschland;Hamburger SV;Dennis Aogo;23;6500000.0;Linker Verteidiger;Reservebank
1027750;Deutschland;FC Bayern München;Toni Kroos;20;12000000.0;Zentrales Mittelfeld;Reservebank
1027750;Deutschland;Hamburger SV;Piotr Trochowski;26;8500000.0;Rechtes Mittelfeld;Reservebank
1027750;Deutschland;SV Werder Bremen;Marko Marin;21;14000000.0;Linksaußen;Reservebank
1027750;Deutschland;Bayer 04 Leverkusen;Stefan Kießling;26;12000000.0;Mittelstürmer;Reservebank
1027750;Deutschland;VfB Stuttgart;Cacau;29;6000000.0;Mittelstürmer;Reservebank
1027750;Deutschland;FC Bayern München;Mario Gómez;24;27500000.0;Mittelstürmer;Reservebank
