GameId;team;club;name;age;value;position;role
1027636;Spanien;Real Madrid;Iker Casillas;29;32000000.0;Torwart;Startaufstellung
1027636;Spanien;FC Barcelona;Gerard Piqué;23;25000000.0;Innenverteidiger;Startaufstellung
1027636;Spanien;FC Barcelona;Carles Puyol;32;28000000.0;Innenverteidiger;Startaufstellung
1027636;Spanien;FC Villarreal;Joan Capdevila;32;10000000.0;Linker Verteidiger;Startaufstellung
1027636;Spanien;Real Madrid;Sergio Ramos;24;27000000.0;Rechter Verteidiger;Startaufstellung
1027636;Spanien;Real Madrid;Xabi Alonso;28;30000000.0;Defensives Mittelfeld;Startaufstellung
1027636;Spanien;FC Barcelona;Sergio Busquets;21;20000000.0;Defensives Mittelfeld;Startaufstellung
1027636;Spanien;FC Barcelona;Xavi;30;65000000.0;Offensives Mittelfeld;Startaufstellung
1027636;Spanien;FC Valencia;David Villa;28;45000000.0;Linksaußen;Startaufstellung
1027636;Spanien;FC Barcelona;Andrés Iniesta;26;60000000.0;Rechtsaußen;Startaufstellung
1027636;Spanien;FC Liverpool;Fernando Torres;26;50000000.0;Mittelstürmer;Startaufstellung
1027636;Portugal;SC Braga;Eduardo;27;7800000.0;Torwart;Startaufstellung
1027636;Portugal;FC Porto;Bruno Alves;28;16500000.0;Innenverteidiger;Startaufstellung
1027636;Portugal;FC Chelsea;Ricardo Carvalho;32;17500000.0;Innenverteidiger;Startaufstellung
1027636;Portugal;Benfica Lissabon;Fábio Coentrão;22;5600000.0;Linker Verteidiger;Startaufstellung
1027636;Portugal;LOSC Lille;Ricardo Costa;29;3500000.0;Rechter Verteidiger;Startaufstellung
1027636;Portugal;Real Madrid;Pepe;27;22000000.0;Defensives Mittelfeld;Startaufstellung
1027636;Portugal;FC Porto;Raúl Meireles;27;10500000.0;Zentrales Mittelfeld;Startaufstellung
1027636;Portugal;Atlético Madrid;Tiago;29;8000000.0;Zentrales Mittelfeld;Startaufstellung
1027636;Portugal;Real Madrid;Cristiano Ronaldo;25;75000000.0;Linksaußen;Startaufstellung
1027636;Portugal;Atlético Madrid;Simão Sabrosa;30;16000000.0;Rechtsaußen;Startaufstellung
1027636;Portugal;SV Werder Bremen;Hugo Almeida;26;7000000.0;Mittelstürmer;Startaufstellung
1027636;Spanien;FC Barcelona;Víctor Valdés;28;18000000.0;Torwart;Reservebank
1027636;Spanien;FC Liverpool;Pepe Reina;27;20000000.0;Torwart;Reservebank
1027636;Spanien;FC Valencia;Carlos Marchena;30;8000000.0;Innenverteidiger;Reservebank
1027636;Spanien;Real Madrid;Álvaro Arbeloa;27;12000000.0;Rechter Verteidiger;Reservebank
1027636;Spanien;Athletic Bilbao;Javi Martínez;21;15000000.0;Defensives Mittelfeld;Reservebank
1027636;Spanien;FC Arsenal;Cesc Fàbregas;23;55000000.0;Zentrales Mittelfeld;Reservebank
1027636;Spanien;FC Valencia;Juan Mata;22;23000000.0;Offensives Mittelfeld;Reservebank
1027636;Spanien;FC Valencia;David Silva;24;32000000.0;Offensives Mittelfeld;Reservebank
1027636;Spanien;FC Barcelona;Pedro;22;14000000.0;Linksaußen;Reservebank
1027636;Spanien;FC Sevilla;Jesús Navas;24;28000000.0;Rechtsaußen;Reservebank
1027636;Spanien;Athletic Bilbao;Fernando Llorente;25;15000000.0;Mittelstürmer;Reservebank
1027636;Portugal;FC Porto;Beto;28;4400000.0;Torwart;Reservebank
1027636;Portugal;Iraklis Thessaloniki;Daniel Fernandes;26;800000.0;Torwart;Reservebank
1027636;Portugal;FC Porto;Rolando;24;8800000.0;Innenverteidiger;Reservebank
1027636;Portugal;FC Chelsea;Paulo Ferreira;31;3000000.0;Rechter Verteidiger;Reservebank
1027636;Portugal;FC Valencia;Miguel;30;7000000.0;Rechter Verteidiger;Reservebank
1027636;Portugal;Sporting Lissabon;Miguel Veloso;24;10500000.0;Defensives Mittelfeld;Reservebank
1027636;Portugal;Sporting Lissabon;Pedro Mendes;31;6500000.0;Defensives Mittelfeld;Reservebank
1027636;Portugal;Zenit St. Petersburg;Danny;26;14500000.0;Offensives Mittelfeld;Reservebank
1027636;Portugal;FC Chelsea;Deco;32;10000000.0;Offensives Mittelfeld;Reservebank
1027636;Portugal;Sporting Lissabon;Liedson;32;12000000.0;Mittelstürmer;Reservebank
