GameId;team;club;name;age;value;position;role
1027049;Paraguay;Real Valladolid;Justo Villar;32;1600000.0;Torwart;Startaufstellung
1027049;Paraguay;FC Brügge;Antolín Alcaraz;27;3000000.0;Innenverteidiger;Startaufstellung
1027049;Paraguay;Olimpia Asunción;Carlos Bonet;32;1500000.0;Rechter Verteidiger;Startaufstellung
1027049;Japan;Kawasaki Frontale;Eiji Kawashima;27;2500000.0;Torwart;Startaufstellung
1027049;Japan;Nagoya Grampus;Tulio;29;5800000.0;Innenverteidiger;Startaufstellung
1027049;Japan;Yokohama F. Marinos;Yuji Nakazawa;32;3500000.0;Innenverteidiger;Startaufstellung
1027049;Japan;FC Tokyo;Yuto Nagatomo;23;2600000.0;Linker Verteidiger;Startaufstellung
1027049;Japan;Júbilo Iwata;Yuichi Komano;28;1500000.0;Rechter Verteidiger;Startaufstellung
1027049;Japan;Urawa Red Diamonds;Yuki Abe;28;2300000.0;Defensives Mittelfeld;Startaufstellung
1027049;Japan;VfL Wolfsburg;Makoto Hasebe;26;4500000.0;Zentrales Mittelfeld;Startaufstellung
1027049;Japan;Gamba Osaka;Yasuhito Endo;30;6500000.0;Zentrales Mittelfeld;Startaufstellung
1027049;Japan;Vissel Kobe;Yoshito Okubo;28;2000000.0;Linksaußen;Startaufstellung
1027049;Japan;Grenoble Foot 38;Daisuke Matsui;29;2200000.0;Rechtsaußen;Startaufstellung
1027049;Japan;ZSKA Moskau;Keisuke Honda;24;6000000.0;Mittelstürmer;Startaufstellung
1027049;Paraguay;Club Cerro Porteño;Diego Barreto;28;250000.0;Torwart;Reservebank
1027049;Paraguay;Independiente Medellín;Aldo Bobadilla;34;1000000.0;Torwart;Reservebank
1027049;Paraguay;Clube Atlético Mineiro;Julio Cáceres;30;1800000.0;Innenverteidiger;Reservebank
1027049;Paraguay;Club León FC;Denis Caniza;35;800000.0;Rechter Verteidiger;Reservebank
1027049;Japan;Nagoya Grampus;Seigo Narazaki;34;2600000.0;Torwart;Reservebank
1027049;Japan;Júbilo Iwata;Yoshikatsu Kawaguchi;34;1000000.0;Torwart;Reservebank
1027049;Japan;Kashima Antlers;Daiki Iwamasa;28;1700000.0;Innenverteidiger;Reservebank
1027049;Japan;Kashima Antlers;Atsuto Uchida;22;5000000.0;Rechter Verteidiger;Reservebank
1027049;Japan;Albirex Niigata;Kisho Yano;26;1300000.0;Rechter Verteidiger;Reservebank
1027049;Japan;FC Tokyo;Yasuyuki Konno;27;1700000.0;Defensives Mittelfeld;Reservebank
1027049;Japan;Kawasaki Frontale;Junichi Inamoto;30;1500000.0;Defensives Mittelfeld;Reservebank
1027049;Japan;Yokohama F. Marinos;Shunsuke Nakamura;32;6000000.0;Offensives Mittelfeld;Reservebank
1027049;Japan;Kawasaki Frontale;Kengo Nakamura;29;4000000.0;Offensives Mittelfeld;Reservebank
1027049;Japan;Nagoya Grampus;Keiji Tamada;30;1900000.0;Linksaußen;Reservebank
1027049;Japan;Shimizu S-Pulse;Shinji Okazaki;24;2900000.0;Rechtsaußen;Reservebank
1027049;Japan;Catania Calcio;Takayuki Morimoto;22;4000000.0;Mittelstürmer;Reservebank
