GameId;team;club;name;age;value;position;role
1028533;Niederlande;Ajax Amsterdam;Maarten Stekelenburg;27;6000000.0;Torwart;Startaufstellung
1028533;Niederlande;FC Everton;Johnny Heitinga;26;9000000.0;Innenverteidiger;Startaufstellung
1028533;Niederlande;PSV Eindhoven;André Ooijer;35;2000000.0;Innenverteidiger;Startaufstellung
1028533;Niederlande;Karriereende;Giovanni van Bronckhorst;35;800000.0;Linker Verteidiger;Startaufstellung
1028533;Niederlande;Ajax Amsterdam;Gregory van der Wiel;22;6500000.0;Rechter Verteidiger;Startaufstellung
1028533;Niederlande;Manchester City;Nigel de Jong;25;14000000.0;Defensives Mittelfeld;Startaufstellung
1028533;Niederlande;FC Bayern München;Mark van Bommel;33;6500000.0;Zentrales Mittelfeld;Startaufstellung
1028533;Niederlande;FC Internazionale;Wesley Sneijder;26;35000000.0;Offensives Mittelfeld;Startaufstellung
1028533;Niederlande;FC Liverpool;Dirk Kuyt;29;17000000.0;Linksaußen;Startaufstellung
1028533;Niederlande;FC Bayern München;Arjen Robben;26;38000000.0;Rechtsaußen;Startaufstellung
1028533;Niederlande;FC Arsenal;Robin van Persie;26;25000000.0;Mittelstürmer;Startaufstellung
1028533;Brasilien;FC Internazionale;Júlio César;30;25000000.0;Torwart;Startaufstellung
1028533;Brasilien;FC Internazionale;Lúcio;32;16500000.0;Innenverteidiger;Startaufstellung
1028533;Brasilien;AS Rom;Juan;31;16000000.0;Innenverteidiger;Startaufstellung
1028533;Brasilien;Olympique Lyon;Michel Bastos;26;16000000.0;Linker Verteidiger;Startaufstellung
1028533;Brasilien;FC Internazionale;Maicon;28;30000000.0;Rechter Verteidiger;Startaufstellung
1028533;Brasilien;Panathinaikos Athen;Gilberto Silva;33;7500000.0;Defensives Mittelfeld;Startaufstellung
1028533;Brasilien;FC Barcelona;Dani Alves;27;30000000.0;Rechtes Mittelfeld;Startaufstellung
1028533;Brasilien;Juventus Turin;Felipe Melo;27;17000000.0;Linkes Mittelfeld;Startaufstellung
1028533;Brasilien;Real Madrid;Kaká;28;50000000.0;Offensives Mittelfeld;Startaufstellung
1028533;Brasilien;Manchester City;Robinho;26;15000000.0;Hängende Spitze;Startaufstellung
1028533;Brasilien;FC Sevilla;Luís Fabiano;29;28000000.0;Mittelstürmer;Startaufstellung
1028533;Niederlande;FC Twente Enschede;Sander Boschker;39;800000.0;Torwart;Reservebank
1028533;Niederlande;FC Utrecht;Michel Vorm;26;3500000.0;Torwart;Reservebank
1028533;Niederlande;VfB Stuttgart;Khalid Boulahrouz;28;3000000.0;Innenverteidiger;Reservebank
1028533;Niederlande;FC Bayern München;Edson Braafheid;27;3000000.0;Linker Verteidiger;Reservebank
1028533;Niederlande;AZ Alkmaar;Stijn Schaars;26;6000000.0;Defensives Mittelfeld;Reservebank
1028533;Niederlande;Ajax Amsterdam;Demy de Zeeuw;27;7500000.0;Zentrales Mittelfeld;Reservebank
1028533;Niederlande;PSV Eindhoven;Ibrahim Afellay;24;9000000.0;Linkes Mittelfeld;Reservebank
1028533;Niederlande;Real Madrid;Rafael van der Vaart;27;15000000.0;Offensives Mittelfeld;Reservebank
1028533;Niederlande;Hamburger SV;Eljero Elia;23;14000000.0;Linksaußen;Reservebank
1028533;Niederlande;FC Liverpool;Ryan Babel;23;7000000.0;Linksaußen;Reservebank
1028533;Niederlande;AC Mailand;Klaas-Jan Huntelaar;26;15000000.0;Mittelstürmer;Reservebank
1028533;Brasilien;Tottenham Hotspur;Heurelho Gomes;29;9000000.0;Torwart;Reservebank
1028533;Brasilien;AS Rom;Doni;30;4500000.0;Torwart;Reservebank
1028533;Brasilien;Benfica Lissabon;Luisão;29;10500000.0;Innenverteidiger;Reservebank
1028533;Brasilien;AC Mailand;Thiago Silva;25;15500000.0;Innenverteidiger;Reservebank
1028533;Brasilien;VfL Wolfsburg;Josué;30;8000000.0;Defensives Mittelfeld;Reservebank
1028533;Brasilien;EC Cruzeiro Belo Horizonte;Gilberto;34;1600000.0;Linker Verteidiger;Reservebank
1028533;Brasilien;Flamengo Rio de Janeiro;Kléberson;31;2500000.0;Zentrales Mittelfeld;Reservebank
1028533;Brasilien;AS Rom;Júlio Baptista;28;7000000.0;Offensives Mittelfeld;Reservebank
1028533;Brasilien;FC Villarreal;Nilmar;25;14000000.0;Mittelstürmer;Reservebank
1028533;Brasilien;VfL Wolfsburg;Grafite;31;9000000.0;Mittelstürmer;Reservebank
