GameId;team;club;name;age;value;position;role
1029789;Deutschland;FC Schalke 04;Manuel Neuer;24;18000000.0;Torwart;Startaufstellung
1029789;Deutschland;VfL Wolfsburg;Arne Friedrich;31;6000000.0;Innenverteidiger;Startaufstellung
1029789;Deutschland;SV Werder Bremen;Per Mertesacker;25;15000000.0;Innenverteidiger;Startaufstellung
1029789;Deutschland;Manchester City;Jérôme Boateng;21;15000000.0;Linker Verteidiger;Startaufstellung
1029789;Deutschland;FC Bayern München;Philipp Lahm;26;25000000.0;Rechter Verteidiger;Startaufstellung
1029789;Deutschland;FC Bayern München;Bastian Schweinsteiger;25;24000000.0;Defensives Mittelfeld;Startaufstellung
1029789;Deutschland;VfB Stuttgart;Sami Khedira;23;15000000.0;Zentrales Mittelfeld;Startaufstellung
1029789;Deutschland;SV Werder Bremen;Mesut Özil;21;20000000.0;Offensives Mittelfeld;Startaufstellung
1029789;Deutschland;1.FC Köln;Lukas Podolski;25;10000000.0;Linksaußen;Startaufstellung
1029789;Deutschland;Hamburger SV;Piotr Trochowski;26;8500000.0;Rechtsaußen;Startaufstellung
1029789;Deutschland;FC Bayern München;Miroslav Klose;32;7500000.0;Mittelstürmer;Startaufstellung
1029789;Spanien;Real Madrid;Iker Casillas;29;32000000.0;Torwart;Startaufstellung
1029789;Spanien;FC Barcelona;Gerard Piqué;23;25000000.0;Innenverteidiger;Startaufstellung
1029789;Spanien;FC Barcelona;Carles Puyol;32;28000000.0;Innenverteidiger;Startaufstellung
1029789;Spanien;FC Villarreal;Joan Capdevila;32;10000000.0;Linker Verteidiger;Startaufstellung
1029789;Spanien;Real Madrid;Sergio Ramos;24;27000000.0;Rechter Verteidiger;Startaufstellung
1029789;Spanien;Real Madrid;Xabi Alonso;28;30000000.0;Defensives Mittelfeld;Startaufstellung
1029789;Spanien;FC Barcelona;Sergio Busquets;21;20000000.0;Defensives Mittelfeld;Startaufstellung
1029789;Spanien;FC Barcelona;Andrés Iniesta;26;60000000.0;Rechtes Mittelfeld;Startaufstellung
1029789;Spanien;FC Barcelona;Xavi;30;65000000.0;Offensives Mittelfeld;Startaufstellung
1029789;Spanien;FC Barcelona;Pedro;22;14000000.0;Linksaußen;Startaufstellung
1029789;Spanien;FC Barcelona;David Villa;28;45000000.0;Mittelstürmer;Startaufstellung
1029789;Deutschland;SV Werder Bremen;Tim Wiese;28;10000000.0;Torwart;Reservebank
1029789;Deutschland;FC Bayern München;Hans Jörg Butt;36;2500000.0;Torwart;Reservebank
1029789;Deutschland;FC Bayern München;Holger Badstuber;21;8000000.0;Innenverteidiger;Reservebank
1029789;Deutschland;VfB Stuttgart;Serdar Tasci;23;10000000.0;Innenverteidiger;Reservebank
1029789;Deutschland;Hamburger SV;Marcell Jansen;24;10000000.0;Linker Verteidiger;Reservebank
1029789;Deutschland;Hamburger SV;Dennis Aogo;23;6500000.0;Linker Verteidiger;Reservebank
1029789;Deutschland;FC Bayern München;Toni Kroos;20;12000000.0;Rechtes Mittelfeld;Reservebank
1029789;Deutschland;SV Werder Bremen;Marko Marin;21;14000000.0;Offensives Mittelfeld;Reservebank
1029789;Deutschland;Bayer 04 Leverkusen;Stefan Kießling;26;12000000.0;Mittelstürmer;Reservebank
1029789;Deutschland;VfB Stuttgart;Cacau;29;6000000.0;Mittelstürmer;Reservebank
1029789;Deutschland;FC Bayern München;Mario Gómez;24;27500000.0;Mittelstürmer;Reservebank
1029789;Spanien;FC Barcelona;Víctor Valdés;28;18000000.0;Torwart;Reservebank
1029789;Spanien;FC Liverpool;Pepe Reina;27;20000000.0;Torwart;Reservebank
1029789;Spanien;Real Madrid;Raúl Albiol;24;18000000.0;Innenverteidiger;Reservebank
1029789;Spanien;FC Valencia;Carlos Marchena;30;8000000.0;Innenverteidiger;Reservebank
1029789;Spanien;Real Madrid;Álvaro Arbeloa;27;12000000.0;Rechter Verteidiger;Reservebank
1029789;Spanien;Athletic Bilbao;Javi Martínez;21;15000000.0;Defensives Mittelfeld;Reservebank
1029789;Spanien;FC Arsenal;Cesc Fàbregas;23;55000000.0;Zentrales Mittelfeld;Reservebank
1029789;Spanien;FC Valencia;Juan Mata;22;23000000.0;Offensives Mittelfeld;Reservebank
1029789;Spanien;FC Valencia;David Silva;24;32000000.0;Offensives Mittelfeld;Reservebank
1029789;Spanien;FC Sevilla;Jesús Navas;24;28000000.0;Rechtsaußen;Reservebank
1029789;Spanien;FC Liverpool;Fernando Torres;26;50000000.0;Mittelstürmer;Reservebank
1029789;Spanien;Athletic Bilbao;Fernando Llorente;25;15000000.0;Mittelstürmer;Reservebank
