GameId;team;club;name;age;value;position;role
1074870;Japan;Lierse SK;Eiji Kawashima;27;1800000.0;Torwart;Startaufstellung
1074870;Japan;Kashima Antlers;Daiki Iwamasa;28;1700000.0;Innenverteidiger;Startaufstellung
1074870;Japan;FC Tokyo;Yasuyuki Konno;28;1700000.0;Innenverteidiger;Startaufstellung
1074870;Japan;AC Cesena;Yuto Nagatomo;24;2800000.0;Linker Verteidiger;Startaufstellung
1074870;Japan;FC Schalke 04;Atsuto Uchida;22;4500000.0;Rechter Verteidiger;Startaufstellung
1074870;Japan;VfL Wolfsburg;Makoto Hasebe;27;4000000.0;Defensives Mittelfeld;Startaufstellung
1074870;Japan;Gamba Osaka;Yasuhito Endo;30;4500000.0;Zentrales Mittelfeld;Startaufstellung
1074870;Japan;Borussia Dortmund;Shinji Kagawa;21;8000000.0;Linkes Mittelfeld;Startaufstellung
1074870;Japan;ZSKA Moskau;Keisuke Honda;24;10000000.0;Offensives Mittelfeld;Startaufstellung
1074870;Japan;Shimizu S-Pulse;Shinji Okazaki;24;2200000.0;Rechtsaußen;Startaufstellung
1074870;Japan;Júbilo Iwata;Ryoichi Maeda;29;2100000.0;Mittelstürmer;Startaufstellung
1074870;Südkorea;Suwon Samsung Bluewings FC;Sung-Ryong Jung;26;1200000.0;Torwart;Startaufstellung
1074870;Südkorea;Suwon Samsung Bluewings FC;Jae-won Hwang;29;500000.0;Innenverteidiger;Startaufstellung
1074870;Südkorea;Al Rayyan Sports Club;Yong-hyeong Jo;27;1000000.0;Innenverteidiger;Startaufstellung
1074870;Südkorea;Al-Hilal Riad;Young-Pyo Lee;33;1500000.0;Linker Verteidiger;Startaufstellung
1074870;Südkorea;Celtic Glasgow;Du-Ri Cha;30;1250000.0;Rechter Verteidiger;Startaufstellung
1074870;Südkorea;Suwon Samsung Bluewings FC;Yong-rae Lee;24;800000.0;Defensives Mittelfeld;Startaufstellung
1074870;Südkorea;Celtic Glasgow;Sung-Yong Ki;22;3500000.0;Defensives Mittelfeld;Startaufstellung
1074870;Südkorea;Jeju United FC;Ja-Cheol Koo;21;1000000.0;Offensives Mittelfeld;Startaufstellung
1074870;Südkorea;Manchester United;Ji-Sung Park;29;12000000.0;Linksaußen;Startaufstellung
1074870;Südkorea;Bolton Wanderers;Chung-Yong Lee;22;4000000.0;Rechtsaußen;Startaufstellung
1074870;Südkorea;Jeonnam Dragons FC;Dong-Won Ji;19;900000.0;Mittelstürmer;Startaufstellung
1074870;Japan;Sanfrecce Hiroshima;Shusaku Nishikawa;24;1200000.0;Torwart;Reservebank
1074870;Japan;FC Tokyo;Shuichi Gonda;21;1000000.0;Torwart;Reservebank
1074870;Japan;Kashima Antlers;Masahiko Inoha;25;800000.0;Rechter Verteidiger;Reservebank
1074870;Japan;Sanfrecce Hiroshima;Ryota Moriwaki;24;750000.0;Innenverteidiger;Reservebank
1074870;Japan;Urawa Red Diamonds;Mitsuru Nagata;27;900000.0;Innenverteidiger;Reservebank
1074870;Japan;FC Augsburg;Hajime Hosogai;24;1500000.0;Linkes Mittelfeld;Reservebank
1074870;Japan;Kashima Antlers;Takuya Honda;25;1100000.0;Defensives Mittelfeld;Reservebank
1074870;Japan;Urawa Red Diamonds;Yosuke Kashiwagi;23;1600000.0;Zentrales Mittelfeld;Reservebank
1074870;Japan;Nagoya Grampus;Jungo Fujimoto;26;1800000.0;Rechtes Mittelfeld;Reservebank
1074870;Japan;Sanfrecce Hiroshima;Tadanari Lee;25;1000000.0;Hängende Spitze;Reservebank
1074870;Südkorea;FC Seoul;Yong-dae Kim;31;900000.0;Torwart;Reservebank
1074870;Südkorea;Cerezo Osaka;Jin-Hyeon Kim;23;650000.0;Torwart;Reservebank
1074870;Südkorea;Al Sadd Sports Club;Jeong-su Lee;31;1000000.0;Innenverteidiger;Reservebank
1074870;Südkorea;Ulsan Hyundai;Tae-heui Kwak;29;850000.0;Innenverteidiger;Reservebank
1074870;Südkorea;Jeju United FC;Jeong-ho Hong;21;800000.0;Defensives Mittelfeld;Reservebank
1074870;Südkorea;Sangju Sangmu Phoenix FC;Hyo-jin Choi;27;1200000.0;Rechter Verteidiger;Reservebank
1074870;Südkorea;Gyeongnam FC;Bit-garam Yun;20;1000000.0;Zentrales Mittelfeld;Reservebank
1074870;Südkorea;Cerezo Osaka;Bo-Kyung Kim;21;450000.0;Offensives Mittelfeld;Reservebank
1074870;Südkorea;Suwon Samsung Bluewings FC;Ki-hun Yeom;27;750000.0;Linksaußen;Reservebank
1074870;Südkorea;Hamburger SV;Heung-Min Son;18;3000000.0;Mittelstürmer;Reservebank
1074870;Südkorea;Incheon United FC;Byeong-su Yu;22;2000000.0;Mittelstürmer;Reservebank
1074870;Südkorea;;Shin-uk Kim;22;700000.0;Mittelstürmer;Reservebank
