GameId;team;club;name;age;value;position;role
1074105;Iran;Sepahan FC;Mehdi Rahmati;29;1250000.0;Torwart;Startaufstellung
1074105;Iran;Sepahan FC;Seyed Jalal Hosseini;28;3000000.0;Innenverteidiger;Startaufstellung
1074105;Iran;Sepahan FC;Hadi Aghili;30;1100000.0;Innenverteidiger;Startaufstellung
1074105;Iran;Sepahan FC;Ehsan Hajsafi;20;1000000.0;Linker Verteidiger;Startaufstellung
1074105;Iran;Tractor Sazi FC;Mohammad Nosrati;30;500000.0;Rechter Verteidiger;Startaufstellung
1074105;Iran;CA Osasuna;Javad Nekounam;30;4000000.0;Defensives Mittelfeld;Startaufstellung
1074105;Iran;Tractor Sazi FC;Andranik Teymourian;27;750000.0;Zentrales Mittelfeld;Startaufstellung
1074105;Iran;Malavan of Bandar Anzali;Pejman Nouri;30;800000.0;Zentrales Mittelfeld;Startaufstellung
1074105;Iran;Zob Ahan Isfahan;Mohammad Reza Khalatbari;27;1500000.0;Linksaußen;Startaufstellung
1074105;Iran;Persepolis FC;Gholamreza Rezaei;26;650000.0;Rechtsaußen;Startaufstellung
1074105;Iran;Saipa FC;Karim Ansarifard;20;800000.0;Mittelstürmer;Startaufstellung
1074105;Südkorea;Suwon Samsung Bluewings FC;Sung-Ryong Jung;26;1200000.0;Torwart;Startaufstellung
1074105;Südkorea;Suwon Samsung Bluewings FC;Jae-won Hwang;29;500000.0;Innenverteidiger;Startaufstellung
1074105;Südkorea;Al Sadd Sports Club;Jeong-su Lee;31;1000000.0;Innenverteidiger;Startaufstellung
1074105;Südkorea;Al-Hilal Riad;Young-Pyo Lee;33;1500000.0;Linker Verteidiger;Startaufstellung
1074105;Südkorea;Celtic Glasgow;Du-Ri Cha;30;1250000.0;Rechter Verteidiger;Startaufstellung
1074105;Südkorea;Suwon Samsung Bluewings FC;Yong-rae Lee;24;800000.0;Defensives Mittelfeld;Startaufstellung
1074105;Südkorea;Celtic Glasgow;Sung-Yong Ki;21;3500000.0;Defensives Mittelfeld;Startaufstellung
1074105;Südkorea;Manchester United;Ji-Sung Park;29;12000000.0;Rechtes Mittelfeld;Startaufstellung
1074105;Südkorea;Bolton Wanderers;Chung-Yong Lee;22;4000000.0;Linkes Mittelfeld;Startaufstellung
1074105;Südkorea;Jeju United FC;Ja-Cheol Koo;21;1000000.0;Offensives Mittelfeld;Startaufstellung
1074105;Südkorea;Jeonnam Dragons FC;Dong-Won Ji;19;900000.0;Mittelstürmer;Startaufstellung
1074105;Iran;Paykan FC;Ebrahim Mirzapour;32;750000.0;Torwart;Reservebank
1074105;Iran;Zob Ahan Isfahan;Shahab Gordan;26;350000.0;Torwart;Reservebank
1074105;Iran;Zob Ahan Isfahan;Farshid Talebi;29;500000.0;Innenverteidiger;Reservebank
1074105;Iran;Sepahan FC;Mohsen Bengar;31;450000.0;Innenverteidiger;Reservebank
1074105;Iran;Sepahan FC;Khosro Heydari;27;2000000.0;Rechter Verteidiger;Reservebank
1074105;Iran;Zob Ahan Isfahan;Ghasem Hadadifar;27;650000.0;Zentrales Mittelfeld;Reservebank
1074105;Iran;CA Osasuna;Masoud Shojaei;26;2000000.0;Offensives Mittelfeld;Reservebank
1074105;Iran;Persepolis FC;Mohammad Nouri;28;550000.0;Offensives Mittelfeld;Reservebank
1074105;Iran;Esteghlal FC;Iman Mobali;28;1000000.0;Offensives Mittelfeld;Reservebank
1074105;Iran;Foolad FC;Arash Afshin;22;750000.0;Mittelstürmer;Reservebank
1074105;Iran;Foolad FC;Reza Norouzi;28;150000.0;Mittelstürmer;Reservebank
1074105;Iran;Steel Azin FC;Mohammad Gholami;27;300000.0;Mittelstürmer;Reservebank
1074105;Südkorea;FC Seoul;Yong-dae Kim;31;900000.0;Torwart;Reservebank
1074105;Südkorea;Cerezo Osaka;Jin-Hyeon Kim;23;650000.0;Torwart;Reservebank
1074105;Südkorea;Al Rayyan Sports Club;Yong-hyeong Jo;27;1000000.0;Innenverteidiger;Reservebank
1074105;Südkorea;Ulsan Hyundai;Tae-heui Kwak;29;850000.0;Innenverteidiger;Reservebank
1074105;Südkorea;Jeju United FC;Jeong-ho Hong;21;800000.0;Innenverteidiger;Reservebank
1074105;Südkorea;Sangju Sangmu Phoenix FC;Hyo-jin Choi;27;1200000.0;Rechter Verteidiger;Reservebank
1074105;Südkorea;Gyeongnam FC;Bit-garam Yun;20;1000000.0;Zentrales Mittelfeld;Reservebank
1074105;Südkorea;Cerezo Osaka;Bo-Kyung Kim;21;450000.0;Offensives Mittelfeld;Reservebank
1074105;Südkorea;Suwon Samsung Bluewings FC;Ki-hun Yeom;27;750000.0;Linksaußen;Reservebank
1074105;Südkorea;Hamburger SV;Heung-Min Son;18;3000000.0;Linksaußen;Reservebank
1074105;Südkorea;Incheon United FC;Byeong-su Yu;22;2000000.0;Mittelstürmer;Reservebank
1074105;Südkorea;;Shin-uk Kim;22;700000.0;Mittelstürmer;Reservebank
