GameId;team;club;name;age;value;position;role
1074102;Usbekistan;FC Bunyodkor;Ignatiy Nesterov;27;1000000.0;Torwart;Startaufstellung
1074102;Usbekistan;Al Ahli Sports Club;Shavkatjon Mulladjanov;25;100000.0;Innenverteidiger;Startaufstellung
1074102;Usbekistan;Anzhi Makhachkala;Odil Akhmedov;23;350000.0;Innenverteidiger;Startaufstellung
1074102;Usbekistan;FC Bunyodkor;Sakhob Juraev;24;200000.0;Linker Verteidiger;Startaufstellung
1074102;Usbekistan;Al Duhail Sports Club;Jasur Khasanov;27;25000.0;Rechter Verteidiger;Startaufstellung
1074102;Usbekistan;FC Bunyodkor;Azizbek Haydarov;25;400000.0;Defensives Mittelfeld;Startaufstellung
1074102;Usbekistan;FC Bunyodkor;Timur Kapadze;29;800000.0;Zentrales Mittelfeld;Startaufstellung
1074102;Usbekistan;Volga Nizhniy Novgorod;Sanjar Tursunov;24;700000.0;Rechtes Mittelfeld;Startaufstellung
1074102;Usbekistan;FC Bunyodkor;Server Djeparov;28;2000000.0;Linkes Mittelfeld;Startaufstellung
1074102;Usbekistan;Zhetysu Taldykorgan;Ulugbek Bakaev;32;300000.0;Mittelstürmer;Startaufstellung
1074102;Usbekistan;Suwon Samsung Bluewings FC;Aleksandr Geynrikh;26;850000.0;Mittelstürmer;Startaufstellung
1074102;Jordanien;Al-Wehdat;Amer Shafi;28;100000.0;Torwart;Startaufstellung
1074102;Jordanien;Unbekannt;Bashar Bani Yaseen;33;250000.0;Abwehr;Startaufstellung
1074102;Jordanien;;Mohammad Muneer;28;75000.0;Innenverteidiger;Startaufstellung
1074102;Jordanien;;Mohamed Al-Dmeiri;23;100000.0;Linker Verteidiger;Startaufstellung
1074102;Jordanien;Al-Wahda Mekka;Suliman Al-Salman;23;100000.0;Rechter Verteidiger;Startaufstellung
1074102;Jordanien;;Shadi Abu Hashhash;30;350000.0;Defensives Mittelfeld;Startaufstellung
1074102;Jordanien;;Baha'a Abdulrahman;24;100000.0;Defensives Mittelfeld;Startaufstellung
1074102;Jordanien;Emirates Club;Amer Deeb;30;200000.0;Zentrales Mittelfeld;Startaufstellung
1074102;Jordanien;;Ahmad Abdelhalim Al-Zugheir;24;100000.0;Linkes Mittelfeld;Startaufstellung
1074102;Jordanien;;Moayad Abu Keshek;28;150000.0;Offensives Mittelfeld;Startaufstellung
1074102;Jordanien;;Hassan Abdel Fattah;28;125000.0;Offensives Mittelfeld;Startaufstellung
1074102;Usbekistan;Pakhtakor Tashkent;Temur Juraev;26;250000.0;Torwart;Reservebank
1074102;Usbekistan;Nasaf Qarshi;Murotjon Zukhurov;27;25000.0;Torwart;Reservebank
1074102;Usbekistan;;Farrukh Nurlibaev;20;50000.0;Abwehr;Reservebank
1074102;Usbekistan;Changchun Yatai;Anzur Ismailov;25;150000.0;Innenverteidiger;Reservebank
1074102;Usbekistan;FC Bunyodkor;Victor Karpenko;33;500000.0;Rechtes Mittelfeld;Reservebank
1074102;Usbekistan;;Stanislav Andreev;22;75000.0;Linkes Mittelfeld;Reservebank
1074102;Usbekistan;Rubin Kazan;Vagiz Galiulin;23;750000.0;Linkes Mittelfeld;Reservebank
1074102;Usbekistan;FC Bunyodkor;Shavkat Salomov;25;100000.0;Linksaußen;Reservebank
1074102;Usbekistan;FK Andijan;Olim Novkarov;27;100000.0;Mittelstürmer;Reservebank
1074102;Usbekistan;Alania Vladikavkaz;Marat Bikmaev;25;300000.0;Mittelstürmer;Reservebank
1074102;Usbekistan;FC Bohemians Prag 1905;Aziz Ibragimov;24;300000.0;Mittelstürmer;Reservebank
1074102;Usbekistan;Arsenal Kiew;Maksim Shatskikh;32;1100000.0;Mittelstürmer;Reservebank
1074102;Jordanien;;Lo'ai Al Amaireh;33;100000.0;Torwart;Reservebank
1074102;Jordanien;Shabab Al-Ordon Al-Qadisiya;Moataz Yaseen;28;75000.0;Torwart;Reservebank
1074102;Jordanien;Al-Faisaly Amman;Hatem Aqel;32;200000.0;Abwehr;Reservebank
1074102;Jordanien;Najran SC;Anas Bani Yassen;22;400000.0;Innenverteidiger;Reservebank
1074102;Jordanien;;Basem Fat'hi;28;100000.0;Linker Verteidiger;Reservebank
1074102;Jordanien;;Ala'a Al-Shaqran;23;125000.0;Defensives Mittelfeld;Reservebank
1074102;Jordanien;;Saeed Murjan;20;75000.0;Defensives Mittelfeld;Reservebank
1074102;Jordanien;;Anas Hijah;23;100000.0;Offensives Mittelfeld;Reservebank
1074102;Jordanien;;Ra'ed Al-Nawateer;22;100000.0;Linksaußen;Reservebank
1074102;Jordanien;Shabab Al-Ordon Al-Qadisiya;Abdallah Deeb;23;200000.0;Rechtsaußen;Reservebank
1074102;Jordanien;Alki Larnaka;Odai Al Saify;24;500000.0;Mittelstürmer;Reservebank
1074102;Jordanien;Al-Ramtha;Hamza Al-Dardour;19;75000.0;Mittelstürmer;Reservebank
