GameId;team;club;name;age;value;position;role
1074995;Australien;FC Fulham;Mark Schwarzer;38;4000000.0;Torwart;Startaufstellung
1074995;Australien;Seongnam FC;Sasa Ognenovski;31;1500000.0;Innenverteidiger;Startaufstellung
1074995;Australien;Galatasaray Istanbul;Lucas Neill;32;4000000.0;Innenverteidiger;Startaufstellung
1074995;Australien;FC Blackpool;David Carney;27;750000.0;Linker Verteidiger;Startaufstellung
1074995;Australien;Dinamo Moskau;Luke Wilkshire;29;5000000.0;Rechter Verteidiger;Startaufstellung
1074995;Australien;Genclerbirligi Ankara;Mile Jedinak;26;2000000.0;Defensives Mittelfeld;Startaufstellung
1074995;Australien;US Sassuolo;Carl Valeri;26;1400000.0;Defensives Mittelfeld;Startaufstellung
1074995;Australien;Brisbane Roar;Matt McKay;28;500000.0;Linkes Mittelfeld;Startaufstellung
1074995;Australien;AZ Alkmaar;Brett Holman;26;2600000.0;Rechtsaußen;Startaufstellung
1074995;Australien;FC Everton;Tim Cahill;31;16000000.0;Hängende Spitze;Startaufstellung
1074995;Australien;Galatasaray Istanbul;Harry Kewell;32;6000000.0;Mittelstürmer;Startaufstellung
1074995;Japan;Lierse SK;Eiji Kawashima;27;1800000.0;Torwart;Startaufstellung
1074995;Japan;VVV-Venlo;Maya Yoshida;22;1250000.0;Innenverteidiger;Startaufstellung
1074995;Japan;FC Tokyo;Yasuyuki Konno;28;1700000.0;Innenverteidiger;Startaufstellung
1074995;Japan;AC Cesena;Yuto Nagatomo;24;2800000.0;Linker Verteidiger;Startaufstellung
1074995;Japan;FC Schalke 04;Atsuto Uchida;22;4500000.0;Rechter Verteidiger;Startaufstellung
1074995;Japan;VfL Wolfsburg;Makoto Hasebe;27;4000000.0;Defensives Mittelfeld;Startaufstellung
1074995;Japan;Gamba Osaka;Yasuhito Endo;31;4500000.0;Zentrales Mittelfeld;Startaufstellung
1074995;Japan;Nagoya Grampus;Jungo Fujimoto;26;1800000.0;Linkes Mittelfeld;Startaufstellung
1074995;Japan;ZSKA Moskau;Keisuke Honda;24;10000000.0;Offensives Mittelfeld;Startaufstellung
1074995;Japan;Shimizu S-Pulse;Shinji Okazaki;24;2200000.0;Rechtsaußen;Startaufstellung
1074995;Japan;Júbilo Iwata;Ryoichi Maeda;29;2100000.0;Mittelstürmer;Startaufstellung
1074995;Australien;SönderjyskE;Nathan Coe;26;400000.0;Torwart;Reservebank
1074995;Australien;FC Liverpool;Brad Jones;28;1500000.0;Torwart;Reservebank
1074995;Australien;Wellington Phoenix;Jade North;29;750000.0;Innenverteidiger;Reservebank
1074995;Australien;Urawa Red Diamonds;Matthew Spiranovic;22;550000.0;Innenverteidiger;Reservebank
1074995;Australien;Al-Nasr Riad;Jonny McKain;28;500000.0;Innenverteidiger;Reservebank
1074995;Australien;Leeds United;Neil Kilkenny;25;1000000.0;Zentrales Mittelfeld;Reservebank
1074995;Australien;Gold Coast United;Jason Culina;30;1500000.0;Zentrales Mittelfeld;Reservebank
1074995;Australien;Blackburn Rovers;Brett Emerton;31;3500000.0;Rechtes Mittelfeld;Reservebank
1074995;Australien;FC Utrecht;Tommy Oar;19;700000.0;Linksaußen;Reservebank
1074995;Australien;Melbourne Victory;Robbie Kruse;22;750000.0;Mittelstürmer;Reservebank
1074995;Australien;AEK Athen;Nathan Burns;22;1000000.0;Mittelstürmer;Reservebank
1074995;Australien;FC Middlesbrough;Scott McDonald;27;3500000.0;Mittelstürmer;Reservebank
1074995;Japan;Sanfrecce Hiroshima;Shusaku Nishikawa;24;1200000.0;Torwart;Reservebank
1074995;Japan;FC Tokyo;Shuichi Gonda;21;1000000.0;Torwart;Reservebank
1074995;Japan;Kashima Antlers;Masahiko Inoha;25;800000.0;Rechter Verteidiger;Reservebank
1074995;Japan;Kashima Antlers;Daiki Iwamasa;28;1700000.0;Innenverteidiger;Reservebank
1074995;Japan;Sanfrecce Hiroshima;Ryota Moriwaki;24;750000.0;Innenverteidiger;Reservebank
1074995;Japan;Urawa Red Diamonds;Mitsuru Nagata;27;900000.0;Innenverteidiger;Reservebank
1074995;Japan;FC Augsburg;Hajime Hosogai;24;1500000.0;Defensives Mittelfeld;Reservebank
1074995;Japan;Kashima Antlers;Takuya Honda;25;1100000.0;Defensives Mittelfeld;Reservebank
1074995;Japan;Urawa Red Diamonds;Yosuke Kashiwagi;23;1600000.0;Zentrales Mittelfeld;Reservebank
1074995;Japan;Sanfrecce Hiroshima;Tadanari Lee;25;1000000.0;Mittelstürmer;Reservebank
