GameId;team;club;name;age;value;position;role
1074871;Usbekistan;Pakhtakor Tashkent;Temur Juraev;26;250000.0;Torwart;Startaufstellung
1074871;Usbekistan;Changchun Yatai;Anzur Ismailov;25;150000.0;Innenverteidiger;Startaufstellung
1074871;Usbekistan;Anzhi Makhachkala;Odil Akhmedov;23;350000.0;Innenverteidiger;Startaufstellung
1074871;Usbekistan;FC Bunyodkor;Sakhob Juraev;24;200000.0;Linker Verteidiger;Startaufstellung
1074871;Usbekistan;FC Bunyodkor;Victor Karpenko;33;500000.0;Rechter Verteidiger;Startaufstellung
1074871;Usbekistan;FC Bunyodkor;Azizbek Haydarov;25;400000.0;Defensives Mittelfeld;Startaufstellung
1074871;Usbekistan;FC Bunyodkor;Timur Kapadze;29;800000.0;Offensives Mittelfeld;Startaufstellung
1074871;Usbekistan;FC Bunyodkor;Server Djeparov;28;2000000.0;Offensives Mittelfeld;Startaufstellung
1074871;Usbekistan;Arsenal Kiew;Maksim Shatskikh;32;1100000.0;Linksaußen;Startaufstellung
1074871;Usbekistan;Al Duhail Sports Club;Jasur Khasanov;27;25000.0;Rechtsaußen;Startaufstellung
1074871;Usbekistan;Zhetysu Taldykorgan;Ulugbek Bakaev;32;300000.0;Mittelstürmer;Startaufstellung
1074871;Australien;FC Fulham;Mark Schwarzer;38;4000000.0;Torwart;Startaufstellung
1074871;Australien;Seongnam FC;Sasa Ognenovski;31;1500000.0;Innenverteidiger;Startaufstellung
1074871;Australien;Galatasaray Istanbul;Lucas Neill;32;4000000.0;Innenverteidiger;Startaufstellung
1074871;Australien;FC Blackpool;David Carney;27;750000.0;Linker Verteidiger;Startaufstellung
1074871;Australien;Dinamo Moskau;Luke Wilkshire;29;5000000.0;Rechter Verteidiger;Startaufstellung
1074871;Australien;Genclerbirligi Ankara;Mile Jedinak;26;2000000.0;Zentrales Mittelfeld;Startaufstellung
1074871;Australien;US Sassuolo;Carl Valeri;26;1400000.0;Zentrales Mittelfeld;Startaufstellung
1074871;Australien;Brisbane Roar;Matt McKay;28;500000.0;Linkes Mittelfeld;Startaufstellung
1074871;Australien;FC Everton;Tim Cahill;31;16000000.0;Offensives Mittelfeld;Startaufstellung
1074871;Australien;AZ Alkmaar;Brett Holman;26;2600000.0;Rechtsaußen;Startaufstellung
1074871;Australien;Galatasaray Istanbul;Harry Kewell;32;6000000.0;Mittelstürmer;Startaufstellung
1074871;Usbekistan;FC Bunyodkor;Ignatiy Nesterov;27;1000000.0;Torwart;Reservebank
1074871;Usbekistan;Nasaf Qarshi;Murotjon Zukhurov;27;25000.0;Torwart;Reservebank
1074871;Usbekistan;;Farrukh Nurlibaev;20;50000.0;Abwehr;Reservebank
1074871;Usbekistan;Al Ahli Sports Club;Shavkatjon Mulladjanov;25;100000.0;Innenverteidiger;Reservebank
1074871;Usbekistan;Volga Nizhniy Novgorod;Sanjar Tursunov;24;700000.0;Rechtes Mittelfeld;Reservebank
1074871;Usbekistan;;Stanislav Andreev;22;75000.0;Linkes Mittelfeld;Reservebank
1074871;Usbekistan;Rubin Kazan;Vagiz Galiulin;23;750000.0;Linkes Mittelfeld;Reservebank
1074871;Usbekistan;FC Bunyodkor;Shavkat Salomov;25;100000.0;Linksaußen;Reservebank
1074871;Usbekistan;FK Andijan;Olim Novkarov;27;100000.0;Mittelstürmer;Reservebank
1074871;Usbekistan;Alania Vladikavkaz;Marat Bikmaev;25;300000.0;Mittelstürmer;Reservebank
1074871;Usbekistan;Suwon Samsung Bluewings FC;Aleksandr Geynrikh;26;850000.0;Mittelstürmer;Reservebank
1074871;Usbekistan;FC Bohemians Prag 1905;Aziz Ibragimov;24;300000.0;Mittelstürmer;Reservebank
1074871;Australien;Leeds United;Neil Kilkenny;25;1000000.0;Defensives Mittelfeld;Reservebank
1074871;Australien;Blackburn Rovers;Brett Emerton;31;3500000.0;Rechtes Mittelfeld;Reservebank
1074871;Australien;Melbourne Victory;Robbie Kruse;22;750000.0;Linksaußen;Reservebank
