GameId;team;club;name;age;value;position;role
1103472;Honduras;CD Olimpia;Noel Valladares;34;1500000.0;Torwart;Startaufstellung
1103472;Honduras;Lierse SK;Víctor Bernárdez;29;1200000.0;Innenverteidiger;Startaufstellung
1103472;Honduras;Wisla Krakau;Osman Chávez;26;900000.0;Innenverteidiger;Startaufstellung
1103472;Honduras;CD Olimpia;Juan Carlos García;23;350000.0;Linker Verteidiger;Startaufstellung
1103472;Honduras;CD Marathón;Mauricio Sabillón;32;1000000.0;Rechter Verteidiger;Startaufstellung
1103472;Honduras;;Edder Delgado;24;350000.0;Defensives Mittelfeld;Startaufstellung
1103472;Honduras;;Alfredo Mejía;21;350000.0;Defensives Mittelfeld;Startaufstellung
1103472;Honduras;CD Marathón;Emil Martínez;28;600000.0;Zentrales Mittelfeld;Startaufstellung
1103472;Honduras;CD Olimpia;Boniek García;26;1000000.0;Rechtes Mittelfeld;Startaufstellung
1103472;Honduras;Atlas Guadalajara;Carlo Costly;28;1100000.0;Mittelstürmer;Startaufstellung
1103472;Honduras;CD Motagua Tegucigalpa;Jerry Bengtson;24;350000.0;Mittelstürmer;Startaufstellung
1103472;Jamaika;Syrianska FC;Dwayne Miller;23;200000.0;Torwart;Startaufstellung
1103472;Jamaika;Houston Dynamo;Jermaine Taylor;26;275000.0;Innenverteidiger;Startaufstellung
1103472;Jamaika;Portmore United;Adrian Reid;26;100000.0;Innenverteidiger;Startaufstellung
1103472;Jamaika;Aalesunds FK;Demar Phillips;27;700000.0;Linker Verteidiger;Startaufstellung
1103472;Jamaika;Houston Dynamo;Je-Vaughn Watson;27;100000.0;Rechter Verteidiger;Startaufstellung
1103472;Jamaika;Nybergsund;Damion Williams;30;175000.0;Defensives Mittelfeld;Startaufstellung
1103472;Jamaika;Aalesunds FK;Jason Morrison;27;500000.0;Defensives Mittelfeld;Startaufstellung
1103472;Jamaika;Tivoli Gardens FC;Keammar Daley;23;100000.0;Zentrales Mittelfeld;Startaufstellung
1103472;Jamaika;Bradford City;Omar Daley;30;400000.0;Rechtes Mittelfeld;Startaufstellung
1103472;Jamaika;New York Red Bulls;Dane Richards;27;150000.0;Rechtes Mittelfeld;Startaufstellung
1103472;Jamaika;San Jose Earthquakes;Ryan Johnson;26;400000.0;Mittelstürmer;Startaufstellung
1103472;Honduras;CD Olimpia;Javier Portillo;30;350000.0;Linker Verteidiger;Reservebank
1103472;Honduras;Scunthorpe United;Ramón Núñez;25;850000.0;Zentrales Mittelfeld;Reservebank
1103472;Honduras;Beijing Guoan;Wálter Martínez;29;800000.0;Linkes Mittelfeld;Reservebank
1103472;Jamaika;Portmore United;Eric Vernan;23;125000.0;Rechtes Mittelfeld;Reservebank
1103472;Jamaika;Valerenga Oslo;Luton Shelton;25;1800000.0;Linksaußen;Reservebank
1103472;Jamaika;;Navion Boyd;24;100000.0;Mittelstürmer;Reservebank
