GameId;team;club;name;age;value;position;role
1103457;Costa Rica;Albacete Balompié;Keylor Navas;24;600000.0;Torwart;Startaufstellung
1103457;Costa Rica;LD Alajuelense;Jhonny Acosta;27;50000.0;Innenverteidiger;Startaufstellung
1103457;Costa Rica;FC Brügge;Júnior Díaz;27;2000000.0;Linker Verteidiger;Startaufstellung
1103457;Costa Rica;Aalborg BK;Dennis Marshall †;†25;300000.0;Linker Verteidiger;Startaufstellung
1103457;Costa Rica;FC Nordsjaelland;Bryan Oviedo;21;250000.0;Linker Verteidiger;Startaufstellung
1103457;Costa Rica;LD Alajuelense;José Salvatierra;21;50000.0;Rechter Verteidiger;Startaufstellung
1103457;Costa Rica;Santos de Guápiles FC;Héiner Mora;26;50000.0;Rechter Verteidiger;Startaufstellung
1103457;Costa Rica;Fredrikstad FK;Celso Borges;23;900000.0;Zentrales Mittelfeld;Startaufstellung
1103457;Costa Rica;FC Kopenhagen;Christian Bolaños;27;1500000.0;Rechtsaußen;Startaufstellung
1103457;Costa Rica;Kuban Krasnodar;Marcos Ureña;21;50000.0;Hängende Spitze;Startaufstellung
1103457;Costa Rica;Real Salt Lake City;Álvaro Saborío;29;750000.0;Mittelstürmer;Startaufstellung
1103457;Kuba;;Odelín Molina;36;75000.0;Torwart;Startaufstellung
1103457;Kuba;;Reysánder Fernández;26;50000.0;Abwehr;Startaufstellung
1103457;Kuba;;Yenier Márquez;32;125000.0;Innenverteidiger;Startaufstellung
1103457;Kuba;;Carlos Francisco;21;50000.0;Linker Verteidiger;Startaufstellung
1103457;Kuba;;Yoel Colomé;28;75000.0;Rechter Verteidiger;Startaufstellung
1103457;Kuba;;Marcel Hernández;22;50000.0;Mittelfeld;Startaufstellung
1103457;Kuba;;Jaime Colomé;31;125000.0;Zentrales Mittelfeld;Startaufstellung
1103457;Kuba;;Alberto Gómez;23;50000.0;Linkes Mittelfeld;Startaufstellung
1103457;Kuba;;Yaudel Lahera;19;50000.0;Sturm;Startaufstellung
1103457;Kuba;;Alianni Urgellés;25;50000.0;Sturm;Startaufstellung
1103457;Kuba;;Alain Cervantes;27;75000.0;Rechtsaußen;Startaufstellung
1103457;Costa Rica;AD San Carlos;Donny Grant;35;50000.0;Torwart;Reservebank
1103457;Costa Rica;CS Herediano;José Miguel Cubero;24;50000.0;Defensives Mittelfeld;Reservebank
1103457;Costa Rica;Deportivo Saprissa;David Guzmán;21;50000.0;Defensives Mittelfeld;Reservebank
1103457;Costa Rica;LD Alajuelense;Allen Guevara;22;50000.0;Rechtes Mittelfeld;Reservebank
1103457;Costa Rica;Puntarenas FC;Joel Campbell;18;50000.0;Rechtsaußen;Reservebank
1103457;Costa Rica;CS Cartaginés;Randall Brenes;27;200000.0;Mittelstürmer;Reservebank
1103457;Costa Rica;Deportivo Saprissa;Josué Martínez;21;50000.0;Mittelstürmer;Reservebank
1103457;Kuba;;Julio Pichardo;21;50000.0;Torwart;Reservebank
1103457;Kuba;;Hanier Dranguet;28;50000.0;Abwehr;Reservebank
1103457;Kuba;;Francisco Carrazana;25;50000.0;Abwehr;Reservebank
1103457;Kuba;;Jorge Clavelo;28;75000.0;Innenverteidiger;Reservebank
1103457;Kuba;;Dagoberto Quesada;23;50000.0;Mittelfeld;Reservebank
1103457;Kuba;;Roberto Linares;25;50000.0;Sturm;Reservebank
1103457;Kuba;;Yosniel Mesa;30;50000.0;Sturm;Reservebank
