GameId;team;club;name;age;value;position;role
1103454;Brasilien;FC Internazionale;Júlio César;31;19000000.0;Torwart;Startaufstellung
1103454;Brasilien;FC Internazionale;Lúcio;33;9000000.0;Innenverteidiger;Startaufstellung
1103454;Brasilien;AC Mailand;Thiago Silva;26;30000000.0;Innenverteidiger;Startaufstellung
1103454;Brasilien;Fenerbahce Istanbul;André Santos;28;8500000.0;Linker Verteidiger;Startaufstellung
1103454;Brasilien;FC Internazionale;Maicon;29;24500000.0;Rechter Verteidiger;Startaufstellung
1103454;Brasilien;FC Liverpool;Lucas Leiva;24;8500000.0;Defensives Mittelfeld;Startaufstellung
1103454;Brasilien;FC Chelsea;Ramires;24;14000000.0;Zentrales Mittelfeld;Startaufstellung
1103454;Brasilien;FC Santos;Ganso;21;18000000.0;Offensives Mittelfeld;Startaufstellung
1103454;Brasilien;AC Mailand;Robinho;27;22000000.0;Linksaußen;Startaufstellung
1103454;Brasilien;FC Santos;Neymar;19;25000000.0;Rechtsaußen;Startaufstellung
1103454;Brasilien;AC Mailand;Alexandre Pato;21;34000000.0;Mittelstürmer;Startaufstellung
1103454;Ecuador;Deportivo Quito;Marcelo Elizaga;39;500000.0;Torwart;Startaufstellung
1103454;Ecuador;CD El Nacional;Frickson Erazo;23;1000000.0;Innenverteidiger;Startaufstellung
1103454;Ecuador;LDU Quito;Norberto Araujo;32;750000.0;Innenverteidiger;Startaufstellung
1103454;Ecuador;CF Monterrey;Wálter Ayoví;31;2000000.0;Linker Verteidiger;Startaufstellung
1103454;Ecuador;LDU Quito;Néicer Reascos;33;600000.0;Rechter Verteidiger;Startaufstellung
1103454;Ecuador;Deportivo Quito;Oswaldo Minda;27;500000.0;Defensives Mittelfeld;Startaufstellung
1103454;Ecuador;Rubin Kazan;Christian Noboa;26;8000000.0;Zentrales Mittelfeld;Startaufstellung
1103454;Ecuador;CS Emelec;Édison Méndez;32;1250000.0;Offensives Mittelfeld;Startaufstellung
1103454;Ecuador;San Luis FC;Michael Arroyo;24;2000000.0;Linksaußen;Startaufstellung
1103454;Ecuador;UD Levante;Felipe Caicedo;22;5000000.0;Mittelstürmer;Startaufstellung
1103454;Ecuador;CF América;Christian Benítez;25;6500000.0;Mittelstürmer;Startaufstellung
1103454;Brasilien;Grêmio Porto Alegre;Victor;28;6500000.0;Torwart;Reservebank
1103454;Brasilien;Botafogo Rio de Janeiro;Jefferson;28;2500000.0;Torwart;Reservebank
1103454;Brasilien;FC Chelsea;David Luiz;24;20000000.0;Innenverteidiger;Reservebank
1103454;Brasilien;Benfica Lissabon;Luisão;30;9500000.0;Innenverteidiger;Reservebank
1103454;Brasilien;FC Barcelona;Adriano;26;12000000.0;Linker Verteidiger;Reservebank
1103454;Brasilien;FC Barcelona;Dani Alves;28;35000000.0;Rechter Verteidiger;Reservebank
1103454;Brasilien;Atlético Madrid;Elias;26;7000000.0;Zentrales Mittelfeld;Reservebank
1103454;Brasilien;Shakhtar Donetsk;Jádson;27;7500000.0;Offensives Mittelfeld;Reservebank
1103454;Brasilien;FC Santos;Elano;30;5000000.0;Offensives Mittelfeld;Reservebank
1103454;Brasilien;FC São Paulo;Lucas;18;8000000.0;Rechtsaußen;Reservebank
1103454;Brasilien;Fluminense Rio de Janeiro;Fred;27;7500000.0;Mittelstürmer;Reservebank
1103454;Ecuador;Barcelona SC Guayaquil;Máximo Banguera;25;500000.0;Torwart;Reservebank
1103454;Ecuador;LDU Quito;Alexander Domínguez;24;750000.0;Torwart;Reservebank
1103454;Ecuador;LDU Quito;Diego Calderón;24;500000.0;Innenverteidiger;Reservebank
1103454;Ecuador;LDU Quito;Geovanny Caicedo;30;1000000.0;Innenverteidiger;Reservebank
1103454;Ecuador;Deportivo Quito;Luis Checa;27;500000.0;Innenverteidiger;Reservebank
1103454;Ecuador;CS Emelec;Gabriel Achilier;26;500000.0;Innenverteidiger;Reservebank
1103454;Ecuador;Barcelona SC Guayaquil;Geovanny Nazareno;23;500000.0;Linker Verteidiger;Reservebank
1103454;Ecuador;Manchester United;Antonio Valencia;25;19000000.0;Rechter Verteidiger;Reservebank
1103454;Ecuador;Deportivo Quito;Segundo Castillo;29;2000000.0;Defensives Mittelfeld;Reservebank
1103454;Ecuador;CS Emelec;David Quiroz;28;500000.0;Zentrales Mittelfeld;Reservebank
1103454;Ecuador;KAA Gent;Édson Montaño;20;500000.0;Mittelstürmer;Reservebank
1103454;Ecuador;Independiente del Valle;Narciso Mina;28;750000.0;Mittelstürmer;Reservebank
