GameId;team;club;name;age;value;position;role
1103458;Mexiko;CF América;Guillermo Ochoa;25;8000000.0;Torwart;Startaufstellung
1103458;Mexiko;AZ Alkmaar;Héctor Moreno;23;4500000.0;Innenverteidiger;Startaufstellung
1103458;Mexiko;PSV Eindhoven;Maza;29;3000000.0;Innenverteidiger;Startaufstellung
1103458;Mexiko;FC Fulham;Carlos Salcido;31;4500000.0;Innenverteidiger;Startaufstellung
1103458;Mexiko;Celtic Glasgow;Efraín Juárez;23;2500000.0;Rechter Verteidiger;Startaufstellung
1103458;Mexiko;CD Cruz Azul;Gerardo Torrado;32;2500000.0;Defensives Mittelfeld;Startaufstellung
1103458;Mexiko;Deportivo La Coruna ;Andrés Guardado;24;5000000.0;Defensives Mittelfeld;Startaufstellung
1103458;Mexiko;UNAM Pumas;Israel Castro;30;2750000.0;Zentrales Mittelfeld;Startaufstellung
1103458;Mexiko;West Ham United;Pablo Barrera;23;3500000.0;Rechtsaußen;Startaufstellung
1103458;Mexiko;Racing Santander;Giovani dos Santos;22;5000000.0;Hängende Spitze;Startaufstellung
1103458;Mexiko;Manchester United;Chicharito;23;11000000.0;Mittelstürmer;Startaufstellung
1103458;El Salvador;CD Águila;Miguel Montes;31;50000.0;Torwart;Startaufstellung
1103458;El Salvador;CD Universidad de El Salvador;Luis Anaya;30;50000.0;Innenverteidiger;Startaufstellung
1103458;El Salvador;CD Luis Angel Firpo;Xavier García;20;50000.0;Innenverteidiger;Startaufstellung
1103458;El Salvador;CD Luis Angel Firpo;Víctor Turcios;23;50000.0;Innenverteidiger;Startaufstellung
1103458;El Salvador;;Reynaldo Hernández;26;50000.0;Linker Verteidiger;Startaufstellung
1103458;El Salvador;CD Águila;Marvin González;29;50000.0;Linker Verteidiger;Startaufstellung
1103458;El Salvador;CD Luis Angel Firpo;Jaime Alás;21;50000.0;Linkes Mittelfeld;Startaufstellung
1103458;El Salvador;CD Luis Angel Firpo;Dennis Alas;26;50000.0;Offensives Mittelfeld;Startaufstellung
1103458;El Salvador;CD Luis Angel Firpo;Eliseo Quintanilla;28;150000.0;Offensives Mittelfeld;Startaufstellung
1103458;El Salvador;AD Isidro Metapán;Andrés Flores;20;50000.0;Offensives Mittelfeld;Startaufstellung
1103458;El Salvador;Alianza Fútbol Club;Rodolfo Zelaya;22;50000.0;Mittelstürmer;Startaufstellung
1103458;Mexiko;Deportivo Toluca;Alfredo Talavera;28;1500000.0;Torwart;Reservebank
1103458;Mexiko;New York Red Bulls;Rafael Márquez;32;3000000.0;Innenverteidiger;Reservebank
1103458;Mexiko;Tigres UANL;Jorge Torres;23;2000000.0;Linker Verteidiger;Reservebank
1103458;Mexiko;CF Atlante;Christian Bermúdez;24;2500000.0;Offensives Mittelfeld;Reservebank
1103458;Mexiko;Deportivo Toluca;Sinha;35;1500000.0;Offensives Mittelfeld;Reservebank
1103458;Mexiko;CF América;Ángel Reyna;26;2000000.0;Hängende Spitze;Reservebank
1103458;Mexiko;CF Monterrey;Aldo de Nigris;27;3000000.0;Mittelstürmer;Reservebank
1103458;El Salvador;CD Águila;Juan José Gómez;30;50000.0;Torwart;Reservebank
1103458;El Salvador;Portland Timbers;Steve Purdy-Ramos;26;100000.0;Innenverteidiger;Reservebank
1103458;El Salvador;;Shawn Martín;24;50000.0;Mittelfeld;Reservebank
1103458;El Salvador;;Gilberto Baires;21;50000.0;Zentrales Mittelfeld;Reservebank
1103458;El Salvador;CD Águila;Ramón Sánchez;29;50000.0;Zentrales Mittelfeld;Reservebank
1103458;El Salvador;;Edwin Sánchez;21;50000.0;Offensives Mittelfeld;Reservebank
1103458;El Salvador;Alianza Fútbol Club;Rudis Corrales;31;50000.0;Mittelstürmer;Reservebank
