GameId;team;club;name;age;value;position;role
1103460;Honduras;CD Olimpia;Noel Valladares;34;1500000.0;Torwart;Startaufstellung
1103460;Honduras;Lierse SK;Víctor Bernárdez;29;1200000.0;Innenverteidiger;Startaufstellung
1103460;Honduras;Wisla Krakau;Osman Chávez;26;900000.0;Innenverteidiger;Startaufstellung
1103460;Honduras;;Brayan Beckeles;25;300000.0;Rechter Verteidiger;Startaufstellung
1103460;Honduras;CD Marathón;Mauricio Sabillón;32;1000000.0;Rechter Verteidiger;Startaufstellung
1103460;Honduras;;Edder Delgado;24;300000.0;Defensives Mittelfeld;Startaufstellung
1103460;Honduras;Wigan Athletic;Hendry Thomas;26;3000000.0;Defensives Mittelfeld;Startaufstellung
1103460;Honduras;CD Marathón;Emil Martínez;28;600000.0;Zentrales Mittelfeld;Startaufstellung
1103460;Honduras;CD Olimpia;Boniek García;26;1000000.0;Rechtes Mittelfeld;Startaufstellung
1103460;Honduras;Atlas Guadalajara;Carlo Costly;28;1100000.0;Mittelstürmer;Startaufstellung
1103460;Honduras;CD Motagua Tegucigalpa;Jerry Bengtson;24;350000.0;Mittelstürmer;Startaufstellung
1103460;Guatemala;Club Comunicaciones (Agronomia);Ricardo Jérez;25;75000.0;Torwart;Startaufstellung
1103460;Guatemala;CSD Municipal;Gustavo Cabrera;31;600000.0;Innenverteidiger;Startaufstellung
1103460;Guatemala;Universidad San Carlos;Carlos Gallardo;27;75000.0;Innenverteidiger;Startaufstellung
1103460;Guatemala;;Cristian Noriega;24;100000.0;Innenverteidiger;Startaufstellung
1103460;Guatemala;Comunicaciones FC;Carlos Castrillo;26;75000.0;Rechter Verteidiger;Startaufstellung
1103460;Guatemala;;Wilfred Velásquez;25;75000.0;Defensives Mittelfeld;Startaufstellung
1103460;Guatemala;Comunicaciones FC;José Manuel Contreras;25;200000.0;Zentrales Mittelfeld;Startaufstellung
1103460;Guatemala;Chicago Fire;Marco Pappa;23;400000.0;Linksaußen;Startaufstellung
1103460;Guatemala;Deportivo Marquense;Jonathan López;23;75000.0;Rechtsaußen;Startaufstellung
1103460;Guatemala;Esporte Clube Noroeste (SP);Henry López;18;75000.0;Mittelstürmer;Startaufstellung
1103460;Guatemala;Philadelphia Union;Carlos Ruiz;31;800000.0;Mittelstürmer;Startaufstellung
1103460;Honduras;CD Olimpia;Donis Escober;30;400000.0;Torwart;Reservebank
1103460;Honduras;CD Motagua Tegucigalpa;Johnny Leverón;21;300000.0;Innenverteidiger;Reservebank
1103460;Honduras;CD Olimpia;Javier Portillo;29;300000.0;Linker Verteidiger;Reservebank
1103460;Honduras;CD Olimpia;Juan Carlos García;23;300000.0;Linker Verteidiger;Reservebank
1103460;Honduras;;Alfredo Mejía;21;300000.0;Defensives Mittelfeld;Reservebank
1103460;Honduras;Scunthorpe United;Ramón Núñez;25;850000.0;Zentrales Mittelfeld;Reservebank
1103460;Honduras;Beijing Guoan;Wálter Martínez;29;800000.0;Linkes Mittelfeld;Reservebank
1103460;Guatemala;Deportivo Mictlán;Paulo Motta;28;75000.0;Torwart;Reservebank
1103460;Guatemala;CD Suchitepéquez;Henry Medina;30;75000.0;Innenverteidiger;Reservebank
1103460;Guatemala;CSD Municipal;Gonzalo Romero;36;75000.0;Mittelfeld;Reservebank
1103460;Guatemala;Universidad San Carlos;Manuel León;23;75000.0;Defensives Mittelfeld;Reservebank
1103460;Guatemala;CSD Xelajú MC;Carlos Figueroa;31;75000.0;Zentrales Mittelfeld;Reservebank
1103460;Guatemala;Comunicaciones FC;Jairo Arreola;25;75000.0;Rechtes Mittelfeld;Reservebank
1103460;Guatemala;Comunicaciones FC;Dwight Pezzarossi;32;400000.0;Mittelstürmer;Reservebank
