GameId;team;club;name;age;value;position;role
1103455;Chile;HSC Montpellier;Marco Estrada;28;2800000.0;Defensives Mittelfeld;Startaufstellung
1103455;Chile;CD Universidad Católica;Francisco Silva;25;800000.0;Defensives Mittelfeld;Startaufstellung
1103455;Chile;Atalanta Bergamo;Carlos Carmona;24;1600000.0;Zentrales Mittelfeld;Startaufstellung
1103455;Chile;Al-Ahli Dubai Club;Luis Jiménez;27;5000000.0;Offensives Mittelfeld;Startaufstellung
1103455;Chile;CSD Colo Colo;Esteban Paredes;30;1500000.0;Mittelstürmer;Startaufstellung
1103455;Chile;CF Monterrey;Humberto Suazo;30;6000000.0;Mittelstürmer;Startaufstellung
1103455;Chile;Atlas Guadalajara;Miguel Pinto;28;1800000.0;Torwart;Startaufstellung
1103455;Chile;CD Cruz Azul;Waldo Ponce;28;800000.0;Innenverteidiger;Startaufstellung
1103455;Chile;West Bromwich Albion;Gonzalo Jara;25;3000000.0;Innenverteidiger;Startaufstellung
1103455;Chile;Flamengo Rio de Janeiro;Gonzalo Fierro;28;500000.0;Rechtes Mittelfeld;Startaufstellung
1103455;Chile;Birmingham City;Jean Beausejour;27;2500000.0;Linkes Mittelfeld;Startaufstellung
1103455;Peru;Alianza Lima;Salomón Libman;27;400000.0;Torwart;Startaufstellung
1103455;Peru;UD Almería;Santiago Acasiete;33;700000.0;Innenverteidiger;Startaufstellung
1103455;Peru;Alianza Lima;Christian Ramos;22;300000.0;Innenverteidiger;Startaufstellung
1103455;Peru;Universidad San Martín de Porres;Aldo Corzo;22;150000.0;Rechter Verteidiger;Startaufstellung
1103455;Peru;Universitario de Deportes;Renzo Revoredo;25;400000.0;Rechter Verteidiger;Startaufstellung
1103455;Peru;Club Atlético San Lorenzo de Almagro;Giancarlo Carmona;25;1200000.0;Rechter Verteidiger;Startaufstellung
1103455;Peru;Universidad San Martín de Porres;Josepmir Ballón;23;500000.0;Defensives Mittelfeld;Startaufstellung
1103455;Peru;Universitario de Deportes;Antonio Gonzales;25;300000.0;Defensives Mittelfeld;Startaufstellung
1103455;Peru;Club Juan Aurich;William Chiroque;31;300000.0;Offensives Mittelfeld;Startaufstellung
1103455;Peru;Sport Boys Callao;Michael Guevara;27;200000.0;Offensives Mittelfeld;Startaufstellung
1103455;Peru;Universitario de Deportes;Raúl Ruidíaz;20;300000.0;Mittelstürmer;Startaufstellung
1103455;Chile;Real Sociedad San Sebastián;Claudio Bravo;28;6000000.0;Torwart;Reservebank
1103455;Chile;Club Universidad de Chile;Paulo Garcés;26;750000.0;Torwart;Reservebank
1103455;Chile;PAOK Thessaloniki;Pablo Contreras;32;4500000.0;Innenverteidiger;Reservebank
1103455;Chile;Udinese Calcio;Mauricio Isla;23;10000000.0;Rechter Verteidiger;Reservebank
1103455;Chile;FC Sevilla;Gary Medel;23;5000000.0;Defensives Mittelfeld;Reservebank
1103455;Chile;CD Universidad Católica;Felipe Gutiérrez;20;700000.0;Zentrales Mittelfeld;Reservebank
1103455;Chile;CSD Colo Colo;Rodrigo Millar;29;1000000.0;Zentrales Mittelfeld;Reservebank
1103455;Chile;Bayer 04 Leverkusen;Arturo Vidal;24;20000000.0;Zentrales Mittelfeld;Reservebank
1103455;Chile;Sporting Lissabon;Matías Fernández;25;8300000.000000001;Offensives Mittelfeld;Reservebank
1103455;Chile;SE Palmeiras São Paulo;Jorge Valdivia;27;2500000.0;Offensives Mittelfeld;Reservebank
1103455;Chile;FC Barcelona;Alexis Sánchez;22;25000000.0;Linksaußen;Reservebank
1103455;Chile;CSD Colo Colo;Carlos Muñoz;22;700000.0;Mittelstürmer;Reservebank
1103455;Peru;Universidad San Martín de Porres;Leao Butrón;34;400000.0;Torwart;Reservebank
1103455;Peru;OGC Nizza;Raúl Fernández;25;200000.0;Torwart;Reservebank
1103455;Peru;Sporting Cristal Lima;Wálter Vílchez;29;500000.0;Innenverteidiger;Reservebank
1103455;Peru;Sporting Lissabon;Alberto Rodríguez;27;5800000.0;Innenverteidiger;Reservebank
1103455;Peru;AC Florenz;Juan Manuel Vargas;27;15000000.0;Linker Verteidiger;Reservebank
1103455;Peru;Sporting Cristal Lima;Luis Advíncula;21;250000.0;Rechter Verteidiger;Reservebank
1103455;Peru;Universidad San Martín de Porres;Adán Balbín;24;200000.0;Defensives Mittelfeld;Reservebank
1103455;Peru;Sporting Cristal Lima;Yoshimar Yotún;21;150000.0;Zentrales Mittelfeld;Reservebank
1103455;Peru;Club Juan Aurich;Rinaldo Cruzado;26;300000.0;Zentrales Mittelfeld;Reservebank
1103455;Peru;Sporting Cristal Lima;Carlos Lobatón;31;300000.0;Zentrales Mittelfeld;Reservebank
1103455;Peru;Sporting Lissabon;André Carrillo;20;400000.0;Rechtsaußen;Reservebank
1103455;Peru;Hamburger SV;Paolo Guerrero;27;4500000.0;Mittelstürmer;Reservebank
