GameId;team;club;name;age;value;position;role
1103450;Uruguay;Lazio Rom;Fernando Muslera;25;8500000.0;Torwart;Startaufstellung
1103450;Uruguay;Club Nacional;Sebastián Coates;20;2500000.0;Innenverteidiger;Startaufstellung
1103450;Uruguay;Fenerbahce Istanbul;Diego Lugano;30;13000000.0;Innenverteidiger;Startaufstellung
1103450;Uruguay;FC Porto;Álvaro Pereira;25;10000000.0;Linker Verteidiger;Startaufstellung
1103450;Uruguay;FC Sevilla;Martín Cáceres;24;7000000.0;Rechter Verteidiger;Startaufstellung
1103450;Uruguay;Benfica Lissabon;Maxi Pereira;27;9400000.0;Rechter Verteidiger;Startaufstellung
1103450;Uruguay;Club Tijuana;Egidio Arévalo Ríos;29;3000000.0;Defensives Mittelfeld;Startaufstellung
1103450;Uruguay;FC Bologna;Diego Pérez;31;3300000.0;Defensives Mittelfeld;Startaufstellung
1103450;Uruguay;Atlético Madrid;Diego Forlán;32;10000000.0;Hängende Spitze;Startaufstellung
1103450;Uruguay;SSC Neapel;Edinson Cavani;24;24500000.0;Mittelstürmer;Startaufstellung
1103450;Uruguay;FC Liverpool;Luis Suárez;24;25000000.0;Mittelstürmer;Startaufstellung
1103450;Chile;FC Barcelona;Alexis Sánchez;22;25000000.0;Linksaußen;Startaufstellung
1103450;Chile;CF Monterrey;Humberto Suazo;30;6000000.0;Mittelstürmer;Startaufstellung
1103450;Chile;Real Sociedad San Sebastián;Claudio Bravo;28;6000000.0;Torwart;Startaufstellung
1103450;Chile;CD Cruz Azul;Waldo Ponce;28;800000.0;Innenverteidiger;Startaufstellung
1103450;Chile;PAOK Thessaloniki;Pablo Contreras;32;4750000.0;Innenverteidiger;Startaufstellung
1103450;Chile;West Bromwich Albion;Gonzalo Jara;25;3000000.0;Innenverteidiger;Startaufstellung
1103450;Chile;FC Sevilla;Gary Medel;23;5000000.0;Innenverteidiger;Startaufstellung
1103450;Chile;Udinese Calcio;Mauricio Isla;23;10000000.0;Rechter Verteidiger;Startaufstellung
1103450;Chile;Bayer 04 Leverkusen;Arturo Vidal;24;20000000.0;Zentrales Mittelfeld;Startaufstellung
1103450;Chile;Birmingham City;Jean Beausejour;27;2500000.0;Linkes Mittelfeld;Startaufstellung
1103450;Chile;Al-Ahli Dubai Club;Luis Jiménez;27;5000000.0;Offensives Mittelfeld;Startaufstellung
1103450;Uruguay;CSD Colo Colo;Juan Castillo;33;750000.0;Torwart;Reservebank
1103450;Uruguay;Olimpia Asunción;Martín Silva;28;1000000.0;Torwart;Reservebank
1103450;Uruguay;Atlético Madrid;Diego Godín;25;12000000.0;Innenverteidiger;Reservebank
1103450;Uruguay;CSD Colo Colo;Andrés Scotti;35;700000.0;Innenverteidiger;Reservebank
1103450;Uruguay;EC Cruzeiro Belo Horizonte;Mauricio Victorino;28;3500000.0;Innenverteidiger;Reservebank
1103450;Uruguay;Sporting Gijón;Sebastián Eguren;30;3000000.0;Defensives Mittelfeld;Reservebank
1103450;Uruguay;SSC Neapel;Walter Gargano;26;9000000.0;Defensives Mittelfeld;Reservebank
1103450;Uruguay;Lazio Rom;Álvaro González;26;2000000.0;Zentrales Mittelfeld;Reservebank
1103450;Uruguay;FC Porto;Cristian Rodríguez;25;5800000.0;Linkes Mittelfeld;Reservebank
1103450;Uruguay;Ajax Amsterdam;Nicolás Lodeiro;22;1250000.0;Offensives Mittelfeld;Reservebank
1103450;Uruguay;Botafogo Rio de Janeiro;Sebastián Abreu;34;1000000.0;Mittelstürmer;Reservebank
1103450;Uruguay;US Palermo;Abel Hernández;20;5000000.0;Mittelstürmer;Reservebank
1103450;Chile;Atlas Guadalajara;Miguel Pinto;28;1800000.0;Torwart;Reservebank
1103450;Chile;Club Universidad de Chile;Paulo Garcés;26;750000.0;Torwart;Reservebank
1103450;Chile;Flamengo Rio de Janeiro;Gonzalo Fierro;28;500000.0;Rechtes Mittelfeld;Reservebank
1103450;Chile;HSC Montpellier;Marco Estrada;28;2800000.0;Defensives Mittelfeld;Reservebank
1103450;Chile;CD Universidad Católica;Francisco Silva;25;800000.0;Defensives Mittelfeld;Reservebank
1103450;Chile;CD Universidad Católica;Felipe Gutiérrez;20;700000.0;Zentrales Mittelfeld;Reservebank
1103450;Chile;Atalanta Bergamo;Carlos Carmona;24;1600000.0;Defensives Mittelfeld;Reservebank
1103450;Chile;CSD Colo Colo;Rodrigo Millar;29;1000000.0;Zentrales Mittelfeld;Reservebank
1103450;Chile;SE Palmeiras São Paulo;Jorge Valdivia;27;2500000.0;Offensives Mittelfeld;Reservebank
1103450;Chile;Sporting Lissabon;Matías Fernández;25;8300000.000000001;Offensives Mittelfeld;Reservebank
1103450;Chile;CSD Colo Colo;Esteban Paredes;30;1500000.0;Mittelstürmer;Reservebank
1103450;Chile;CSD Colo Colo;Carlos Muñoz;22;700000.0;Mittelstürmer;Reservebank
