GameId;team;club;name;age;value;position;role
1103471;Guatemala;Club Comunicaciones (Agronomia);Ricardo Jérez;25;75000.0;Torwart;Startaufstellung
1103471;Guatemala;CD Suchitepéquez;Henry Medina;30;75000.0;Innenverteidiger;Startaufstellung
1103471;Guatemala;CSD Municipal;Gustavo Cabrera;31;600000.0;Innenverteidiger;Startaufstellung
1103471;Guatemala;Universidad San Carlos;Carlos Gallardo;27;75000.0;Innenverteidiger;Startaufstellung
1103471;Guatemala;CSD Municipal;Gonzalo Romero;36;75000.0;Mittelfeld;Startaufstellung
1103471;Guatemala;;Wilfred Velásquez;25;75000.0;Defensives Mittelfeld;Startaufstellung
1103471;Guatemala;Comunicaciones FC;Javier del Águila;20;75000.0;Zentrales Mittelfeld;Startaufstellung
1103471;Guatemala;Chicago Fire;Marco Pappa;23;400000.0;Linksaußen;Startaufstellung
1103471;Guatemala;Deportivo Marquense;Jonathan López;23;75000.0;Rechtsaußen;Startaufstellung
1103471;Guatemala;Esporte Clube Noroeste (SP);Henry López;18;75000.0;Mittelstürmer;Startaufstellung
1103471;Guatemala;Philadelphia Union;Carlos Ruiz;31;800000.0;Mittelstürmer;Startaufstellung
1103471;Grenada;;Shemel Louison;20;75000.0;Torwart;Startaufstellung
1103471;Grenada;;Marc Marshall;25;75000.0;Innenverteidiger;Startaufstellung
1103471;Grenada;Wycombe Wanderers;Leon Johnson;30;175000.0;Innenverteidiger;Startaufstellung
1103471;Grenada;Portmore United;Anthony Modeste;35;75000.0;Innenverteidiger;Startaufstellung
1103471;Grenada;Aldershot Town;Anthony Straker;22;75000.0;Linker Verteidiger;Startaufstellung
1103471;Grenada;Anchor Queen's Park Rangers;Ricky Charles;35;75000.0;Mittelfeld;Startaufstellung
1103471;Grenada;;Moron Phillip;19;75000.0;Linkes Mittelfeld;Startaufstellung
1103471;Grenada;;Junior Williams;23;75000.0;Linkes Mittelfeld;Startaufstellung
1103471;Grenada;;Clive Murray;20;75000.0;Sturm;Startaufstellung
1103471;Grenada;FC Farnborough;Bradley Bubb;24;75000.0;Rechtsaußen;Startaufstellung
1103471;Grenada;Lincoln City;Delroy Facey;31;150000.0;Mittelstürmer;Startaufstellung
1103471;Guatemala;Deportivo Mictlán;Paulo Motta;28;75000.0;Torwart;Reservebank
1103471;Guatemala;Comunicaciones FC;Elías Vásquez;18;75000.0;Innenverteidiger;Reservebank
1103471;Guatemala;Comunicaciones FC;Carlos Castrillo;26;75000.0;Rechter Verteidiger;Reservebank
1103471;Guatemala;Universidad San Carlos;Manuel León;23;75000.0;Defensives Mittelfeld;Reservebank
1103471;Guatemala;Comunicaciones FC;Jairo Arreola;25;75000.0;Rechtes Mittelfeld;Reservebank
1103471;Guatemala;CD Malacateco;Óscar Isaula;28;75000.0;Mittelstürmer;Reservebank
1103471;Guatemala;Comunicaciones FC;Dwight Pezzarossi;32;400000.0;Mittelstürmer;Reservebank
1103471;Grenada;;Desmond Noel;36;75000.0;Torwart;Reservebank
1103471;Grenada;;Shannon Phillip;22;75000.0;Innenverteidiger;Reservebank
1103471;Grenada;Bradford Park Avenue;David Cyrus;22;75000.0;Linker Verteidiger;Reservebank
1103471;Grenada;;Cassim Langaigne;31;75000.0;Rechter Verteidiger;Reservebank
1103471;Grenada;;Kyle Joseph;28;75000.0;Mittelfeld;Reservebank
1103471;Grenada;;Marcus Julien;24;75000.0;Sturm;Reservebank
1103471;Grenada;Paradise FC;Shane Rennie;24;75000.0;Mittelstürmer;Reservebank
