GameId;team;club;name;age;value;position;role
1103462;Vereinigte Staaten;FC Everton;Tim Howard;32;10000000.0;Torwart;Startaufstellung
1103462;Vereinigte Staaten;New York Red Bulls;Tim Ream;23;250000.0;Innenverteidiger;Startaufstellung
1103462;Vereinigte Staaten;Bröndby IF;Clarence Goodson;29;1500000.0;Innenverteidiger;Startaufstellung
1103462;Vereinigte Staaten;AS Saint-Étienne;Carlos Bocanegra;32;2500000.0;Linker Verteidiger;Startaufstellung
1103462;Vereinigte Staaten;Hannover 96;Steven Cherundolo;32;2000000.0;Rechter Verteidiger;Startaufstellung
1103462;Vereinigte Staaten;Blackburn Rovers;Jermaine Jones;29;5000000.0;Defensives Mittelfeld;Startaufstellung
1103462;Vereinigte Staaten;Aston Villa;Michael Bradley;23;5000000.0;Zentrales Mittelfeld;Startaufstellung
1103462;Vereinigte Staaten;FC Fulham;Clint Dempsey;28;9000000.0;Linksaußen;Startaufstellung
1103462;Vereinigte Staaten;Los Angeles Galaxy;Landon Donovan;29;3000000.0;Rechtsaußen;Startaufstellung
1103462;Vereinigte Staaten;New York Red Bulls;Juan Agudelo;18;175000.0;Mittelstürmer;Startaufstellung
1103462;Vereinigte Staaten;Bursaspor;Jozy Altidore;21;2200000.0;Mittelstürmer;Startaufstellung
1103462;Kanada;Valerenga Oslo;Lars Hirschfeld;32;1000000.0;Torwart;Startaufstellung
1103462;Kanada;Houston Dynamo;Andre Hainault;24;350000.0;Innenverteidiger;Startaufstellung
1103462;Kanada;1.FC Köln;Kevin McKenna;31;1250000.0;Innenverteidiger;Startaufstellung
1103462;Kanada;FC Augsburg;Marcel de Jong;24;900000.0;Linker Verteidiger;Startaufstellung
1103462;Kanada;SV Wehen Wiesbaden;Nikolas Ledgerwood;26;400000.0;Rechter Verteidiger;Startaufstellung
1103462;Kanada;PSV Eindhoven;Atiba Hutchinson;28;3500000.0;Defensives Mittelfeld;Startaufstellung
1103462;Kanada;Vancouver Whitecaps;Terry Dunfield;29;150000.0;Zentrales Mittelfeld;Startaufstellung
1103462;Kanada;Real Salt Lake City;Will Johnson;24;600000.0;Rechtes Mittelfeld;Startaufstellung
1103462;Kanada;New York Red Bulls;Dwayne de Rosario;33;600000.0;Linkes Mittelfeld;Startaufstellung
1103462;Kanada;Grandmedical Manisaspor;Josh Simpson;28;2000000.0;Offensives Mittelfeld;Startaufstellung
1103462;Kanada;Norwich City;Simeon Jackson;24;400000.0;Mittelstürmer;Startaufstellung
1103462;Vereinigte Staaten;Wolverhampton Wanderers;Marcus Hahnemann;38;1000000.0;Torwart;Reservebank
1103462;Vereinigte Staaten;FC Twente Enschede;Oguchi Onyewu;29;5000000.0;Innenverteidiger;Reservebank
1103462;Vereinigte Staaten;Aston Villa;Eric Lichaj;22;1000000.0;Rechter Verteidiger;Reservebank
1103462;Vereinigte Staaten;Glasgow Rangers;Maurice Edu;25;2500000.0;Defensives Mittelfeld;Reservebank
1103462;Vereinigte Staaten;RSC Anderlecht;Sacha Kljestan;25;1200000.0;Offensives Mittelfeld;Reservebank
1103462;Vereinigte Staaten;Örebro SK;Alejandro Bedoya;24;1500000.0;Offensives Mittelfeld;Reservebank
1103462;Vereinigte Staaten;San Jose Earthquakes;Chris Wondolowski;28;250000.0;Mittelstürmer;Reservebank
1103462;Kanada;FK Rad Belgrad;Milan Borjan;23;800000.0;Torwart;Reservebank
1103462;Kanada;Vereinslos;Michael Klukowski;30;1500000.0;Linker Verteidiger;Reservebank
1103462;Kanada;Ipswich Town;Jaime Peters;24;500000.0;Rechter Verteidiger;Reservebank
1103462;Kanada;Preußen Münster ;Jonathan Beaulieu-Bourgault;22;200000.0;Defensives Mittelfeld;Reservebank
1103462;Kanada;Hertha BSC;Rob Friend;30;1500000.0;Mittelstürmer;Reservebank
1103462;Kanada;Montreal Impact;Ali Gerba;29;400000.0;Mittelstürmer;Reservebank
1103462;Kanada;Politehnica Timisoara ;Tosaint Ricketts;23;300000.0;Mittelstürmer;Reservebank
