GameId;team;club;name;age;value;position;role
1103441;Brasilien;FC Internazionale;Júlio César;31;19000000.0;Torwart;Startaufstellung
1103441;Brasilien;FC Internazionale;Lúcio;33;9000000.0;Innenverteidiger;Startaufstellung
1103441;Brasilien;AC Mailand;Thiago Silva;26;30000000.0;Innenverteidiger;Startaufstellung
1103441;Brasilien;Fenerbahce Istanbul;André Santos;28;8500000.0;Linker Verteidiger;Startaufstellung
1103441;Brasilien;FC Barcelona;Dani Alves;28;35000000.0;Rechter Verteidiger;Startaufstellung
1103441;Brasilien;FC Liverpool;Lucas Leiva;24;8500000.0;Defensives Mittelfeld;Startaufstellung
1103441;Brasilien;FC Chelsea;Ramires;24;14000000.0;Zentrales Mittelfeld;Startaufstellung
1103441;Brasilien;FC Santos;Ganso;21;18000000.0;Offensives Mittelfeld;Startaufstellung
1103441;Brasilien;FC Santos;Neymar;19;25000000.0;Linksaußen;Startaufstellung
1103441;Brasilien;AC Mailand;Robinho;27;22000000.0;Rechtsaußen;Startaufstellung
1103441;Brasilien;AC Mailand;Alexandre Pato;21;34000000.0;Mittelstürmer;Startaufstellung
1103441;Venezuela;Caracas FC;Renny Vega;31;1500000.0;Torwart;Startaufstellung
1103441;Venezuela;Caracas FC;Gabriel Cichero;27;700000.0;Innenverteidiger;Startaufstellung
1103441;Venezuela;Deportivo Anzoátegui SC;Oswaldo Vizcarrondo;27;100000.0;Innenverteidiger;Startaufstellung
1103441;Venezuela;Deportivo La Guaira;José Luis Granados;24;150000.0;Linker Verteidiger;Startaufstellung
1103441;Venezuela;FC Twente Enschede;Roberto Rosales;22;3500000.0;Rechter Verteidiger;Startaufstellung
1103441;Venezuela;Caracas FC;Franklin Lucena;30;100000.0;Defensives Mittelfeld;Startaufstellung
1103441;Venezuela;Hamburger SV;Tomás Rincón;23;2000000.0;Defensives Mittelfeld;Startaufstellung
1103441;Venezuela;Club de Gimnasia y Esgrima La Plata;César González;28;700000.0;Rechtes Mittelfeld;Startaufstellung
1103441;Venezuela;Borussia Mönchengladbach;Juan Arango;31;3500000.0;Linkes Mittelfeld;Startaufstellung
1103441;Venezuela;FC Getafe;Miku Fedor;25;3500000.0;Hängende Spitze;Startaufstellung
1103441;Venezuela;FC Málaga;José Salomón Rondón;21;5000000.0;Mittelstürmer;Startaufstellung
1103441;Brasilien;Grêmio Porto Alegre;Victor;28;6500000.0;Torwart;Reservebank
1103441;Brasilien;Botafogo Rio de Janeiro;Jefferson;28;2500000.0;Torwart;Reservebank
1103441;Brasilien;FC Chelsea;David Luiz;24;20000000.0;Innenverteidiger;Reservebank
1103441;Brasilien;Benfica Lissabon;Luisão;30;9500000.0;Innenverteidiger;Reservebank
1103441;Brasilien;FC Barcelona;Adriano;26;12000000.0;Linker Verteidiger;Reservebank
1103441;Brasilien;FC Internazionale;Maicon;29;24500000.0;Rechter Verteidiger;Reservebank
1103441;Brasilien;Tottenham Hotspur;Sandro;22;8000000.0;Defensives Mittelfeld;Reservebank
1103441;Brasilien;Atlético Madrid;Elias;26;7000000.0;Zentrales Mittelfeld;Reservebank
1103441;Brasilien;Shakhtar Donetsk;Jádson;27;8000000.0;Offensives Mittelfeld;Reservebank
1103441;Brasilien;FC Santos;Elano;30;5000000.0;Offensives Mittelfeld;Reservebank
1103441;Brasilien;FC São Paulo;Lucas;18;8000000.0;Rechtsaußen;Reservebank
1103441;Brasilien;Fluminense Rio de Janeiro;Fred;27;7500000.0;Mittelstürmer;Reservebank
1103441;Venezuela;Real Murcia;Dani Hernández;25;100000.0;Torwart;Reservebank
1103441;Venezuela;Deportivo Anzoátegui SC;Leonardo Morales;32;100000.0;Torwart;Reservebank
1103441;Venezuela;Boyacá Chicó FC;Grenddy Perozo;25;100000.0;Innenverteidiger;Reservebank
1103441;Venezuela;Deportivo Lara;José Manuel Rey;36;300000.0;Innenverteidiger;Reservebank
1103441;Venezuela;Deportivo Anzoátegui SC;Giácomo di Giorgi;30;100000.0;Innenverteidiger;Reservebank
1103441;Venezuela;Caracas FC;Alexander González;18;100000.0;Rechter Verteidiger;Reservebank
1103441;Venezuela;Independiente Santa Fe;Luis Manuel Seijas;25;1000000.0;Linkes Mittelfeld;Reservebank
1103441;Venezuela;Atlas Guadalajara;Jesús Meza;25;100000.0;Offensives Mittelfeld;Reservebank
1103441;Venezuela;VfL Wolfsburg;Yohandry Orozco;20;750000.0;Linksaußen;Reservebank
1103441;Venezuela;Deportivo Anzoátegui SC;Daniel Arismendi;28;800000.0;Mittelstürmer;Reservebank
1103441;Venezuela;CF Atlante;Giancarlo Maldonado;29;2000000.0;Mittelstürmer;Reservebank
1103441;Venezuela;Vancouver Whitecaps;Alejandro Moreno;31;350000.0;Mittelstürmer;Reservebank
