GameId;team;club;name;age;value;position;role
1103448;Venezuela;Caracas FC;Renny Vega;32;1500000.0;Torwart;Startaufstellung
1103448;Venezuela;Deportivo Anzoátegui SC;Oswaldo Vizcarrondo;27;100000.0;Innenverteidiger;Startaufstellung
1103448;Venezuela;Boyacá Chicó FC;Grenddy Perozo;25;100000.0;Innenverteidiger;Startaufstellung
1103448;Venezuela;Caracas FC;Gabriel Cichero;27;700000.0;Linker Verteidiger;Startaufstellung
1103448;Venezuela;FC Twente Enschede;Roberto Rosales;22;3500000.0;Rechter Verteidiger;Startaufstellung
1103448;Venezuela;Caracas FC;Franklin Lucena;30;100000.0;Defensives Mittelfeld;Startaufstellung
1103448;Venezuela;Hamburger SV;Tomás Rincón;23;2000000.0;Defensives Mittelfeld;Startaufstellung
1103448;Venezuela;Borussia Mönchengladbach;Juan Arango;31;3500000.0;Linksaußen;Startaufstellung
1103448;Venezuela;Club de Gimnasia y Esgrima La Plata;César González;28;700000.0;Rechtsaußen;Startaufstellung
1103448;Venezuela;FC Getafe;Miku Fedor;25;3500000.0;Mittelstürmer;Startaufstellung
1103448;Venezuela;CF Atlante;Giancarlo Maldonado;29;2000000.0;Mittelstürmer;Startaufstellung
1103448;Ecuador;Deportivo Quito;Marcelo Elizaga;39;500000.0;Torwart;Startaufstellung
1103448;Ecuador;CD El Nacional;Frickson Erazo;23;1000000.0;Innenverteidiger;Startaufstellung
1103448;Ecuador;LDU Quito;Norberto Araujo;32;750000.0;Innenverteidiger;Startaufstellung
1103448;Ecuador;CF Monterrey;Wálter Ayoví;31;2000000.0;Linker Verteidiger;Startaufstellung
1103448;Ecuador;LDU Quito;Néicer Reascos;33;600000.0;Rechter Verteidiger;Startaufstellung
1103448;Ecuador;Deportivo Quito;Segundo Castillo;29;2000000.0;Defensives Mittelfeld;Startaufstellung
1103448;Ecuador;Rubin Kazan;Christian Noboa;26;8000000.0;Zentrales Mittelfeld;Startaufstellung
1103448;Ecuador;CS Emelec;Édison Méndez;32;1250000.0;Offensives Mittelfeld;Startaufstellung
1103448;Ecuador;San Luis FC;Michael Arroyo;24;2000000.0;Linksaußen;Startaufstellung
1103448;Ecuador;UD Levante;Felipe Caicedo;22;5000000.0;Mittelstürmer;Startaufstellung
1103448;Ecuador;CF América;Christian Benítez;25;6500000.0;Mittelstürmer;Startaufstellung
1103448;Venezuela;Deportivo Anzoátegui SC;Leonardo Morales;33;100000.0;Torwart;Reservebank
1103448;Venezuela;Real Murcia;Dani Hernández;25;100000.0;Torwart;Reservebank
1103448;Venezuela;Deportivo Lara;José Manuel Rey;36;300000.0;Innenverteidiger;Reservebank
1103448;Venezuela;Deportivo Anzoátegui SC;Giácomo di Giorgi;30;100000.0;Innenverteidiger;Reservebank
1103448;Venezuela;Deportivo La Guaira;José Luis Granados;24;150000.0;Linker Verteidiger;Reservebank
1103448;Venezuela;Caracas FC;Alexander González;18;100000.0;Rechter Verteidiger;Reservebank
1103448;Venezuela;Independiente Santa Fe;Luis Manuel Seijas;25;1000000.0;Linkes Mittelfeld;Reservebank
1103448;Venezuela;Atlas Guadalajara;Jesús Meza;25;100000.0;Offensives Mittelfeld;Reservebank
1103448;Venezuela;VfL Wolfsburg;Yohandry Orozco;20;750000.0;Linksaußen;Reservebank
1103448;Venezuela;Vancouver Whitecaps;Alejandro Moreno;32;350000.0;Mittelstürmer;Reservebank
1103448;Venezuela;Deportivo Anzoátegui SC;Daniel Arismendi;29;800000.0;Mittelstürmer;Reservebank
1103448;Venezuela;FC Málaga;José Salomón Rondón;21;5000000.0;Mittelstürmer;Reservebank
1103448;Ecuador;Barcelona SC Guayaquil;Máximo Banguera;25;500000.0;Torwart;Reservebank
1103448;Ecuador;LDU Quito;Alexander Domínguez;24;750000.0;Torwart;Reservebank
1103448;Ecuador;LDU Quito;Diego Calderón;24;500000.0;Innenverteidiger;Reservebank
1103448;Ecuador;LDU Quito;Geovanny Caicedo;30;1000000.0;Innenverteidiger;Reservebank
1103448;Ecuador;Deportivo Quito;Luis Checa;27;500000.0;Innenverteidiger;Reservebank
1103448;Ecuador;CS Emelec;Gabriel Achilier;26;500000.0;Innenverteidiger;Reservebank
1103448;Ecuador;Barcelona SC Guayaquil;Geovanny Nazareno;23;500000.0;Linker Verteidiger;Reservebank
1103448;Ecuador;Manchester United;Antonio Valencia;25;19000000.0;Rechter Verteidiger;Reservebank
1103448;Ecuador;Deportivo Quito;Oswaldo Minda;27;500000.0;Defensives Mittelfeld;Reservebank
1103448;Ecuador;CS Emelec;David Quiroz;28;500000.0;Zentrales Mittelfeld;Reservebank
1103448;Ecuador;KAA Gent;Édson Montaño;20;500000.0;Mittelstürmer;Reservebank
1103448;Ecuador;Independiente del Valle;Narciso Mina;28;750000.0;Mittelstürmer;Reservebank
