GameId;team;club;name;age;value;position;role
1103446;Bolivien;Maccabi Netanya;Carlos Arias;31;500000.0;Torwart;Startaufstellung
1103446;Bolivien;Shenzhen Ruby;Ronald Rivero;31;50000.0;Innenverteidiger;Startaufstellung
1103446;Bolivien;Club Atlético Colón (Santa Fe);Ronald Raldes;30;1000000.0;Innenverteidiger;Startaufstellung
1103446;Bolivien;Oriente Petrolero;Luis Gutiérrez;26;400000.0;Linker Verteidiger;Startaufstellung
1103446;Bolivien;Bolívar La Paz;Lorgio Álvarez;33;500000.0;Rechter Verteidiger;Startaufstellung
1103446;Bolivien;Bolívar La Paz;Wálter Flores;32;300000.0;Defensives Mittelfeld;Startaufstellung
1103446;Bolivien;Club Aurora;Jaime Robles;33;300000.0;Defensives Mittelfeld;Startaufstellung
1103446;Bolivien;Bolívar La Paz;Jhasmani Campos;23;50000.0;Rechtes Mittelfeld;Startaufstellung
1103446;Bolivien;Naval 1º de Maio;Edivaldo Rojas;25;900000.0;Linkes Mittelfeld;Startaufstellung
1103446;Bolivien;Oriente Petrolero;Juan Carlos Arce;26;500000.0;Hängende Spitze;Startaufstellung
1103446;Bolivien;Shakhtar Donetsk;Marcelo Moreno;24;2800000.0;Mittelstürmer;Startaufstellung
1103446;Costa Rica;CS Herediano;Leonel Moreira;21;50000.0;Torwart;Startaufstellung
1103446;Costa Rica;LD Alajuelense;Jhonny Acosta;27;50000.0;Innenverteidiger;Startaufstellung
1103446;Costa Rica;Deportivo Saprissa;Óscar Duarte;22;50000.0;Innenverteidiger;Startaufstellung
1103446;Costa Rica;CS Herediano;Francisco Calvo;19;50000.0;Innenverteidiger;Startaufstellung
1103446;Costa Rica;;Pedro Leal;22;50000.0;Linker Verteidiger;Startaufstellung
1103446;Costa Rica;LD Alajuelense;José Salvatierra;21;50000.0;Rechter Verteidiger;Startaufstellung
1103446;Costa Rica;Deportivo Saprissa;David Guzmán;21;50000.0;Zentrales Mittelfeld;Startaufstellung
1103446;Costa Rica;Deportivo Saprissa;Héiner Mora;27;50000.0;Rechtes Mittelfeld;Startaufstellung
1103446;Costa Rica;Club Cerro Porteño;Diego Madrigal;22;50000.0;Linkes Mittelfeld;Startaufstellung
1103446;Costa Rica;Deportivo Saprissa;Joel Campbell;19;50000.0;Mittelstürmer;Startaufstellung
1103446;Costa Rica;Deportivo Saprissa;Josué Martínez;21;50000.0;Mittelstürmer;Startaufstellung
1103446;Bolivien;Blooming Santa Cruz;Sergio Galarza;35;50000.0;Torwart;Reservebank
1103446;Bolivien;The Strongest La Paz;Daniel Vaca;32;50000.0;Torwart;Reservebank
1103446;Bolivien;Oriente Petrolero;Miguel Hoyos;30;400000.0;Innenverteidiger;Reservebank
1103446;Bolivien;CA Nacional Potosí;Santos Amador;29;50000.0;Innenverteidiger;Reservebank
1103446;Bolivien;Club Deportivo San José;Christian Vargas;27;400000.0;Rechter Verteidiger;Reservebank
1103446;Bolivien;Aris Thessaloniki;Ronald García;30;1500000.0;Zentrales Mittelfeld;Reservebank
1103446;Bolivien;Blooming Santa Cruz;José Luis Chávez;24;50000.0;Zentrales Mittelfeld;Reservebank
1103446;Bolivien;Vitória Guimarães SC;Mauricio Saucedo;25;300000.0;Offensives Mittelfeld;Reservebank
1103446;Bolivien;Bolívar La Paz;Rudy Cardozo;21;50000.0;Offensives Mittelfeld;Reservebank
1103446;Bolivien;Oriente Petrolero;Joselito Vaca;28;50000.0;Offensives Mittelfeld;Reservebank
1103446;Bolivien;;Alcides Peña;22;50000.0;Linksaußen;Reservebank
1103446;Bolivien;Sivasspor;Ricardo Pedriel;24;1200000.0;Mittelstürmer;Reservebank
1103446;Costa Rica;CD Belén Siglo XXI;Minor Álvarez;21;50000.0;Torwart;Reservebank
1103446;Costa Rica;AD San Carlos;Danny Carvajal;22;50000.0;Torwart;Reservebank
1103446;Costa Rica;Santos de Guápiles FC;Kevin Fajardo;21;50000.0;Innenverteidiger;Reservebank
1103446;Costa Rica;LD Alajuelense;Luis Miguel Valle;22;50000.0;Defensives Mittelfeld;Reservebank
1103446;Costa Rica;CS Herediano;José Miguel Cubero;24;50000.0;Defensives Mittelfeld;Reservebank
1103446;Costa Rica;LD Alajuelense;Allen Guevara;22;50000.0;Rechtes Mittelfeld;Reservebank
1103446;Costa Rica;Santos de Guápiles FC;Hansell Arauz;21;50000.0;Rechtes Mittelfeld;Reservebank
1103446;Costa Rica;LD Alajuelense;Jorge Gatgens;22;50000.0;Rechtes Mittelfeld;Reservebank
1103446;Costa Rica;Santos de Guápiles FC;Alejandro Castro;20;50000.0;Mittelstürmer;Reservebank
1103446;Costa Rica;Deportivo Saprissa;César Elizondo;23;50000.0;Mittelstürmer;Reservebank
