GameId;team;club;name;age;value;position;role
1103456;Uruguay;Lazio Rom;Fernando Muslera;25;8500000.0;Torwart;Startaufstellung
1103456;Uruguay;Club Nacional;Sebastián Coates;20;2500000.0;Innenverteidiger;Startaufstellung
1103456;Uruguay;Fenerbahce Istanbul;Diego Lugano;30;13000000.0;Innenverteidiger;Startaufstellung
1103456;Uruguay;FC Porto;Álvaro Pereira;25;10000000.0;Linker Verteidiger;Startaufstellung
1103456;Uruguay;Benfica Lissabon;Maxi Pereira;27;9400000.0;Rechter Verteidiger;Startaufstellung
1103456;Uruguay;Club Tijuana;Egidio Arévalo Ríos;29;3000000.0;Defensives Mittelfeld;Startaufstellung
1103456;Uruguay;FC Bologna;Diego Pérez;31;3300000.0;Zentrales Mittelfeld;Startaufstellung
1103456;Uruguay;Lazio Rom;Álvaro González;26;2000000.0;Zentrales Mittelfeld;Startaufstellung
1103456;Uruguay;FC Porto;Cristian Rodríguez;25;5800000.0;Linksaußen;Startaufstellung
1103456;Uruguay;Atlético Madrid;Diego Forlán;32;10000000.0;Rechtsaußen;Startaufstellung
1103456;Uruguay;FC Liverpool;Luis Suárez;24;25000000.0;Mittelstürmer;Startaufstellung
1103456;Mexiko;Deportivo Guadalajara;Luis Michel;31;3000000.0;Torwart;Startaufstellung
1103456;Mexiko;Deportivo Guadalajara;Héctor Reynoso;30;1500000.0;Innenverteidiger;Startaufstellung
1103456;Mexiko;CD Cruz Azul;Néstor Araujo;19;700000.0;Innenverteidiger;Startaufstellung
1103456;Mexiko;CF Monterrey;Hiram Mier;21;850000.0;Innenverteidiger;Startaufstellung
1103456;Mexiko;CF Monterrey;Dárvin Chávez;21;800000.0;Linker Verteidiger;Startaufstellung
1103456;Mexiko;CF América;Paul Aguilar;25;2000000.0;Rechter Verteidiger;Startaufstellung
1103456;Mexiko;CF América;Diego Reyes;18;800000.0;Defensives Mittelfeld;Startaufstellung
1103456;Mexiko;Deportivo Guadalajara;Jorge Enríquez;20;1000000.0;Defensives Mittelfeld;Startaufstellung
1103456;Mexiko;Deportivo Guadalajara;Miguel Ponce;22;1000000.0;Linksaußen;Startaufstellung
1103456;Mexiko;Tottenham Hotspur;Giovani dos Santos;22;5000000.0;Rechtsaußen;Startaufstellung
1103456;Mexiko;Monarcas Morelia;Rafael Márquez;29;1500000.0;Mittelstürmer;Startaufstellung
1103456;Uruguay;CSD Colo Colo;Juan Castillo;33;750000.0;Torwart;Reservebank
1103456;Uruguay;Olimpia Asunción;Martín Silva;28;1000000.0;Torwart;Reservebank
1103456;Uruguay;Atlético Madrid;Diego Godín;25;12000000.0;Innenverteidiger;Reservebank
1103456;Uruguay;CSD Colo Colo;Andrés Scotti;35;700000.0;Innenverteidiger;Reservebank
1103456;Uruguay;EC Cruzeiro Belo Horizonte;Mauricio Victorino;28;3500000.0;Innenverteidiger;Reservebank
1103456;Uruguay;FC Sevilla;Martín Cáceres;24;7000000.0;Rechter Verteidiger;Reservebank
1103456;Uruguay;Sporting Gijón;Sebastián Eguren;30;3000000.0;Defensives Mittelfeld;Reservebank
1103456;Uruguay;SSC Neapel;Walter Gargano;26;9000000.0;Defensives Mittelfeld;Reservebank
1103456;Uruguay;Ajax Amsterdam;Nicolás Lodeiro;22;1250000.0;Offensives Mittelfeld;Reservebank
1103456;Uruguay;Botafogo Rio de Janeiro;Sebastián Abreu;34;1000000.0;Mittelstürmer;Reservebank
1103456;Uruguay;US Palermo;Abel Hernández;20;5000000.0;Mittelstürmer;Reservebank
1103456;Uruguay;SSC Neapel;Edinson Cavani;24;24500000.0;Mittelstürmer;Reservebank
1103456;Mexiko;Mérida FC;Carlos Rodríguez;22;300000.0;Torwart;Reservebank
1103456;Mexiko;Querétaro FC;Liborio Sánchez;21;250000.0;Torwart;Reservebank
1103456;Mexiko;Estudiantes Tecos;Oswaldo Alanís;22;800000.0;Innenverteidiger;Reservebank
1103456;Mexiko;Deportivo Guadalajara;Kristian Álvarez;19;500000.0;Innenverteidiger;Reservebank
1103456;Mexiko;Deportivo Guadalajara;Antonio Gallardo;22;600000.0;Zentrales Mittelfeld;Reservebank
1103456;Mexiko;UNAM Pumas;Diego de Buen;20;50000.0;Zentrales Mittelfeld;Reservebank
1103456;Mexiko;UNAM Pumas;Carlos Orrantía;20;850000.0;Rechtes Mittelfeld;Reservebank
1103456;Mexiko;Deportivo Guadalajara;Ulises Dávila;20;300000.0;Offensives Mittelfeld;Reservebank
1103456;Mexiko;Tigres UANL;Edgar Pacheco;21;2000000.0;Offensives Mittelfeld;Reservebank
1103456;Mexiko;CD Cruz Azul;Javier Aquino;21;750000.0;Linksaußen;Reservebank
1103456;Mexiko;Santos Laguna;Oribe Peralta;27;1850000.0;Mittelstürmer;Reservebank
1103456;Mexiko;Tigres UANL;Alan Pulido;20;850000.0;Mittelstürmer;Reservebank
