GameId;team;club;name;age;value;position;role
1115118;Mexiko;Deportivo Toluca;Alfredo Talavera;28;1500000.0;Torwart;Startaufstellung
1115118;Mexiko;AZ Alkmaar;Héctor Moreno;23;4500000.0;Innenverteidiger;Startaufstellung
1115118;Mexiko;New York Red Bulls;Rafael Márquez;32;3000000.0;Innenverteidiger;Startaufstellung
1115118;Mexiko;FC Fulham;Carlos Salcido;31;4500000.0;Innenverteidiger;Startaufstellung
1115118;Mexiko;Celtic Glasgow;Efraín Juárez;23;2500000.0;Rechter Verteidiger;Startaufstellung
1115118;Mexiko;CD Cruz Azul;Gerardo Torrado;32;2500000.0;Defensives Mittelfeld;Startaufstellung
1115118;Mexiko;Deportivo La Coruna ;Andrés Guardado;24;5000000.0;Defensives Mittelfeld;Startaufstellung
1115118;Mexiko;UNAM Pumas;Israel Castro;30;2750000.0;Zentrales Mittelfeld;Startaufstellung
1115118;Mexiko;West Ham United;Pablo Barrera;23;3500000.0;Rechtsaußen;Startaufstellung
1115118;Mexiko;Racing Santander;Giovani dos Santos;22;5000000.0;Hängende Spitze;Startaufstellung
1115118;Mexiko;Manchester United;Chicharito;23;11000000.0;Mittelstürmer;Startaufstellung
1115118;Guatemala;Club Comunicaciones (Agronomia);Ricardo Jérez;25;100000.0;Torwart;Startaufstellung
1115118;Guatemala;CSD Municipal;Gustavo Cabrera;31;600000.0;Innenverteidiger;Startaufstellung
1115118;Guatemala;Universidad San Carlos;Carlos Gallardo;27;100000.0;Innenverteidiger;Startaufstellung
1115118;Guatemala;;Cristian Noriega;24;100000.0;Innenverteidiger;Startaufstellung
1115118;Guatemala;Comunicaciones FC;Elías Vásquez;19;100000.0;Innenverteidiger;Startaufstellung
1115118;Guatemala;;Wilfred Velásquez;25;100000.0;Defensives Mittelfeld;Startaufstellung
1115118;Guatemala;Comunicaciones FC;Javier del Águila;20;100000.0;Zentrales Mittelfeld;Startaufstellung
1115118;Guatemala;Comunicaciones FC;Jairo Arreola;25;100000.0;Rechtes Mittelfeld;Startaufstellung
1115118;Guatemala;Chicago Fire;Marco Pappa;23;400000.0;Linksaußen;Startaufstellung
1115118;Guatemala;Deportivo Marquense;Jonathan López;23;100000.0;Rechtsaußen;Startaufstellung
1115118;Guatemala;Philadelphia Union;Carlos Ruiz;31;800000.0;Mittelstürmer;Startaufstellung
1115118;Mexiko;CF Monterrey;Jesús Zavala;23;2000000.0;Defensives Mittelfeld;Reservebank
1115118;Mexiko;CF América;Ángel Reyna;26;2000000.0;Hängende Spitze;Reservebank
1115118;Mexiko;CF Monterrey;Aldo de Nigris;27;3000000.0;Mittelstürmer;Reservebank
1115118;Guatemala;Comunicaciones FC;Carlos Castrillo;26;100000.0;Rechter Verteidiger;Reservebank
1115118;Guatemala;CD Malacateco;Óscar Isaula;28;100000.0;Mittelstürmer;Reservebank
