GameId;team;club;name;age;value;position;role
1115120;Panama;CSD Municipal;Jaime Penedo;29;100000.0;Torwart;Startaufstellung
1115120;Panama;Santos Laguna;Felipe Baloy;30;2000000.0;Innenverteidiger;Startaufstellung
1115120;Panama;Comunicaciones FC;Adolfo Machado;26;100000.0;Innenverteidiger;Startaufstellung
1115120;Panama;Atlético Nacional;Román Torres;25;750000.0;Innenverteidiger;Startaufstellung
1115120;Panama;Lech Posen;Luis Henríquez;29;700000.0;Linker Verteidiger;Startaufstellung
1115120;Panama;CD La Equidad;Gabriel Gómez;27;1200000.0;Defensives Mittelfeld;Startaufstellung
1115120;Panama;CD Atlético Huila;Amílcar Henríquez †;27;100000.0;Defensives Mittelfeld;Startaufstellung
1115120;Panama;;Armando Cooper;23;100000.0;Zentrales Mittelfeld;Startaufstellung
1115120;Panama;Caracas FC;Nelson Barahona;23;550000.0;Offensives Mittelfeld;Startaufstellung
1115120;Panama;Club León FC;Blas Pérez;30;1500000.0;Mittelstürmer;Startaufstellung
1115120;Panama;Club Juan Aurich;Luis Tejada;29;350000.0;Mittelstürmer;Startaufstellung
1115120;El Salvador;CD Águila;Miguel Montes;31;50000.0;Torwart;Startaufstellung
1115120;El Salvador;CD Universidad de El Salvador;Luis Anaya;30;50000.0;Innenverteidiger;Startaufstellung
1115120;El Salvador;CD Luis Angel Firpo;Xavier García;20;50000.0;Innenverteidiger;Startaufstellung
1115120;El Salvador;Portland Timbers;Steve Purdy-Ramos;26;100000.0;Innenverteidiger;Startaufstellung
1115120;El Salvador;CD Luis Angel Firpo;Víctor Turcios;23;50000.0;Innenverteidiger;Startaufstellung
1115120;El Salvador;;Reynaldo Hernández;26;50000.0;Linker Verteidiger;Startaufstellung
1115120;El Salvador;CD Luis Angel Firpo;Jaime Alás;21;50000.0;Linkes Mittelfeld;Startaufstellung
1115120;El Salvador;CD Luis Angel Firpo;Dennis Alas;26;50000.0;Offensives Mittelfeld;Startaufstellung
1115120;El Salvador;CD Luis Angel Firpo;Eliseo Quintanilla;28;150000.0;Offensives Mittelfeld;Startaufstellung
1115120;El Salvador;Alianza Fútbol Club;Rudis Corrales;31;50000.0;Mittelstürmer;Startaufstellung
1115120;El Salvador;Alianza Fútbol Club;Rodolfo Zelaya;22;50000.0;Mittelstürmer;Startaufstellung
1115120;Panama;;Aníbal Godoy;21;100000.0;Defensives Mittelfeld;Reservebank
1115120;Panama;FC Ontinyent;Alberto Quintero;23;100000.0;Rechtes Mittelfeld;Reservebank
1115120;Panama;CD Real Cartagena;Luis Rentería †;22;100000.0;Mittelstürmer;Reservebank
1115120;El Salvador;CD Águila;Osael Romero;25;400000.0;Offensives Mittelfeld;Reservebank
1115120;El Salvador;AD Isidro Metapán;Andrés Flores;20;50000.0;Offensives Mittelfeld;Reservebank
1115120;El Salvador;Real Salt Lake City;Arturo Álvarez;25;250000.0;Linksaußen;Reservebank
