GameId;team;club;name;age;value;position;role
1115117;Costa Rica;Albacete Balompié;Keylor Navas;24;600000.0;Torwart;Startaufstellung
1115117;Costa Rica;LD Alajuelense;Jhonny Acosta;27;50000.0;Innenverteidiger;Startaufstellung
1115117;Costa Rica;FC Brügge;Júnior Díaz;27;2000000.0;Linker Verteidiger;Startaufstellung
1115117;Costa Rica;Aalborg BK;Dennis Marshall †;†25;300000.0;Linker Verteidiger;Startaufstellung
1115117;Costa Rica;FC Nordsjaelland;Bryan Oviedo;21;250000.0;Linker Verteidiger;Startaufstellung
1115117;Costa Rica;LD Alajuelense;José Salvatierra;21;50000.0;Rechter Verteidiger;Startaufstellung
1115117;Costa Rica;Fredrikstad FK;Celso Borges;23;900000.0;Zentrales Mittelfeld;Startaufstellung
1115117;Costa Rica;FC Twente Enschede;Bryan Ruíz;25;12500000.0;Linkes Mittelfeld;Startaufstellung
1115117;Costa Rica;FC Kopenhagen;Christian Bolaños;27;2000000.0;Rechtsaußen;Startaufstellung
1115117;Costa Rica;Kuban Krasnodar;Marcos Ureña;21;50000.0;Hängende Spitze;Startaufstellung
1115117;Costa Rica;Real Salt Lake City;Álvaro Saborío;29;750000.0;Mittelstürmer;Startaufstellung
1115117;Honduras;CD Olimpia;Noel Valladares;34;1500000.0;Torwart;Startaufstellung
1115117;Honduras;Lierse SK;Víctor Bernárdez;29;1200000.0;Innenverteidiger;Startaufstellung
1115117;Honduras;Wisla Krakau;Osman Chávez;26;900000.0;Innenverteidiger;Startaufstellung
1115117;Honduras;CD Olimpia;Juan Carlos García;23;350000.0;Linker Verteidiger;Startaufstellung
1115117;Honduras;CD Olimpia;Javier Portillo;30;350000.0;Linker Verteidiger;Startaufstellung
1115117;Honduras;CD Marathón;Mauricio Sabillón;32;1000000.0;Rechter Verteidiger;Startaufstellung
1115117;Honduras;Wigan Athletic;Hendry Thomas;26;3000000.0;Defensives Mittelfeld;Startaufstellung
1115117;Honduras;Sporting Kansas City;Róger Espinoza;24;600000.0;Zentrales Mittelfeld;Startaufstellung
1115117;Honduras;CD Olimpia;Boniek García;26;1000000.0;Rechtes Mittelfeld;Startaufstellung
1115117;Honduras;Beijing Guoan;Wálter Martínez;29;800000.0;Linkes Mittelfeld;Startaufstellung
1115117;Honduras;CD Motagua Tegucigalpa;Jerry Bengtson;24;350000.0;Mittelstürmer;Startaufstellung
1115117;Costa Rica;Santos de Guápiles FC;Héiner Mora;26;50000.0;Rechter Verteidiger;Reservebank
1115117;Costa Rica;Club Cerro Porteño;Diego Madrigal;22;50000.0;Linkes Mittelfeld;Reservebank
1115117;Costa Rica;Puntarenas FC;Joel Campbell;18;50000.0;Rechtsaußen;Reservebank
1115117;Honduras;Tottenham Hotspur;Wilson Palacios;26;14000000.0;Defensives Mittelfeld;Reservebank
1115117;Honduras;Scunthorpe United;Ramón Núñez;25;850000.0;Zentrales Mittelfeld;Reservebank
1115117;Honduras;Atlas Guadalajara;Carlo Costly;28;1100000.0;Mittelstürmer;Reservebank
