GameId;team;club;name;age;value;position;role
1115119;Jamaika;Los Angeles Galaxy;Donovan Ricketts;34;400000.0;Torwart;Startaufstellung
1115119;Jamaika;Houston Dynamo;Jermaine Taylor;26;275000.0;Innenverteidiger;Startaufstellung
1115119;Jamaika;Portmore United;Adrian Reid;26;100000.0;Innenverteidiger;Startaufstellung
1115119;Jamaika;Sporting Kansas City;Shavar Thomas;30;250000.0;Innenverteidiger;Startaufstellung
1115119;Jamaika;Aalesunds FK;Demar Phillips;27;700000.0;Linker Verteidiger;Startaufstellung
1115119;Jamaika;Brann Bergen;Rodolph Austin;26;1000000.0;Defensives Mittelfeld;Startaufstellung
1115119;Jamaika;Aalesunds FK;Jason Morrison;27;500000.0;Defensives Mittelfeld;Startaufstellung
1115119;Jamaika;New York Red Bulls;Dane Richards;27;150000.0;Rechtes Mittelfeld;Startaufstellung
1115119;Jamaika;Portmore United;Eric Vernan;23;125000.0;Rechtes Mittelfeld;Startaufstellung
1115119;Jamaika;Valerenga Oslo;Luton Shelton;25;1800000.0;Linksaußen;Startaufstellung
1115119;Jamaika;San Jose Earthquakes;Ryan Johnson;26;400000.0;Mittelstürmer;Startaufstellung
1115119;Vereinigte Staaten;FC Everton;Tim Howard;32;10000000.0;Torwart;Startaufstellung
1115119;Vereinigte Staaten;AS Saint-Étienne;Carlos Bocanegra;32;2500000.0;Innenverteidiger;Startaufstellung
1115119;Vereinigte Staaten;Bröndby IF;Clarence Goodson;29;1850000.0;Innenverteidiger;Startaufstellung
1115119;Vereinigte Staaten;Hannover 96;Steven Cherundolo;32;2000000.0;Rechter Verteidiger;Startaufstellung
1115119;Vereinigte Staaten;Aston Villa;Eric Lichaj;22;1000000.0;Rechter Verteidiger;Startaufstellung
1115119;Vereinigte Staaten;Blackburn Rovers;Jermaine Jones;29;5000000.0;Defensives Mittelfeld;Startaufstellung
1115119;Vereinigte Staaten;Aston Villa;Michael Bradley;23;5000000.0;Zentrales Mittelfeld;Startaufstellung
1115119;Vereinigte Staaten;RSC Anderlecht;Sacha Kljestan;25;1200000.0;Offensives Mittelfeld;Startaufstellung
1115119;Vereinigte Staaten;Örebro SK;Alejandro Bedoya;24;1500000.0;Offensives Mittelfeld;Startaufstellung
1115119;Vereinigte Staaten;FC Fulham;Clint Dempsey;28;9000000.0;Hängende Spitze;Startaufstellung
1115119;Vereinigte Staaten;Bursaspor;Jozy Altidore;21;2200000.0;Mittelstürmer;Startaufstellung
1115119;Jamaika;Houston Dynamo;Je-Vaughn Watson;27;100000.0;Rechter Verteidiger;Reservebank
1115119;Jamaika;Tivoli Gardens FC;Keammar Daley;23;100000.0;Zentrales Mittelfeld;Reservebank
1115119;Jamaika;Bradford City;Omar Daley;30;400000.0;Rechtes Mittelfeld;Reservebank
1115119;Vereinigte Staaten;Glasgow Rangers;Maurice Edu;25;2500000.0;Defensives Mittelfeld;Reservebank
1115119;Vereinigte Staaten;Los Angeles Galaxy;Landon Donovan;29;3000000.0;Hängende Spitze;Reservebank
1115119;Vereinigte Staaten;New York Red Bulls;Juan Agudelo;18;175000.0;Mittelstürmer;Reservebank
