GameId;team;club;name;age;value;position;role
1126204;Argentinien;Club Atlético Boca Juniors;Roberto Abbondanzieri;33;2500000.0;Torwart;Startaufstellung
1126204;Argentinien;Manchester United;Gabriel Heinze;28;16250000.0;Innenverteidiger;Startaufstellung
1126204;Argentinien;FC Valencia;Roberto Ayala;33;8750000.0;Innenverteidiger;Startaufstellung
1126204;Argentinien;FC Villarreal;Juan Pablo Sorín;30;5500000.0;Linker Verteidiger;Startaufstellung
1126204;Argentinien;FC Internazionale;Nicolás Burdisso;25;6000000.0;Rechter Verteidiger;Startaufstellung
1126204;Argentinien;Corinthians Sao Paulo;Javier Mascherano;22;11800000.0;Defensives Mittelfeld;Startaufstellung
1126204;Argentinien;FC Porto;Lucho González;25;14000000.0;Rechtes Mittelfeld;Startaufstellung
1126204;Argentinien;Atlético Madrid;Maxi Rodríguez;25;9000000.0;Linkes Mittelfeld;Startaufstellung
1126204;Argentinien;FC Villarreal;Juan Riquelme;27;18000000.0;Offensives Mittelfeld;Startaufstellung
1126204;Argentinien;FC Sevilla;Javier Saviola;24;11500000.0;Mittelstürmer;Startaufstellung
1126204;Argentinien;FC Chelsea;Hernán Crespo;30;14000000.0;Mittelstürmer;Startaufstellung
1126204;Serbien und Montenegro;Ankaraspor;Dragoslav Jevric;31;1000000.0;Torwart;Startaufstellung
1126204;Serbien und Montenegro;Roter Stern Belgrad;Milan Dudic;26;1800000.0;Innenverteidiger;Startaufstellung
1126204;Serbien und Montenegro;Dynamo Kiew;Goran Gavrancic;27;1700000.0;Innenverteidiger;Startaufstellung
1126204;Serbien und Montenegro;FC Schalke 04;Mladen Krstajic;32;5000000.0;Linker Verteidiger;Startaufstellung
1126204;Serbien und Montenegro;Shakhtar Donetsk;Igor Duljaj;26;3500000.0;Rechter Verteidiger;Startaufstellung
1126204;Serbien und Montenegro;FK Partizan Belgrad;Albert Nadj;31;1500000.0;Defensives Mittelfeld;Startaufstellung
1126204;Serbien und Montenegro;FC Internazionale;Dejan Stanković;27;22000000.0;Zentrales Mittelfeld;Startaufstellung
1126204;Serbien und Montenegro;Olympiakos Piräus;Predrag Djordjevic;33;2800000.0;Linksaußen;Startaufstellung
1126204;Serbien und Montenegro;Terek Grozny;Ognjen Koroman;27;2750000.0;Rechtsaußen;Startaufstellung
1126204;Serbien und Montenegro;CA Osasuna;Savo Milosevic;32;3600000.0;Mittelstürmer;Startaufstellung
1126204;Serbien und Montenegro;Atlético Madrid;Mateja Kezman;27;12500000.0;Mittelstürmer;Startaufstellung
1126204;Argentinien;Atlético Madrid;Leo Franco;29;6500000.0;Torwart;Reservebank
1126204;Argentinien;CA Independiente de Avellaneda;Óscar Ustari;19;1500000.0;Torwart;Reservebank
1126204;Argentinien;Deportivo La Coruna ;Fabricio Coloccini;24;8000000.0;Innenverteidiger;Reservebank
1126204;Argentinien;AS Rom;Leandro Cufré;28;4000000.0;Linker Verteidiger;Reservebank
1126204;Argentinien;West Ham United;Lionel Scaloni;28;4000000.0;Rechter Verteidiger;Reservebank
1126204;Argentinien;FC Internazionale;Esteban Cambiasso;25;19000000.0;Defensives Mittelfeld;Reservebank
1126204;Argentinien;FC Valencia;Pablo Aimar;26;18000000.0;Offensives Mittelfeld;Reservebank
1126204;Argentinien;FC Barcelona;Lionel Messi;18;15000000.0;Rechtsaußen;Reservebank
1126204;Argentinien;Corinthians Sao Paulo;Carlos Tévez;22;15000000.0;Hängende Spitze;Reservebank
1126204;Argentinien;Club Atlético Boca Juniors;Rodrigo Palacio;24;3000000.0;Mittelstürmer;Reservebank
1126204;Argentinien;Real Saragossa ;Diego Milito;27;6000000.0;Mittelstürmer;Reservebank
1126204;Argentinien;FC Internazionale;Julio Cruz;31;7000000.0;Mittelstürmer;Reservebank
1126204;Serbien und Montenegro;ZSKA Sofia;Oliver Kovačević;31;500000.0;Torwart;Reservebank
1126204;Serbien und Montenegro;Roter Stern Belgrad;Vladimir Stojkovic;22;2000000.0;Torwart;Reservebank
1126204;Serbien und Montenegro;FC Sevilla;Ivica Dragutinovic;30;1500000.0;Innenverteidiger;Reservebank
1126204;Serbien und Montenegro;Manchester United;Nemanja Vidic‎;24;8500000.0;Innenverteidiger;Reservebank
1126204;Serbien und Montenegro;FK Partizan Belgrad;Nenad Djordjevic;26;1700000.0;Innenverteidiger;Reservebank
1126204;Serbien und Montenegro;OFK Belgrad;Dusan Petkovic;32;450000.0;Innenverteidiger;Reservebank
1126204;Serbien und Montenegro;Roter Stern Belgrad;Dusan Basta;21;5000000.0;Rechter Verteidiger;Reservebank
1126204;Serbien und Montenegro;Galatasaray Istanbul;Sasa Ilic;28;4500000.0;Zentrales Mittelfeld;Reservebank
1126204;Serbien und Montenegro;FC Basel 1893;Ivan Ergic;25;1800000.0;Zentrales Mittelfeld;Reservebank
1126204;Serbien und Montenegro;Shakhtar Donetsk;Zvonimir Vukic;26;4500000.0;Offensives Mittelfeld;Reservebank
1126204;Serbien und Montenegro;VfB Stuttgart;Danijel Ljuboja;27;3750000.0;Mittelstürmer;Reservebank
1126204;Serbien und Montenegro;Roter Stern Belgrad;Nikola Zigic;25;8000000.0;Mittelstürmer;Reservebank
