GameId;team;club;name;age;value;position;role
1127603;Kolumbien;Once Caldas;Luis Martínez;29;850000.0;Torwart;Startaufstellung
1127603;Kolumbien;AC Mailand;Mario Yepes;35;1000000.0;Innenverteidiger;Startaufstellung
1127603;Kolumbien;Atlético Madrid;Luis Perea;32;3000000.0;Innenverteidiger;Startaufstellung
1127603;Kolumbien;Udinese Calcio;Pablo Armero;24;5000000.0;Linker Verteidiger;Startaufstellung
1127603;Kolumbien;Valenciennes FC ;Carlos Sánchez;25;3700000.0;Defensives Mittelfeld;Startaufstellung
1127603;Kolumbien;Hércules Alicante;Abel Aguilar;26;2500000.0;Defensives Mittelfeld;Startaufstellung
1127603;Kolumbien;FC Porto;Fredy Guarín;25;9500000.0;Zentrales Mittelfeld;Startaufstellung
1127603;Kolumbien;SSC Neapel;Camilo Zúñiga;25;4500000.0;Linkes Mittelfeld;Startaufstellung
1127603;Kolumbien;Club Tijuana;Dayro Moreno;25;1500000.0;Mittelstürmer;Startaufstellung
1127603;Kolumbien;FC Porto;Falcao;25;25000000.0;Mittelstürmer;Startaufstellung
1127603;Kolumbien;Hertha BSC;Adrián Ramos;25;5000000.0;Mittelstürmer;Startaufstellung
1127603;Peru;OGC Nizza;Raúl Fernández;25;200000.0;Torwart;Startaufstellung
1127603;Peru;Sporting Cristal Lima;Wálter Vílchez;29;500000.0;Innenverteidiger;Startaufstellung
1127603;Peru;Alianza Lima;Christian Ramos;22;300000.0;Innenverteidiger;Startaufstellung
1127603;Peru;Sporting Lissabon;Alberto Rodríguez;27;5800000.0;Innenverteidiger;Startaufstellung
1127603;Peru;AC Florenz;Juan Manuel Vargas;27;15000000.0;Linker Verteidiger;Startaufstellung
1127603;Peru;Universitario de Deportes;Renzo Revoredo;25;400000.0;Rechter Verteidiger;Startaufstellung
1127603;Peru;Sporting Cristal Lima;Luis Advíncula;21;250000.0;Rechter Verteidiger;Startaufstellung
1127603;Peru;Universidad San Martín de Porres;Adán Balbín;24;200000.0;Defensives Mittelfeld;Startaufstellung
1127603;Peru;Club Juan Aurich;Rinaldo Cruzado;26;300000.0;Zentrales Mittelfeld;Startaufstellung
1127603;Peru;Club Juan Aurich;William Chiroque;31;300000.0;Offensives Mittelfeld;Startaufstellung
1127603;Peru;Hamburger SV;Paolo Guerrero;27;4500000.0;Mittelstürmer;Startaufstellung
1127603;Kolumbien;Independiente Medellín;Bréiner Castillo;33;450000.0;Torwart;Reservebank
1127603;Kolumbien;Millonarios FC;Nelson Ramos;29;650000.0;Torwart;Reservebank
1127603;Kolumbien;CF América;Aquivaldo Mosquera;30;1750000.0;Innenverteidiger;Reservebank
1127603;Kolumbien;FC Villarreal;Cristián Zapata;24;9000000.0;Innenverteidiger;Reservebank
1127603;Kolumbien;Junior FC;Juan David Valencia;25;900000.0;Linker Verteidiger;Reservebank
1127603;Kolumbien;1.FSV Mainz 05;Elkin Soto;30;2000000.0;Zentrales Mittelfeld;Reservebank
1127603;Kolumbien;Deportes Tolima;Gustavo Bolívar;26;450000.0;Zentrales Mittelfeld;Reservebank
1127603;Kolumbien;Independiente Santa Fe;Yulián Anchico;27;1000000.0;Rechtes Mittelfeld;Reservebank
1127603;Kolumbien;Udinese Calcio;Juan Cuadrado;23;800000.0;Rechtsaußen;Reservebank
1127603;Kolumbien;Racing Club de Avellaneda;Teófilo Gutiérrez;26;1800000.0;Hängende Spitze;Reservebank
1127603;Kolumbien;Jaguares de Chiapas;Jackson Martínez;24;3500000.0;Mittelstürmer;Reservebank
1127603;Kolumbien;Wigan Athletic;Hugo Rodallega;25;7500000.0;Mittelstürmer;Reservebank
1127603;Peru;Universidad San Martín de Porres;Leao Butrón;34;400000.0;Torwart;Reservebank
1127603;Peru;Alianza Lima;Salomón Libman;27;400000.0;Torwart;Reservebank
1127603;Peru;UD Almería;Santiago Acasiete;33;700000.0;Innenverteidiger;Reservebank
1127603;Peru;Universidad San Martín de Porres;Aldo Corzo;22;150000.0;Rechter Verteidiger;Reservebank
1127603;Peru;Club Atlético San Lorenzo de Almagro;Giancarlo Carmona;25;1200000.0;Rechter Verteidiger;Reservebank
1127603;Peru;Universidad San Martín de Porres;Josepmir Ballón;23;500000.0;Defensives Mittelfeld;Reservebank
1127603;Peru;Universitario de Deportes;Antonio Gonzales;25;300000.0;Defensives Mittelfeld;Reservebank
1127603;Peru;Sporting Cristal Lima;Yoshimar Yotún;21;150000.0;Zentrales Mittelfeld;Reservebank
1127603;Peru;Sporting Cristal Lima;Carlos Lobatón;31;300000.0;Zentrales Mittelfeld;Reservebank
1127603;Peru;Sport Boys Callao;Michael Guevara;27;200000.0;Offensives Mittelfeld;Reservebank
1127603;Peru;Sporting Lissabon;André Carrillo;20;400000.0;Rechtsaußen;Reservebank
1127603;Peru;Universitario de Deportes;Raúl Ruidíaz;20;300000.0;Mittelstürmer;Reservebank
