GameId;team;club;name;age;value;position;role
1127604;Argentinien;AZ Alkmaar;Sergio Romero;24;7000000.0;Torwart;Startaufstellung
1127604;Argentinien;FC Barcelona;Gabriel Milito;30;8000000.0;Innenverteidiger;Startaufstellung
1127604;Argentinien;AS Rom;Nicolás Burdisso;30;6500000.0;Innenverteidiger;Startaufstellung
1127604;Argentinien;Manchester City;Pablo Zabaleta;26;12000000.0;Linker Verteidiger;Startaufstellung
1127604;Argentinien;FC Internazionale;Javier Zanetti;37;4500000.0;Rechter Verteidiger;Startaufstellung
1127604;Argentinien;FC Barcelona;Javier Mascherano;27;25000000.0;Defensives Mittelfeld;Startaufstellung
1127604;Argentinien;Real Madrid;Fernando Gago;25;9000000.0;Defensives Mittelfeld;Startaufstellung
1127604;Argentinien;FC Barcelona;Lionel Messi;24;100000000.0;Offensives Mittelfeld;Startaufstellung
1127604;Argentinien;Atlético Madrid;Sergio Agüero;23;36000000.0;Linksaußen;Startaufstellung
1127604;Argentinien;Real Madrid;Ángel Di María;23;25000000.0;Rechtsaußen;Startaufstellung
1127604;Argentinien;Real Madrid;Gonzalo Higuaín;23;38000000.0;Mittelstürmer;Startaufstellung
1127604;Uruguay;Lazio Rom;Fernando Muslera;25;8500000.0;Torwart;Startaufstellung
1127604;Uruguay;Fenerbahce Istanbul;Diego Lugano;30;13000000.0;Innenverteidiger;Startaufstellung
1127604;Uruguay;EC Cruzeiro Belo Horizonte;Mauricio Victorino;28;3500000.0;Innenverteidiger;Startaufstellung
1127604;Uruguay;FC Sevilla;Martín Cáceres;24;7000000.0;Linker Verteidiger;Startaufstellung
1127604;Uruguay;Benfica Lissabon;Maxi Pereira;27;9400000.0;Rechter Verteidiger;Startaufstellung
1127604;Uruguay;FC Bologna;Diego Pérez;31;3300000.0;Zentrales Mittelfeld;Startaufstellung
1127604;Uruguay;Club Tijuana;Egidio Arévalo Ríos;29;3000000.0;Zentrales Mittelfeld;Startaufstellung
1127604;Uruguay;Lazio Rom;Álvaro González;26;2000000.0;Rechtes Mittelfeld;Startaufstellung
1127604;Uruguay;FC Porto;Álvaro Pereira;25;10000000.0;Linkes Mittelfeld;Startaufstellung
1127604;Uruguay;Atlético Madrid;Diego Forlán;32;10000000.0;Mittelstürmer;Startaufstellung
1127604;Uruguay;FC Liverpool;Luis Suárez;24;25000000.0;Mittelstürmer;Startaufstellung
1127604;Argentinien;Lazio Rom;Juan Pablo Carrizo;27;1500000.0;Torwart;Reservebank
1127604;Argentinien;Catania Calcio;Mariano Andújar;27;4000000.0;Torwart;Reservebank
1127604;Argentinien;Spartak Moskau;Marcos Rojo;21;1500000.0;Innenverteidiger;Reservebank
1127604;Argentinien;Benfica Lissabon;Ezequiel Garay;24;10000000.0;Innenverteidiger;Reservebank
1127604;Argentinien;FC Internazionale;Esteban Cambiasso;30;24000000.0;Defensives Mittelfeld;Reservebank
1127604;Argentinien;RSC Anderlecht;Lucas Biglia;25;8500000.0;Defensives Mittelfeld;Reservebank
1127604;Argentinien;FC Valencia;Éver Banega;23;12000000.0;Zentrales Mittelfeld;Reservebank
1127604;Argentinien;US Palermo;Javier Pastore;22;21000000.0;Offensives Mittelfeld;Reservebank
1127604;Argentinien;SSC Neapel;Ezequiel Lavezzi;26;23500000.0;Linksaußen;Reservebank
1127604;Argentinien;Manchester City;Carlos Tévez;27;38000000.0;Hängende Spitze;Reservebank
1127604;Argentinien;FC Internazionale;Diego Milito;32;17000000.0;Mittelstürmer;Reservebank
1127604;Uruguay;Olimpia Asunción;Martín Silva;28;1000000.0;Torwart;Reservebank
1127604;Uruguay;CSD Colo Colo;Juan Castillo;33;750000.0;Torwart;Reservebank
1127604;Uruguay;Atlético Madrid;Diego Godín;25;12000000.0;Innenverteidiger;Reservebank
1127604;Uruguay;CSD Colo Colo;Andrés Scotti;35;700000.0;Innenverteidiger;Reservebank
1127604;Uruguay;SSC Neapel;Walter Gargano;26;9000000.0;Defensives Mittelfeld;Reservebank
1127604;Uruguay;Sporting Gijón;Sebastián Eguren;30;3000000.0;Defensives Mittelfeld;Reservebank
1127604;Uruguay;FC Porto;Cristian Rodríguez;25;5800000.0;Linkes Mittelfeld;Reservebank
1127604;Uruguay;Ajax Amsterdam;Nicolás Lodeiro;22;1250000.0;Offensives Mittelfeld;Reservebank
1127604;Uruguay;Botafogo Rio de Janeiro;Sebastián Abreu;34;1000000.0;Mittelstürmer;Reservebank
1127604;Uruguay;US Palermo;Abel Hernández;20;5000000.0;Mittelstürmer;Reservebank
1127604;Uruguay;SSC Neapel;Edinson Cavani;24;24500000.0;Mittelstürmer;Reservebank
