GameId;team;club;name;age;value;position;role
1128034;Peru;OGC Nizza;Raúl Fernández;25;750000.0;Torwart;Startaufstellung
1128034;Peru;Sporting Cristal Lima;Wálter Vílchez;29;500000.0;Innenverteidiger;Startaufstellung
1128034;Peru;UD Almería;Santiago Acasiete;33;700000.0;Innenverteidiger;Startaufstellung
1128034;Peru;Sporting Lissabon;Alberto Rodríguez;27;5800000.0;Innenverteidiger;Startaufstellung
1128034;Peru;AC Florenz;Juan Manuel Vargas;27;15000000.0;Linker Verteidiger;Startaufstellung
1128034;Peru;Club Atlético San Lorenzo de Almagro;Giancarlo Carmona;25;1200000.0;Rechter Verteidiger;Startaufstellung
1128034;Peru;Sporting Cristal Lima;Luis Advíncula;21;250000.0;Rechter Verteidiger;Startaufstellung
1128034;Peru;Universidad San Martín de Porres;Adán Balbín;24;200000.0;Defensives Mittelfeld;Startaufstellung
1128034;Peru;Club Juan Aurich;Rinaldo Cruzado;26;300000.0;Zentrales Mittelfeld;Startaufstellung
1128034;Peru;Sporting Cristal Lima;Yoshimar Yotún;21;150000.0;Zentrales Mittelfeld;Startaufstellung
1128034;Peru;Hamburger SV;Paolo Guerrero;27;4500000.0;Mittelstürmer;Startaufstellung
1128034;Uruguay;Lazio Rom;Fernando Muslera;25;8500000.0;Torwart;Startaufstellung
1128034;Uruguay;Club Nacional;Sebastián Coates;20;2500000.0;Innenverteidiger;Startaufstellung
1128034;Uruguay;Fenerbahce Istanbul;Diego Lugano;30;13000000.0;Innenverteidiger;Startaufstellung
1128034;Uruguay;FC Porto;Álvaro Pereira;25;10000000.0;Linker Verteidiger;Startaufstellung
1128034;Uruguay;FC Sevilla;Martín Cáceres;24;7000000.0;Rechter Verteidiger;Startaufstellung
1128034;Uruguay;Benfica Lissabon;Maxi Pereira;27;9400000.0;Rechter Verteidiger;Startaufstellung
1128034;Uruguay;Club Tijuana;Egidio Arévalo Ríos;29;3000000.0;Defensives Mittelfeld;Startaufstellung
1128034;Uruguay;SSC Neapel;Walter Gargano;26;9000000.0;Defensives Mittelfeld;Startaufstellung
1128034;Uruguay;Lazio Rom;Álvaro González;26;2000000.0;Zentrales Mittelfeld;Startaufstellung
1128034;Uruguay;Atlético Madrid;Diego Forlán;32;10000000.0;Hängende Spitze;Startaufstellung
1128034;Uruguay;FC Liverpool;Luis Suárez;24;25000000.0;Mittelstürmer;Startaufstellung
1128034;Peru;Universidad San Martín de Porres;Leao Butrón;34;400000.0;Torwart;Reservebank
1128034;Peru;Alianza Lima;Salomón Libman;27;400000.0;Torwart;Reservebank
1128034;Peru;Alianza Lima;Christian Ramos;22;300000.0;Innenverteidiger;Reservebank
1128034;Peru;Universidad San Martín de Porres;Aldo Corzo;22;150000.0;Rechter Verteidiger;Reservebank
1128034;Peru;Universitario de Deportes;Renzo Revoredo;25;400000.0;Rechter Verteidiger;Reservebank
1128034;Peru;Universidad San Martín de Porres;Josepmir Ballón;23;500000.0;Defensives Mittelfeld;Reservebank
1128034;Peru;Universitario de Deportes;Antonio Gonzales;25;300000.0;Defensives Mittelfeld;Reservebank
1128034;Peru;Sporting Cristal Lima;Carlos Lobatón;31;300000.0;Zentrales Mittelfeld;Reservebank
1128034;Peru;Club Juan Aurich;William Chiroque;31;300000.0;Offensives Mittelfeld;Reservebank
1128034;Peru;Sport Boys Callao;Michael Guevara;27;200000.0;Offensives Mittelfeld;Reservebank
1128034;Peru;Sporting Lissabon;André Carrillo;20;400000.0;Rechtsaußen;Reservebank
1128034;Peru;Universitario de Deportes;Raúl Ruidíaz;20;300000.0;Mittelstürmer;Reservebank
1128034;Uruguay;CSD Colo Colo;Juan Castillo;33;750000.0;Torwart;Reservebank
1128034;Uruguay;Olimpia Asunción;Martín Silva;28;1000000.0;Torwart;Reservebank
1128034;Uruguay;Atlético Madrid;Diego Godín;25;12000000.0;Innenverteidiger;Reservebank
1128034;Uruguay;CSD Colo Colo;Andrés Scotti;35;700000.0;Innenverteidiger;Reservebank
1128034;Uruguay;Sporting Gijón;Sebastián Eguren;30;3000000.0;Defensives Mittelfeld;Reservebank
1128034;Uruguay;FC Porto;Cristian Rodríguez;25;5800000.0;Linkes Mittelfeld;Reservebank
1128034;Uruguay;Ajax Amsterdam;Nicolás Lodeiro;22;1250000.0;Offensives Mittelfeld;Reservebank
1128034;Uruguay;Botafogo Rio de Janeiro;Sebastián Abreu;34;1000000.0;Mittelstürmer;Reservebank
1128034;Uruguay;US Palermo;Abel Hernández;20;5000000.0;Mittelstürmer;Reservebank
1128034;Uruguay;SSC Neapel;Edinson Cavani;24;24500000.0;Mittelstürmer;Reservebank
