GameId;team;club;name;age;value;position;role
1128035;Paraguay;Estudiantes de La Plata;Justo Villar;34;800000.0;Torwart;Startaufstellung
1128035;Paraguay;UNAM Pumas;Darío Verón;31;2000000.0;Innenverteidiger;Startaufstellung
1128035;Paraguay;Racing Club de Avellaneda;Marcos Cáceres;25;1000000.0;Innenverteidiger;Startaufstellung
1128035;Paraguay;Real Saragossa ;Paulo da Silva;31;2000000.0;Innenverteidiger;Startaufstellung
1128035;Paraguay;FC São Paulo;Iván Piris;22;2000000.0;Rechter Verteidiger;Startaufstellung
1128035;Paraguay;AFC Sunderland;Cristian Riveros;28;3000000.0;Defensives Mittelfeld;Startaufstellung
1128035;Paraguay;Atalanta Bergamo;Édgar Barreto;27;3500000.0;Zentrales Mittelfeld;Startaufstellung
1128035;Paraguay;Club Atlético San Lorenzo de Almagro;Néstor Ortigoza;26;2300000.0;Zentrales Mittelfeld;Startaufstellung
1128035;Paraguay;Kayserispor;Jonathan Santana;29;2500000.0;Zentrales Mittelfeld;Startaufstellung
1128035;Paraguay;Borussia Dortmund;Lucas Barrios;26;17000000.0;Mittelstürmer;Startaufstellung
1128035;Paraguay;Hércules Alicante;Nelson Valdez;27;5000000.0;Mittelstürmer;Startaufstellung
1128035;Venezuela;Caracas FC;Renny Vega;32;1500000.0;Torwart;Startaufstellung
1128035;Venezuela;Deportivo Anzoátegui SC;Oswaldo Vizcarrondo;27;100000.0;Innenverteidiger;Startaufstellung
1128035;Venezuela;Boyacá Chicó FC;Grenddy Perozo;25;100000.0;Innenverteidiger;Startaufstellung
1128035;Venezuela;Caracas FC;Gabriel Cichero;27;700000.0;Linker Verteidiger;Startaufstellung
1128035;Venezuela;FC Twente Enschede;Roberto Rosales;22;3500000.0;Rechter Verteidiger;Startaufstellung
1128035;Venezuela;Caracas FC;Franklin Lucena;30;100000.0;Defensives Mittelfeld;Startaufstellung
1128035;Venezuela;Deportivo Anzoátegui SC;Giácomo di Giorgi;30;100000.0;Defensives Mittelfeld;Startaufstellung
1128035;Venezuela;Borussia Mönchengladbach;Juan Arango;31;3500000.0;Linksaußen;Startaufstellung
1128035;Venezuela;Club de Gimnasia y Esgrima La Plata;César González;28;700000.0;Rechtsaußen;Startaufstellung
1128035;Venezuela;Vancouver Whitecaps;Alejandro Moreno;32;350000.0;Hängende Spitze;Startaufstellung
1128035;Venezuela;FC Málaga;José Salomón Rondón;21;5000000.0;Mittelstürmer;Startaufstellung
1128035;Paraguay;Club Cerro Porteño;Diego Barreto;30;250000.0;Torwart;Reservebank
1128035;Paraguay;Club Cerro Porteño;Roberto Fernández;23;800000.0;Torwart;Reservebank
1128035;Paraguay;Club Guaraní;Elvis Israel Marecos;31;250000.0;Linker Verteidiger;Reservebank
1128035;Paraguay;Club Atlético San Lorenzo de Almagro;Aureliano Torres;29;1600000.0;Linker Verteidiger;Reservebank
1128035;Paraguay;Club Libertad Asunción;Víctor Cáceres;26;800000.0;Defensives Mittelfeld;Reservebank
1128035;Paraguay;LDU Quito;Enrique Vera;32;1500000.0;Defensives Mittelfeld;Reservebank
1128035;Paraguay;CF Atlante;Osvaldo Martínez;25;2500000.0;Zentrales Mittelfeld;Reservebank
1128035;Paraguay;FC Le Mans;Marcelo Estigarribia;23;800000.0;Linkes Mittelfeld;Reservebank
1128035;Paraguay;FC Villarreal;Hernán Pérez;22;1000000.0;Rechtsaußen;Reservebank
1128035;Paraguay;Olimpia Asunción;Pablo Zeballos;25;850000.0;Hängende Spitze;Reservebank
1128035;Paraguay;Manchester City;Roque Santa Cruz;29;5000000.0;Mittelstürmer;Reservebank
1128035;Venezuela;Real Murcia;Dani Hernández;25;100000.0;Torwart;Reservebank
1128035;Venezuela;Deportivo Anzoátegui SC;Leonardo Morales;33;100000.0;Torwart;Reservebank
1128035;Venezuela;Deportivo Lara;José Manuel Rey;36;300000.0;Innenverteidiger;Reservebank
1128035;Venezuela;Deportivo La Guaira;José Luis Granados;24;150000.0;Linker Verteidiger;Reservebank
1128035;Venezuela;Caracas FC;Alexander González;18;100000.0;Rechter Verteidiger;Reservebank
1128035;Venezuela;Independiente Santa Fe;Luis Manuel Seijas;25;1000000.0;Linkes Mittelfeld;Reservebank
1128035;Venezuela;Atlas Guadalajara;Jesús Meza;25;100000.0;Offensives Mittelfeld;Reservebank
1128035;Venezuela;VfL Wolfsburg;Yohandry Orozco;20;750000.0;Linksaußen;Reservebank
1128035;Venezuela;Deportivo Anzoátegui SC;Daniel Arismendi;29;800000.0;Mittelstürmer;Reservebank
1128035;Venezuela;CF Atlante;Giancarlo Maldonado;29;2000000.0;Mittelstürmer;Reservebank
1128035;Venezuela;FC Getafe;Miku Fedor;25;3500000.0;Mittelstürmer;Reservebank
