GameId;team;club;name;age;value;position;role
1129109;Uruguay;Lazio Rom;Fernando Muslera;25;8500000.0;Torwart;Startaufstellung
1129109;Uruguay;Club Nacional;Sebastián Coates;20;2500000.0;Innenverteidiger;Startaufstellung
1129109;Uruguay;Fenerbahce Istanbul;Diego Lugano;30;13000000.0;Innenverteidiger;Startaufstellung
1129109;Uruguay;FC Porto;Álvaro Pereira;25;10000000.0;Linker Verteidiger;Startaufstellung
1129109;Uruguay;FC Sevilla;Martín Cáceres;24;7000000.0;Rechter Verteidiger;Startaufstellung
1129109;Uruguay;Benfica Lissabon;Maxi Pereira;27;9400000.0;Rechter Verteidiger;Startaufstellung
1129109;Uruguay;Club Tijuana;Egidio Arévalo Ríos;29;3000000.0;Defensives Mittelfeld;Startaufstellung
1129109;Uruguay;FC Bologna;Diego Pérez;31;3300000.0;Defensives Mittelfeld;Startaufstellung
1129109;Uruguay;Lazio Rom;Álvaro González;26;2000000.0;Zentrales Mittelfeld;Startaufstellung
1129109;Uruguay;Atlético Madrid;Diego Forlán;32;10000000.0;Hängende Spitze;Startaufstellung
1129109;Uruguay;FC Liverpool;Luis Suárez;24;25000000.0;Mittelstürmer;Startaufstellung
1129109;Paraguay;Estudiantes de La Plata;Justo Villar;34;800000.0;Torwart;Startaufstellung
1129109;Paraguay;UNAM Pumas;Darío Verón;31;2000000.0;Innenverteidiger;Startaufstellung
1129109;Paraguay;Real Saragossa ;Paulo da Silva;31;2000000.0;Innenverteidiger;Startaufstellung
1129109;Paraguay;Club Guaraní;Elvis Israel Marecos;31;250000.0;Linker Verteidiger;Startaufstellung
1129109;Paraguay;FC São Paulo;Iván Piris;22;2000000.0;Rechter Verteidiger;Startaufstellung
1129109;Paraguay;Club Libertad Asunción;Víctor Cáceres;26;800000.0;Defensives Mittelfeld;Startaufstellung
1129109;Paraguay;AFC Sunderland;Cristian Riveros;28;3000000.0;Defensives Mittelfeld;Startaufstellung
1129109;Paraguay;LDU Quito;Enrique Vera;32;1500000.0;Defensives Mittelfeld;Startaufstellung
1129109;Paraguay;Club Atlético San Lorenzo de Almagro;Néstor Ortigoza;26;2300000.0;Zentrales Mittelfeld;Startaufstellung
1129109;Paraguay;Olimpia Asunción;Pablo Zeballos;25;850000.0;Hängende Spitze;Startaufstellung
1129109;Paraguay;Hércules Alicante;Nelson Valdez;27;5000000.0;Mittelstürmer;Startaufstellung
1129109;Uruguay;CSD Colo Colo;Juan Castillo;33;750000.0;Torwart;Reservebank
1129109;Uruguay;Olimpia Asunción;Martín Silva;28;1000000.0;Torwart;Reservebank
1129109;Uruguay;Atlético Madrid;Diego Godín;25;12000000.0;Innenverteidiger;Reservebank
1129109;Uruguay;CSD Colo Colo;Andrés Scotti;35;700000.0;Innenverteidiger;Reservebank
1129109;Uruguay;EC Cruzeiro Belo Horizonte;Mauricio Victorino;28;3500000.0;Innenverteidiger;Reservebank
1129109;Uruguay;Sporting Gijón;Sebastián Eguren;30;3000000.0;Defensives Mittelfeld;Reservebank
1129109;Uruguay;SSC Neapel;Walter Gargano;27;9000000.0;Defensives Mittelfeld;Reservebank
1129109;Uruguay;FC Porto;Cristian Rodríguez;25;5800000.0;Linkes Mittelfeld;Reservebank
1129109;Uruguay;Ajax Amsterdam;Nicolás Lodeiro;22;1250000.0;Offensives Mittelfeld;Reservebank
1129109;Uruguay;Botafogo Rio de Janeiro;Sebastián Abreu;34;1000000.0;Mittelstürmer;Reservebank
1129109;Uruguay;US Palermo;Abel Hernández;20;5000000.0;Mittelstürmer;Reservebank
1129109;Uruguay;SSC Neapel;Edinson Cavani;24;24500000.0;Mittelstürmer;Reservebank
1129109;Paraguay;Club Cerro Porteño;Diego Barreto;30;250000.0;Torwart;Reservebank
1129109;Paraguay;Club Cerro Porteño;Roberto Fernández;23;800000.0;Torwart;Reservebank
1129109;Paraguay;Wigan Athletic;Antolín Alcaraz;28;4000000.0;Innenverteidiger;Reservebank
1129109;Paraguay;Racing Club de Avellaneda;Marcos Cáceres;25;1000000.0;Innenverteidiger;Reservebank
1129109;Paraguay;Club Atlético San Lorenzo de Almagro;Aureliano Torres;29;1600000.0;Linker Verteidiger;Reservebank
1129109;Paraguay;Atalanta Bergamo;Édgar Barreto;27;3500000.0;Zentrales Mittelfeld;Reservebank
1129109;Paraguay;CF Atlante;Osvaldo Martínez;25;2500000.0;Zentrales Mittelfeld;Reservebank
1129109;Paraguay;Kayserispor;Jonathan Santana;29;2500000.0;Zentrales Mittelfeld;Reservebank
1129109;Paraguay;FC Le Mans;Marcelo Estigarribia;23;800000.0;Linkes Mittelfeld;Reservebank
1129109;Paraguay;FC Villarreal;Hernán Pérez;22;1000000.0;Rechtsaußen;Reservebank
1129109;Paraguay;Borussia Dortmund;Lucas Barrios;26;17000000.0;Mittelstürmer;Reservebank
1129109;Paraguay;Manchester City;Roque Santa Cruz;29;5000000.0;Mittelstürmer;Reservebank
