GameId;team;club;name;age;value;position;role
1168997;Tschechien;FC Chelsea;Petr Cech;30;25000000.0;Torwart;Startaufstellung
1168997;Tschechien;Bayer 04 Leverkusen;Michal Kadlec;27;7500000.0;Innenverteidiger;Startaufstellung
1168997;Tschechien;Besiktas Istanbul;Tomás Sivok;28;7800000.0;Innenverteidiger;Startaufstellung
1168997;Tschechien;FC Viktoria Pilsen;David Limbersky;28;1600000.0;Linker Verteidiger;Startaufstellung
1168997;Tschechien;FC Slovan Liberec;Theodor Gebre Selassie;25;1500000.0;Rechter Verteidiger;Startaufstellung
1168997;Tschechien;Shakhtar Donetsk;Tomas Hübschman;30;4000000.0;Defensives Mittelfeld;Startaufstellung
1168997;Tschechien;FC Girondins Bordeaux;Jaroslav Plasil;30;6500000.0;Zentrales Mittelfeld;Startaufstellung
1168997;Tschechien;VfL Wolfsburg;Petr Jirácek;26;4000000.0;Rechtes Mittelfeld;Startaufstellung
1168997;Tschechien;FC Viktoria Pilsen;Daniel Kolar;26;1800000.0;Offensives Mittelfeld;Startaufstellung
1168997;Tschechien;FC Viktoria Pilsen;Vaclav Pilar;23;2000000.0;Linksaußen;Startaufstellung
1168997;Tschechien;Galatasaray Istanbul;Milan Baros;30;8000000.0;Mittelstürmer;Startaufstellung
1168997;Polen;PSV Eindhoven;Przemyslaw Tyton;25;3000000.0;Torwart;Startaufstellung
1168997;Polen;RSC Anderlecht;Marcin Wasilewski;32;1500000.0;Innenverteidiger;Startaufstellung
1168997;Polen;FC Sochaux-Montbéliard;Damien Perquis;28;3000000.0;Innenverteidiger;Startaufstellung
1168997;Polen;SV Werder Bremen;Sebastian Boenisch;25;1250000.0;Linker Verteidiger;Startaufstellung
1168997;Polen;Borussia Dortmund;Lukasz Piszczek;27;9000000.0;Rechter Verteidiger;Startaufstellung
1168997;Polen;AJ Auxerre;Dariusz Dudka;28;2500000.0;Defensives Mittelfeld;Startaufstellung
1168997;Polen;1.FSV Mainz 05;Eugen Polanski;26;4000000.0;Zentrales Mittelfeld;Startaufstellung
1168997;Polen;Lech Posen;Rafal Murawski;30;2000000.0;Zentrales Mittelfeld;Startaufstellung
1168997;Polen;FC Girondins Bordeaux;Ludovic Obraniak;27;4000000.0;Linksaußen;Startaufstellung
1168997;Polen;Borussia Dortmund;Jakub Blaszczykowski;26;7000000.0;Rechtsaußen;Startaufstellung
1168997;Polen;Borussia Dortmund;Robert Lewandowski;23;15000000.0;Mittelstürmer;Startaufstellung
1168997;Tschechien;Dnipro Dnipropetrovsk;Jan Lastuvka;29;2500000.0;Torwart;Reservebank
1168997;Tschechien;Hamburger SV;Jaroslav Drobny;32;2000000.0;Torwart;Reservebank
1168997;Tschechien;Spartak Moskau;Marek Suchy;24;3500000.0;Innenverteidiger;Reservebank
1168997;Tschechien;Hertha BSC;Roman Hubník;28;3500000.0;Innenverteidiger;Reservebank
1168997;Tschechien;FC Viktoria Pilsen;Frantisek Rajtoral †;26;1500000.0;Rechtes Mittelfeld;Reservebank
1168997;Tschechien;FC Viktoria Pilsen;Vladimír Darida;21;600000.0;Zentrales Mittelfeld;Reservebank
1168997;Tschechien;FC Viktoria Pilsen;Milan Petrzela;28;1700000.0;Rechtes Mittelfeld;Reservebank
1168997;Tschechien;Anorthosis Famagusta;Jan Rezek;30;1200000.0;Linksaußen;Reservebank
1168997;Tschechien;ZSKA Moskau;Tomas Necid;22;6500000.0;Mittelstürmer;Reservebank
1168997;Tschechien;1.FC Nürnberg;Tomás Pekhart;23;3000000.0;Mittelstürmer;Reservebank
1168997;Tschechien;FK Jablonec;David Lafata;30;1400000.0;Mittelstürmer;Reservebank
1168997;Polen;Jagiellonia Bialystok;Grzegorz Sandomierski;22;1200000.0;Torwart;Reservebank
1168997;Polen;FC Arsenal;Wojciech Szczesny;22;12000000.0;Torwart;Reservebank
1168997;Polen;Lech Posen;Marcin Kaminski;20;600000.0;Innenverteidiger;Reservebank
1168997;Polen;Legia Warschau;Jakub Wawrzyniak;28;1000000.0;Linker Verteidiger;Reservebank
1168997;Polen;Lech Posen;Grzegorz Wojtkowiak;28;1200000.0;Rechter Verteidiger;Reservebank
1168997;Polen;Fortuna Düsseldorf;Adam Matuszczyk;23;2000000.0;Defensives Mittelfeld;Reservebank
1168997;Polen;Terek Grozny;Maciej Rybus;22;2000000.0;Linkes Mittelfeld;Reservebank
1168997;Polen;Trabzonspor;Adrian Mierzejewski;25;4250000.0;Offensives Mittelfeld;Reservebank
1168997;Polen;Legia Warschau;Rafal Wolski;19;1100000.0;Offensives Mittelfeld;Reservebank
1168997;Polen;Sivasspor;Kamil Grosicki;24;4000000.0;Linksaußen;Reservebank
1168997;Polen;Celtic Glasgow;Pawel Brozek;29;2000000.0;Mittelstürmer;Reservebank
