GameId;team;club;name;age;value;position;role
1168993;Russland;Zenit St. Petersburg;Vyacheslav Malafeev;33;6500000.0;Torwart;Startaufstellung
1168993;Russland;ZSKA Moskau;Aleksey Berezutski;29;4500000.0;Innenverteidiger;Startaufstellung
1168993;Russland;ZSKA Moskau;Sergey Ignashevich;32;6000000.0;Innenverteidiger;Startaufstellung
1168993;Russland;Anzhi Makhachkala;Yuri Zhirkov;28;12000000.0;Linker Verteidiger;Startaufstellung
1168993;Russland;Zenit St. Petersburg;Aleksandr Anyukov;29;9000000.0;Rechter Verteidiger;Startaufstellung
1168993;Russland;Zenit St. Petersburg;Igor Denisov;28;14000000.0;Defensives Mittelfeld;Startaufstellung
1168993;Russland;Zenit St. Petersburg;Roman Shirokov;30;5000000.0;Zentrales Mittelfeld;Startaufstellung
1168993;Russland;Zenit St. Petersburg;Konstantin Zyryanov;34;1200000.0;Zentrales Mittelfeld;Startaufstellung
1168993;Russland;FC Arsenal;Andrey Arshavin;31;11000000.0;Linksaußen;Startaufstellung
1168993;Russland;ZSKA Moskau;Alan Dzagoev;21;16000000.0;Rechtsaußen;Startaufstellung
1168993;Russland;Zenit St. Petersburg;Aleksandr Kerzhakov;29;13000000.0;Mittelstürmer;Startaufstellung
1168993;Tschechien;FC Chelsea;Petr Cech;30;25000000.0;Torwart;Startaufstellung
1168993;Tschechien;Hertha BSC;Roman Hubník;28;3500000.0;Innenverteidiger;Startaufstellung
1168993;Tschechien;Besiktas Istanbul;Tomás Sivok;28;7800000.0;Innenverteidiger;Startaufstellung
1168993;Tschechien;Bayer 04 Leverkusen;Michal Kadlec;27;7500000.0;Linker Verteidiger;Startaufstellung
1168993;Tschechien;FC Slovan Liberec;Theodor Gebre Selassie;25;1500000.0;Rechter Verteidiger;Startaufstellung
1168993;Tschechien;VfL Wolfsburg;Petr Jirácek;26;4000000.0;Zentrales Mittelfeld;Startaufstellung
1168993;Tschechien;FC Girondins Bordeaux;Jaroslav Plasil;30;6500000.0;Zentrales Mittelfeld;Startaufstellung
1168993;Tschechien;FC Arsenal;Tomás Rosicky;31;3500000.0;Offensives Mittelfeld;Startaufstellung
1168993;Tschechien;FC Viktoria Pilsen;Vaclav Pilar;23;2000000.0;Linksaußen;Startaufstellung
1168993;Tschechien;Anorthosis Famagusta;Jan Rezek;30;1200000.0;Rechtsaußen;Startaufstellung
1168993;Tschechien;Galatasaray Istanbul;Milan Baros;30;8000000.0;Mittelstürmer;Startaufstellung
1168993;Russland;Dinamo Moskau;Anton Shunin;25;4500000.0;Torwart;Reservebank
1168993;Russland;ZSKA Moskau;Igor Akinfeev;26;17000000.0;Torwart;Reservebank
1168993;Russland;Rubin Kazan;Roman Sharonov;35;700000.0;Defensives Mittelfeld;Reservebank
1168993;Russland;Dinamo Moskau;Vladimir Granat;25;2800000.0;Innenverteidiger;Reservebank
1168993;Russland;Spartak Moskau;Dmitri Kombarov;25;5000000.0;Linker Verteidiger;Reservebank
1168993;Russland;ZSKA Moskau;Kirill Nababkin;25;3500000.0;Rechter Verteidiger;Reservebank
1168993;Russland;Lokomotiv Moskau;Denis Glushakov;25;8000000.0;Zentrales Mittelfeld;Reservebank
1168993;Russland;Sporting Lissabon;Marat Izmailov;29;5000000.0;Rechtsaußen;Reservebank
1168993;Russland;Dinamo Moskau;Igor Semshov;34;3000000.0;Zentrales Mittelfeld;Reservebank
1168993;Russland;FC Fulham;Pavel Pogrebnyak;28;3500000.0;Mittelstürmer;Reservebank
1168993;Russland;Lokomotiv Moskau;Roman Pavlyuchenko;30;8500000.0;Mittelstürmer;Reservebank
1168993;Russland;Dinamo Moskau;Aleksandr Kokorin;21;2500000.0;Rechtsaußen;Reservebank
1168993;Tschechien;Dnipro Dnipropetrovsk;Jan Lastuvka;29;2500000.0;Torwart;Reservebank
1168993;Tschechien;Hamburger SV;Jaroslav Drobny;32;2000000.0;Torwart;Reservebank
1168993;Tschechien;Spartak Moskau;Marek Suchy;24;3500000.0;Innenverteidiger;Reservebank
1168993;Tschechien;FC Viktoria Pilsen;David Limbersky;28;1600000.0;Linker Verteidiger;Reservebank
1168993;Tschechien;FC Viktoria Pilsen;Frantisek Rajtoral †;26;1500000.0;Rechter Verteidiger;Reservebank
1168993;Tschechien;Shakhtar Donetsk;Tomas Hübschman;30;4000000.0;Defensives Mittelfeld;Reservebank
1168993;Tschechien;FC Viktoria Pilsen;Vladimír Darida;21;600000.0;Zentrales Mittelfeld;Reservebank
1168993;Tschechien;FC Viktoria Pilsen;Milan Petrzela;28;1700000.0;Rechtsaußen;Reservebank
1168993;Tschechien;FC Viktoria Pilsen;Daniel Kolar;26;1800000.0;Offensives Mittelfeld;Reservebank
1168993;Tschechien;ZSKA Moskau;Tomas Necid;22;6500000.0;Mittelstürmer;Reservebank
1168993;Tschechien;1.FC Nürnberg;Tomás Pekhart;23;3000000.0;Mittelstürmer;Reservebank
1168993;Tschechien;FK Jablonec;David Lafata;30;1400000.0;Mittelstürmer;Reservebank
