GameId;team;club;name;age;value;position;role
1168999;Deutschland;FC Bayern München;Manuel Neuer;26;30000000.0;Torwart;Startaufstellung
1168999;Deutschland;FC Bayern München;Holger Badstuber;23;17500000.0;Innenverteidiger;Startaufstellung
1168999;Deutschland;Borussia Dortmund;Mats Hummels;23;20000000.0;Innenverteidiger;Startaufstellung
1168999;Deutschland;FC Bayern München;Philipp Lahm;28;28000000.0;Linker Verteidiger;Startaufstellung
1168999;Deutschland;FC Bayern München;Jérôme Boateng;23;13500000.0;Rechter Verteidiger;Startaufstellung
1168999;Deutschland;Real Madrid;Sami Khedira;25;20000000.0;Defensives Mittelfeld;Startaufstellung
1168999;Deutschland;FC Bayern München;Bastian Schweinsteiger;27;38000000.0;Zentrales Mittelfeld;Startaufstellung
1168999;Deutschland;Real Madrid;Mesut Özil;23;32000000.0;Offensives Mittelfeld;Startaufstellung
1168999;Deutschland;1.FC Köln;Lukas Podolski;27;20000000.0;Linksaußen;Startaufstellung
1168999;Deutschland;FC Bayern München;Thomas Müller;22;35000000.0;Rechtsaußen;Startaufstellung
1168999;Deutschland;FC Bayern München;Mario Gómez;26;42000000.0;Mittelstürmer;Startaufstellung
1168999;Portugal;Sporting Lissabon;Rui Patrício;24;12000000.0;Torwart;Startaufstellung
1168999;Portugal;Zenit St. Petersburg;Bruno Alves;30;12000000.0;Innenverteidiger;Startaufstellung
1168999;Portugal;Real Madrid;Pepe;29;28000000.0;Innenverteidiger;Startaufstellung
1168999;Portugal;Real Madrid;Fábio Coentrão;24;24000000.0;Linker Verteidiger;Startaufstellung
1168999;Portugal;Sporting Lissabon;João Pereira;28;10500000.0;Rechter Verteidiger;Startaufstellung
1168999;Portugal;FC Genua 1893;Miguel Veloso;26;10000000.0;Defensives Mittelfeld;Startaufstellung
1168999;Portugal;FC Chelsea;Raúl Meireles;29;14000000.0;Zentrales Mittelfeld;Startaufstellung
1168999;Portugal;FC Porto;João Moutinho;25;23000000.0;Zentrales Mittelfeld;Startaufstellung
1168999;Portugal;Real Madrid;Cristiano Ronaldo;27;90000000.0;Linksaußen;Startaufstellung
1168999;Portugal;Manchester United;Nani;25;36000000.0;Rechtsaußen;Startaufstellung
1168999;Portugal;Real Saragossa ;Hélder Postiga;29;4000000.0;Mittelstürmer;Startaufstellung
1168999;Deutschland;SV Werder Bremen;Tim Wiese;30;7000000.0;Torwart;Reservebank
1168999;Deutschland;Hannover 96;Ron-Robert Zieler;23;6500000.0;Torwart;Reservebank
1168999;Deutschland;FC Schalke 04;Benedikt Höwedes;24;15000000.0;Innenverteidiger;Reservebank
1168999;Deutschland;FC Arsenal;Per Mertesacker;27;14000000.0;Innenverteidiger;Reservebank
1168999;Deutschland;Borussia Dortmund;Marcel Schmelzer;24;7500000.0;Linker Verteidiger;Reservebank
1168999;Deutschland;Bayer 04 Leverkusen;Lars Bender;23;14000000.0;Rechtes Mittelfeld;Reservebank
1168999;Deutschland;FC Bayern München;Toni Kroos;22;23000000.0;Offensives Mittelfeld;Reservebank
1168999;Deutschland;Borussia Dortmund;Ilkay Gündogan;21;6000000.0;Zentrales Mittelfeld;Reservebank
1168999;Deutschland;Borussia Dortmund;Mario Götze;20;30000000.0;Offensives Mittelfeld;Reservebank
1168999;Deutschland;Bayer 04 Leverkusen;André Schürrle;21;14000000.0;Linksaußen;Reservebank
1168999;Deutschland;Borussia Mönchengladbach;Marco Reus;23;20000000.0;Linksaußen;Reservebank
1168999;Deutschland;Lazio Rom;Miroslav Klose;34;6000000.0;Mittelstürmer;Reservebank
1168999;Portugal;Benfica Lissabon;Eduardo;29;4000000.0;Torwart;Reservebank
1168999;Portugal;CFR Cluj;Beto;30;3200000.0;Torwart;Reservebank
1168999;Portugal;FC Valencia;Ricardo Costa;31;4000000.0;Innenverteidiger;Reservebank
1168999;Portugal;FC Porto;Rolando;26;13000000.0;Innenverteidiger;Reservebank
1168999;Portugal;SC Braga;Miguel Lopes;25;2500000.0;Rechter Verteidiger;Reservebank
1168999;Portugal;SC Braga;Custódio;29;2000000.0;Defensives Mittelfeld;Reservebank
1168999;Portugal;SC Braga;Hugo Viana;29;7500000.0;Zentrales Mittelfeld;Reservebank
1168999;Portugal;Real Saragossa ;Rúben Micael;25;5000000.0;Offensives Mittelfeld;Reservebank
1168999;Portugal;FC Porto;Silvestre Varela;27;7300000.0;Hängende Spitze;Reservebank
1168999;Portugal;Besiktas Istanbul;Ricardo Quaresma;28;15000000.0;Rechtsaußen;Reservebank
1168999;Portugal;Besiktas Istanbul;Hugo Almeida;28;8000000.0;Mittelstürmer;Reservebank
1168999;Portugal;Benfica Lissabon;Nélson Oliveira;20;4000000.0;Mittelstürmer;Reservebank
