GameId;team;club;name;age;value;position;role
1168994;Griechenland;PAOK Thessaloniki;Konstantinos Chalkias;38;600000.0;Torwart;Startaufstellung
1168994;Griechenland;FC Schalke 04;Kyriakos Papadopoulos;20;9000000.0;Innenverteidiger;Startaufstellung
1168994;Griechenland;Panathinaikos Athen;Konstantinos Katsouranis;32;4500000.0;Innenverteidiger;Startaufstellung
1168994;Griechenland;Olympiakos Piräus;José Holebas;27;2750000.0;Linker Verteidiger;Startaufstellung
1168994;Griechenland;Olympiakos Piräus;Vasilios Torosidis;27;7500000.0;Rechter Verteidiger;Startaufstellung
1168994;Griechenland;Olympiakos Piräus;Giannis Maniatis;25;3000000.0;Defensives Mittelfeld;Startaufstellung
1168994;Griechenland;Panathinaikos Athen;Georgios Karagounis;35;2000000.0;Zentrales Mittelfeld;Startaufstellung
1168994;Griechenland;PAOK Thessaloniki;Georgios Fotakis;30;3250000.0;Zentrales Mittelfeld;Startaufstellung
1168994;Griechenland;1.FC Kaiserslautern;Konstantinos Fortounis;19;1500000.0;Linksaußen;Startaufstellung
1168994;Griechenland;PAOK Thessaloniki;Dimitrios Salpingidis;30;4500000.0;Rechtsaußen;Startaufstellung
1168994;Griechenland;Celtic Glasgow;Georgios Samaras;27;3000000.0;Mittelstürmer;Startaufstellung
1168994;Tschechien;FC Chelsea;Petr Cech;30;25000000.0;Torwart;Startaufstellung
1168994;Tschechien;Bayer 04 Leverkusen;Michal Kadlec;27;7500000.0;Innenverteidiger;Startaufstellung
1168994;Tschechien;Besiktas Istanbul;Tomás Sivok;28;7800000.0;Innenverteidiger;Startaufstellung
1168994;Tschechien;FC Viktoria Pilsen;David Limbersky;28;1600000.0;Linker Verteidiger;Startaufstellung
1168994;Tschechien;FC Slovan Liberec;Theodor Gebre Selassie;25;1500000.0;Rechter Verteidiger;Startaufstellung
1168994;Tschechien;Shakhtar Donetsk;Tomas Hübschman;30;4000000.0;Defensives Mittelfeld;Startaufstellung
1168994;Tschechien;FC Girondins Bordeaux;Jaroslav Plasil;30;6500000.0;Zentrales Mittelfeld;Startaufstellung
1168994;Tschechien;VfL Wolfsburg;Petr Jirácek;26;4000000.0;Rechtes Mittelfeld;Startaufstellung
1168994;Tschechien;FC Arsenal;Tomás Rosicky;31;3500000.0;Offensives Mittelfeld;Startaufstellung
1168994;Tschechien;FC Viktoria Pilsen;Vaclav Pilar;23;2000000.0;Linksaußen;Startaufstellung
1168994;Tschechien;Galatasaray Istanbul;Milan Baros;30;8000000.0;Mittelstürmer;Startaufstellung
1168994;Griechenland;US Palermo;Alexandros Tzorvas;29;2000000.0;Torwart;Reservebank
1168994;Griechenland;Aris Thessaloniki;Michalis Sifakis;27;3500000.0;Torwart;Reservebank
1168994;Griechenland;AS Monaco;Georgios Tzavellas;24;1750000.0;Innenverteidiger;Reservebank
1168994;Griechenland;PAOK Thessaloniki;Stelios Malezas;27;2750000.0;Innenverteidiger;Reservebank
1168994;Griechenland;AEK Athen;Grigoris Makos;25;3500000.0;Defensives Mittelfeld;Reservebank
1168994;Griechenland;Panathinaikos Athen;Sotiris Ninis;22;6000000.0;Offensives Mittelfeld;Reservebank
1168994;Griechenland;Olympiakos Piräus;Giannis Fetfatzidis;21;4250000.0;Rechtsaußen;Reservebank
1168994;Griechenland;Atromitos Athen;Konstantinos Mitroglou;24;3500000.0;Mittelstürmer;Reservebank
1168994;Griechenland;AEK Athen;Nikolaos Lyberopoulos;36;600000.0;Mittelstürmer;Reservebank
1168994;Griechenland;Samsunspor;Theofanis Gekas;32;2000000.0;Mittelstürmer;Reservebank
1168994;Tschechien;Dnipro Dnipropetrovsk;Jan Lastuvka;29;2500000.0;Torwart;Reservebank
1168994;Tschechien;Hamburger SV;Jaroslav Drobny;32;2000000.0;Torwart;Reservebank
1168994;Tschechien;Spartak Moskau;Marek Suchy;24;3500000.0;Innenverteidiger;Reservebank
1168994;Tschechien;Hertha BSC;Roman Hubník;28;3500000.0;Innenverteidiger;Reservebank
1168994;Tschechien;FC Viktoria Pilsen;Frantisek Rajtoral †;26;1500000.0;Rechtes Mittelfeld;Reservebank
1168994;Tschechien;FC Viktoria Pilsen;Vladimír Darida;21;600000.0;Zentrales Mittelfeld;Reservebank
1168994;Tschechien;FC Viktoria Pilsen;Milan Petrzela;28;1700000.0;Rechtes Mittelfeld;Reservebank
1168994;Tschechien;FC Viktoria Pilsen;Daniel Kolar;26;1800000.0;Offensives Mittelfeld;Reservebank
1168994;Tschechien;Anorthosis Famagusta;Jan Rezek;30;1200000.0;Hängende Spitze;Reservebank
1168994;Tschechien;ZSKA Moskau;Tomas Necid;22;6500000.0;Mittelstürmer;Reservebank
1168994;Tschechien;1.FC Nürnberg;Tomás Pekhart;23;3000000.0;Mittelstürmer;Reservebank
1168994;Tschechien;FK Jablonec;David Lafata;30;1400000.0;Mittelstürmer;Reservebank
