GameId;team;club;name;age;value;position;role
1169003;Dänemark;FC Évian Thonon Gaillard;Stephan Andersen;30;2000000.0;Torwart;Startaufstellung
1169003;Dänemark;FC Liverpool;Daniel Agger;27;13000000.0;Innenverteidiger;Startaufstellung
1169003;Dänemark;AS Rom;Simon Kjaer;23;8000000.0;Innenverteidiger;Startaufstellung
1169003;Dänemark;AZ Alkmaar;Simon Poulsen;27;3500000.0;Linker Verteidiger;Startaufstellung
1169003;Dänemark;FC Kopenhagen;Lars Jacobsen;32;1500000.0;Rechter Verteidiger;Startaufstellung
1169003;Dänemark;VfB Stuttgart;William Kvist;27;7000000.0;Defensives Mittelfeld;Startaufstellung
1169003;Dänemark;FC Brügge;Niki Zimling;27;3000000.0;Zentrales Mittelfeld;Startaufstellung
1169003;Dänemark;FC Midtjylland;Jakob Poulsen;28;2000000.0;Offensives Mittelfeld;Startaufstellung
1169003;Dänemark;Bröndby IF;Michael Krohn-Dehli;29;3500000.0;Linksaußen;Startaufstellung
1169003;Dänemark;Ajax Amsterdam;Christian Eriksen;20;13000000.0;Rechtsaußen;Startaufstellung
1169003;Dänemark;FC Arsenal;Nicklas Bendtner;24;7500000.0;Mittelstürmer;Startaufstellung
1169003;Deutschland;FC Bayern München;Manuel Neuer;26;30000000.0;Torwart;Startaufstellung
1169003;Deutschland;FC Bayern München;Holger Badstuber;23;17500000.0;Innenverteidiger;Startaufstellung
1169003;Deutschland;Borussia Dortmund;Mats Hummels;23;20000000.0;Innenverteidiger;Startaufstellung
1169003;Deutschland;FC Bayern München;Philipp Lahm;28;28000000.0;Linker Verteidiger;Startaufstellung
1169003;Deutschland;Bayer 04 Leverkusen;Lars Bender;23;14000000.0;Rechter Verteidiger;Startaufstellung
1169003;Deutschland;FC Bayern München;Bastian Schweinsteiger;27;38000000.0;Defensives Mittelfeld;Startaufstellung
1169003;Deutschland;Real Madrid;Sami Khedira;25;20000000.0;Zentrales Mittelfeld;Startaufstellung
1169003;Deutschland;Real Madrid;Mesut Özil;23;32000000.0;Offensives Mittelfeld;Startaufstellung
1169003;Deutschland;1.FC Köln;Lukas Podolski;27;20000000.0;Linksaußen;Startaufstellung
1169003;Deutschland;FC Bayern München;Thomas Müller;22;35000000.0;Rechtsaußen;Startaufstellung
1169003;Deutschland;FC Bayern München;Mario Gómez;26;42000000.0;Mittelstürmer;Startaufstellung
1169003;Dänemark;Manchester United;Anders Lindegaard;28;5000000.0;Torwart;Reservebank
1169003;Dänemark;Leicester City;Kasper Schmeichel;25;2000000.0;Torwart;Reservebank
1169003;Dänemark;FC Nordsjaelland;Andreas Bjelland;23;2000000.0;Innenverteidiger;Reservebank
1169003;Dänemark;FC Nordsjaelland;Jores Okore;19;1000000.0;Innenverteidiger;Reservebank
1169003;Dänemark;FC Évian Thonon Gaillard;Christian Poulsen;32;2250000.0;Zentrales Mittelfeld;Reservebank
1169003;Dänemark;NEC Nijmegen;Lasse Schöne;26;2500000.0;Defensives Mittelfeld;Reservebank
1169003;Dänemark;BSC Young Boys;Michael Silberbauer;30;1000000.0;Zentrales Mittelfeld;Reservebank
1169003;Dänemark;FC Évian Thonon Gaillard;Daniel Wass;23;3000000.0;Zentrales Mittelfeld;Reservebank
1169003;Dänemark;FC Évian Thonon Gaillard;Thomas Kahlenberg;29;2250000.0;Zentrales Mittelfeld;Reservebank
1169003;Dänemark;Bröndby IF;Dennis Rommedahl;33;1500000.0;Rechtsaußen;Reservebank
1169003;Dänemark;FC Nordsjaelland;Tobias Mikkelsen;25;850000.0;Rechtsaußen;Reservebank
1169003;Dänemark;FC Groningen;Nicklas Pedersen;24;1250000.0;Mittelstürmer;Reservebank
1169003;Deutschland;SV Werder Bremen;Tim Wiese;30;7000000.0;Torwart;Reservebank
1169003;Deutschland;Hannover 96;Ron-Robert Zieler;23;6500000.0;Torwart;Reservebank
1169003;Deutschland;FC Schalke 04;Benedikt Höwedes;24;15000000.0;Innenverteidiger;Reservebank
1169003;Deutschland;FC Arsenal;Per Mertesacker;27;14000000.0;Innenverteidiger;Reservebank
1169003;Deutschland;Borussia Dortmund;Marcel Schmelzer;24;7500000.0;Linker Verteidiger;Reservebank
1169003;Deutschland;FC Bayern München;Toni Kroos;22;23000000.0;Offensives Mittelfeld;Reservebank
1169003;Deutschland;Borussia Dortmund;Ilkay Gündogan;21;6000000.0;Zentrales Mittelfeld;Reservebank
1169003;Deutschland;Borussia Dortmund;Mario Götze;20;30000000.0;Offensives Mittelfeld;Reservebank
1169003;Deutschland;Bayer 04 Leverkusen;André Schürrle;21;14000000.0;Linksaußen;Reservebank
1169003;Deutschland;Borussia Mönchengladbach;Marco Reus;23;20000000.0;Linksaußen;Reservebank
1169003;Deutschland;Lazio Rom;Miroslav Klose;34;6000000.0;Mittelstürmer;Reservebank
