GameId;team;club;name;age;value;position;role
1169015;England;Manchester City;Joe Hart;25;21000000.0;Torwart;Startaufstellung
1169015;England;Manchester City;Joleon Lescott;29;15000000.0;Innenverteidiger;Startaufstellung
1169015;England;FC Chelsea;John Terry;31;24000000.0;Innenverteidiger;Startaufstellung
1169015;England;FC Chelsea;Ashley Cole;31;17000000.0;Linker Verteidiger;Startaufstellung
1169015;England;FC Liverpool;Glen Johnson;27;14000000.0;Rechter Verteidiger;Startaufstellung
1169015;England;FC Liverpool;Steven Gerrard;32;21000000.0;Zentrales Mittelfeld;Startaufstellung
1169015;England;Tottenham Hotspur;Scott Parker;31;14000000.0;Zentrales Mittelfeld;Startaufstellung
1169015;England;Manchester City;James Milner;26;20000000.0;Rechtes Mittelfeld;Startaufstellung
1169015;England;Manchester United;Ashley Young;26;25000000.0;Linkes Mittelfeld;Startaufstellung
1169015;England;Manchester United;Wayne Rooney;26;65000000.0;Hängende Spitze;Startaufstellung
1169015;England;Manchester United;Danny Welbeck;21;13000000.0;Mittelstürmer;Startaufstellung
1169015;Ukraine;Shakhtar Donetsk;Andriy Pyatov;27;6000000.0;Torwart;Startaufstellung
1169015;Ukraine;Shakhtar Donetsk;Yaroslav Rakitsky;22;8000000.0;Innenverteidiger;Startaufstellung
1169015;Ukraine;Dynamo Kiew;Evgen Khacheridi;24;3500000.0;Innenverteidiger;Startaufstellung
1169015;Ukraine;Vorskla Poltava;Evgen Selin;24;1800000.0;Linker Verteidiger;Startaufstellung
1169015;Ukraine;Dynamo Kiew;Oleg Gusev;29;7000000.0;Rechter Verteidiger;Startaufstellung
1169015;Ukraine;FC Bayern München;Anatoliy Tymoshchuk;33;5000000.0;Defensives Mittelfeld;Startaufstellung
1169015;Ukraine;Dynamo Kiew;Denys Garmash;22;3000000.0;Zentrales Mittelfeld;Startaufstellung
1169015;Ukraine;Dnipro Dnipropetrovsk;Yevhen Konoplyanka;22;7500000.0;Linksaußen;Startaufstellung
1169015;Ukraine;Dynamo Kiew;Andriy Yarmolenko;22;9000000.0;Rechtsaußen;Startaufstellung
1169015;Ukraine;Dynamo Kiew;Artem Milevsky;27;8000000.0;Hängende Spitze;Startaufstellung
1169015;Ukraine;Metalist Kharkiv;Marko Devic;28;7000000.0;Mittelstürmer;Startaufstellung
1169015;England;West Ham United;Robert Green;32;4500000.0;Torwart;Reservebank
1169015;England;Birmingham City;Jack Butland;19;250000.0;Torwart;Reservebank
1169015;England;Manchester United;Phil Jones;20;18000000.0;Innenverteidiger;Reservebank
1169015;England;FC Everton;Phil Jagielka;29;12000000.0;Innenverteidiger;Reservebank
1169015;England;FC Everton;Leighton Baines;27;18000000.0;Linker Verteidiger;Reservebank
1169015;England;FC Liverpool;Martin Kelly;22;4500000.0;Rechter Verteidiger;Reservebank
1169015;England;FC Liverpool;Jordan Henderson;22;15000000.0;Zentrales Mittelfeld;Reservebank
1169015;England;FC Arsenal;Alex Oxlade-Chamberlain;18;10000000.0;Hängende Spitze;Reservebank
1169015;England;FC Liverpool;Stewart Downing;27;16000000.0;Linkes Mittelfeld;Reservebank
1169015;England;FC Arsenal;Theo Walcott;23;17000000.0;Rechtsaußen;Reservebank
1169015;England;FC Liverpool;Andy Carroll;23;17000000.0;Mittelstürmer;Reservebank
1169015;England;Tottenham Hotspur;Jermain Defoe;29;11000000.0;Mittelstürmer;Reservebank
1169015;Ukraine;Dynamo Kiew;Maksym Koval;19;2000000.0;Torwart;Reservebank
1169015;Ukraine;Metalist Kharkiv;Oleksandr Goryainov;36;600000.0;Torwart;Reservebank
1169015;Ukraine;Shakhtar Donetsk;Oleksandr Kucher;29;3500000.0;Innenverteidiger;Reservebank
1169015;Ukraine;Dynamo Kiew;Taras Mykhalyk;28;4000000.0;Innenverteidiger;Reservebank
1169015;Ukraine;Shakhtar Donetsk;Vyacheslav Shevchuk;33;1500000.0;Linker Verteidiger;Reservebank
1169015;Ukraine;Ilyichivets Mariupol;Bogdan Butko;21;2000000.0;Rechter Verteidiger;Reservebank
1169015;Ukraine;Dnipro Dnipropetrovsk;Ruslan Rotan;30;3500000.0;Zentrales Mittelfeld;Reservebank
1169015;Ukraine;Dynamo Kiew;Oleksandr Aliev;27;7500000.0;Offensives Mittelfeld;Reservebank
1169015;Ukraine;SK Tavriya Simferopol;Sergiy Nazarenko;32;2000000.0;Zentrales Mittelfeld;Reservebank
1169015;Ukraine;Dinamo Moskau;Andriy Voronin;32;5000000.0;Hängende Spitze;Reservebank
1169015;Ukraine;Dynamo Kiew;Andriy Shevchenko;35;5000000.0;Mittelstürmer;Reservebank
1169015;Ukraine;Shakhtar Donetsk;Evgen Seleznev;26;5000000.0;Mittelstürmer;Reservebank
