GameId;team;club;name;age;value;position;role
1169006;Italien;Juventus Turin;Gianluigi Buffon;34;16000000.0;Torwart;Startaufstellung
1169006;Italien;Juventus Turin;Giorgio Chiellini;27;24000000.0;Innenverteidiger;Startaufstellung
1169006;Italien;Juventus Turin;Leonardo Bonucci;25;13500000.0;Innenverteidiger;Startaufstellung
1169006;Italien;AS Rom;Daniele De Rossi;28;32000000.0;Innenverteidiger;Startaufstellung
1169006;Italien;Juventus Turin;Andrea Pirlo;33;10000000.0;Defensives Mittelfeld;Startaufstellung
1169006;Italien;FC Paris Saint-Germain;Thiago Motta;29;14000000.0;Zentrales Mittelfeld;Startaufstellung
1169006;Italien;Juventus Turin;Claudio Marchisio;26;23000000.0;Zentrales Mittelfeld;Startaufstellung
1169006;Italien;SSC Neapel;Christian Maggio;30;11000000.0;Rechtes Mittelfeld;Startaufstellung
1169006;Italien;Juventus Turin;Emanuele Giaccherini;27;4700000.0;Linkes Mittelfeld;Startaufstellung
1169006;Italien;AC Mailand;Antonio Cassano;29;10000000.0;Hängende Spitze;Startaufstellung
1169006;Italien;Manchester City;Mario Balotelli;21;30000000.0;Mittelstürmer;Startaufstellung
1169006;Kroatien;FK Rostov;Stipe Pletikosa;33;2000000.0;Torwart;Startaufstellung
1169006;Kroatien;Bayer 04 Leverkusen;Vedran Corluka;26;7500000.0;Innenverteidiger;Startaufstellung
1169006;Kroatien;Eintracht Frankfurt;Gordon Schildenfeld;27;2000000.0;Innenverteidiger;Startaufstellung
1169006;Kroatien;Dnipro Dnipropetrovsk;Ivan Strinic;24;3500000.0;Linker Verteidiger;Startaufstellung
1169006;Kroatien;Shakhtar Donetsk;Darijo Srna;30;14000000.0;Rechter Verteidiger;Startaufstellung
1169006;Kroatien;Dynamo Kiew;Ognjen Vukojevic;28;8500000.0;Defensives Mittelfeld;Startaufstellung
1169006;Kroatien;Tottenham Hotspur;Luka Modric;26;39000000.0;Zentrales Mittelfeld;Startaufstellung
1169006;Kroatien;FC Sevilla;Ivan Rakitic;24;9000000.0;Rechtes Mittelfeld;Startaufstellung
1169006;Kroatien;Borussia Dortmund;Ivan Perisic;23;6000000.0;Linksaußen;Startaufstellung
1169006;Kroatien;FC Everton;Nikica Jelavic;26;5000000.0;Mittelstürmer;Startaufstellung
1169006;Kroatien;VfL Wolfsburg;Mario Mandzukic;26;10000000.0;Mittelstürmer;Startaufstellung
1169006;Italien;FC Paris Saint-Germain;Salvatore Sirigu;25;13000000.0;Torwart;Reservebank
1169006;Italien;SSC Neapel;Morgan De Sanctis;35;4200000.0;Torwart;Reservebank
1169006;Italien;FC Turin;Angelo Ogbonna;24;6000000.0;Innenverteidiger;Reservebank
1169006;Italien;US Palermo;Federico Balzaretti;30;7500000.0;Linker Verteidiger;Reservebank
1169006;Italien;AC Mailand;Ignazio Abate;25;12000000.0;Rechter Verteidiger;Reservebank
1169006;Italien;AC Florenz;Riccardo Montolivo;27;13000000.0;Zentrales Mittelfeld;Reservebank
1169006;Italien;AC Mailand;Antonio Nocerino;27;11000000.0;Zentrales Mittelfeld;Reservebank
1169006;Italien;AS Rom;Fabio Borini;21;8000000.0;Linksaußen;Reservebank
1169006;Italien;FC Bologna;Alessandro Diamanti;29;6500000.0;Hängende Spitze;Reservebank
1169006;Italien;Parma FC;Sebastian Giovinco;25;12500000.0;Mittelstürmer;Reservebank
1169006;Italien;Udinese Calcio;Antonio Di Natale;34;7000000.0;Mittelstürmer;Reservebank
1169006;Kroatien;GNK Dinamo Zagreb;Ivan Kelava;24;2500000.0;Torwart;Reservebank
1169006;Kroatien;AS Monaco;Danijel Subasic;27;2000000.0;Torwart;Reservebank
1169006;Kroatien;GNK Dinamo Zagreb;Josip Simunic;34;1500000.0;Innenverteidiger;Reservebank
1169006;Kroatien;Maccabi Haifa;Jurica Buljat;25;1000000.0;Innenverteidiger;Reservebank
1169006;Kroatien;GNK Dinamo Zagreb;Domagoj Vida;23;3000000.0;Innenverteidiger;Reservebank
1169006;Kroatien;FC Bayern München;Danijel Pranjic;30;3500000.0;Linkes Mittelfeld;Reservebank
1169006;Kroatien;GNK Dinamo Zagreb;Sime Vrsaljko;20;5500000.0;Rechter Verteidiger;Reservebank
1169006;Kroatien;GNK Dinamo Zagreb;Milan Badelj;23;4500000.0;Defensives Mittelfeld;Reservebank
1169006;Kroatien;Real Saragossa ;Tomislav Dujmovic;31;2000000.0;Zentrales Mittelfeld;Reservebank
1169006;Kroatien;Tottenham Hotspur;Niko Kranjcar;27;7000000.0;Offensives Mittelfeld;Reservebank
1169006;Kroatien;Shakhtar Donetsk;Eduardo;29;8000000.0;Mittelstürmer;Reservebank
1169006;Kroatien;Dnipro Dnipropetrovsk;Nikola Kalinic;24;6000000.0;Mittelstürmer;Reservebank
