GameId;team;club;name;age;value;position;role
1169001;Dänemark;FC Évian Thonon Gaillard;Stephan Andersen;30;2000000.0;Torwart;Startaufstellung
1169001;Dänemark;FC Liverpool;Daniel Agger;27;13000000.0;Innenverteidiger;Startaufstellung
1169001;Dänemark;AS Rom;Simon Kjaer;23;8000000.0;Innenverteidiger;Startaufstellung
1169001;Dänemark;AZ Alkmaar;Simon Poulsen;27;3500000.0;Linker Verteidiger;Startaufstellung
1169001;Dänemark;FC Kopenhagen;Lars Jacobsen;32;1500000.0;Rechter Verteidiger;Startaufstellung
1169001;Dänemark;VfB Stuttgart;William Kvist;27;7000000.0;Defensives Mittelfeld;Startaufstellung
1169001;Dänemark;FC Brügge;Niki Zimling;27;2500000.0;Defensives Mittelfeld;Startaufstellung
1169001;Dänemark;Ajax Amsterdam;Christian Eriksen;20;13000000.0;Offensives Mittelfeld;Startaufstellung
1169001;Dänemark;Bröndby IF;Michael Krohn-Dehli;29;3500000.0;Linksaußen;Startaufstellung
1169001;Dänemark;Bröndby IF;Dennis Rommedahl;33;1500000.0;Rechtsaußen;Startaufstellung
1169001;Dänemark;FC Arsenal;Nicklas Bendtner;24;7500000.0;Mittelstürmer;Startaufstellung
1169001;Portugal;Sporting Lissabon;Rui Patrício;24;12000000.0;Torwart;Startaufstellung
1169001;Portugal;Zenit St. Petersburg;Bruno Alves;30;12000000.0;Innenverteidiger;Startaufstellung
1169001;Portugal;Real Madrid;Pepe;29;28000000.0;Innenverteidiger;Startaufstellung
1169001;Portugal;Real Madrid;Fábio Coentrão;24;24000000.0;Linker Verteidiger;Startaufstellung
1169001;Portugal;Sporting Lissabon;João Pereira;28;10500000.0;Rechter Verteidiger;Startaufstellung
1169001;Portugal;FC Genua 1893;Miguel Veloso;26;10000000.0;Defensives Mittelfeld;Startaufstellung
1169001;Portugal;FC Chelsea;Raúl Meireles;29;14000000.0;Zentrales Mittelfeld;Startaufstellung
1169001;Portugal;FC Porto;João Moutinho;25;23000000.0;Zentrales Mittelfeld;Startaufstellung
1169001;Portugal;Real Madrid;Cristiano Ronaldo;27;90000000.0;Linksaußen;Startaufstellung
1169001;Portugal;Manchester United;Nani;25;36000000.0;Rechtsaußen;Startaufstellung
1169001;Portugal;Real Saragossa ;Hélder Postiga;29;4000000.0;Mittelstürmer;Startaufstellung
1169001;Dänemark;Manchester United;Anders Lindegaard;28;5000000.0;Torwart;Reservebank
1169001;Dänemark;Leicester City;Kasper Schmeichel;25;2000000.0;Torwart;Reservebank
1169001;Dänemark;FC Nordsjaelland;Andreas Bjelland;23;2000000.0;Innenverteidiger;Reservebank
1169001;Dänemark;FC Nordsjaelland;Jores Okore;19;1000000.0;Innenverteidiger;Reservebank
1169001;Dänemark;FC Évian Thonon Gaillard;Christian Poulsen;32;2250000.0;Defensives Mittelfeld;Reservebank
1169001;Dänemark;NEC Nijmegen;Lasse Schöne;26;2500000.0;Offensives Mittelfeld;Reservebank
1169001;Dänemark;BSC Young Boys;Michael Silberbauer;30;1000000.0;Zentrales Mittelfeld;Reservebank
1169001;Dänemark;FC Évian Thonon Gaillard;Daniel Wass;23;3000000.0;Zentrales Mittelfeld;Reservebank
1169001;Dänemark;FC Midtjylland;Jakob Poulsen;28;2000000.0;Defensives Mittelfeld;Reservebank
1169001;Dänemark;FC Évian Thonon Gaillard;Thomas Kahlenberg;29;2250000.0;Zentrales Mittelfeld;Reservebank
1169001;Dänemark;FC Nordsjaelland;Tobias Mikkelsen;25;850000.0;Rechtsaußen;Reservebank
1169001;Dänemark;FC Groningen;Nicklas Pedersen;24;1250000.0;Mittelstürmer;Reservebank
1169001;Portugal;Benfica Lissabon;Eduardo;29;4000000.0;Torwart;Reservebank
1169001;Portugal;CFR Cluj;Beto;30;3200000.0;Torwart;Reservebank
1169001;Portugal;FC Valencia;Ricardo Costa;31;4000000.0;Innenverteidiger;Reservebank
1169001;Portugal;FC Porto;Rolando;26;13000000.0;Innenverteidiger;Reservebank
1169001;Portugal;SC Braga;Miguel Lopes;25;2500000.0;Rechter Verteidiger;Reservebank
1169001;Portugal;SC Braga;Custódio;29;2000000.0;Defensives Mittelfeld;Reservebank
1169001;Portugal;SC Braga;Hugo Viana;29;7500000.0;Zentrales Mittelfeld;Reservebank
1169001;Portugal;Real Saragossa ;Rúben Micael;25;5000000.0;Offensives Mittelfeld;Reservebank
1169001;Portugal;FC Porto;Silvestre Varela;27;7300000.0;Rechtsaußen;Reservebank
1169001;Portugal;Besiktas Istanbul;Ricardo Quaresma;28;15000000.0;Rechtsaußen;Reservebank
1169001;Portugal;Besiktas Istanbul;Hugo Almeida;28;8000000.0;Mittelstürmer;Reservebank
1169001;Portugal;Benfica Lissabon;Nélson Oliveira;20;4000000.0;Mittelstürmer;Reservebank
