GameId;team;club;name;age;value;position;role
1169010;Frankreich;Olympique Lyon;Hugo Lloris;25;19000000.0;Torwart;Startaufstellung
1169010;Frankreich;FC Valencia;Adil Rami;26;14000000.0;Innenverteidiger;Startaufstellung
1169010;Frankreich;AC Mailand;Philippe Mexès;30;8000000.0;Innenverteidiger;Startaufstellung
1169010;Frankreich;Manchester United;Patrice Evra;31;19000000.0;Linker Verteidiger;Startaufstellung
1169010;Frankreich;LOSC Lille;Mathieu Debuchy;26;11000000.0;Rechter Verteidiger;Startaufstellung
1169010;Frankreich;Olympique Marseille;Alou Diarra;30;6000000.0;Defensives Mittelfeld;Startaufstellung
1169010;Frankreich;Newcastle United;Yohan Cabaye;26;12000000.0;Zentrales Mittelfeld;Startaufstellung
1169010;Frankreich;FC Chelsea;Florent Malouda;31;9000000.0;Offensives Mittelfeld;Startaufstellung
1169010;Frankreich;FC Bayern München;Franck Ribéry;29;42000000.0;Linksaußen;Startaufstellung
1169010;Frankreich;Manchester City;Samir Nasri;24;25000000.0;Rechtsaußen;Startaufstellung
1169010;Frankreich;Real Madrid;Karim Benzema;24;35000000.0;Mittelstürmer;Startaufstellung
1169010;England;Manchester City;Joe Hart;25;21000000.0;Torwart;Startaufstellung
1169010;England;Manchester City;Joleon Lescott;29;15000000.0;Innenverteidiger;Startaufstellung
1169010;England;FC Chelsea;John Terry;31;24000000.0;Innenverteidiger;Startaufstellung
1169010;England;FC Chelsea;Ashley Cole;31;17000000.0;Linker Verteidiger;Startaufstellung
1169010;England;FC Liverpool;Glen Johnson;27;14000000.0;Rechter Verteidiger;Startaufstellung
1169010;England;FC Liverpool;Steven Gerrard;32;21000000.0;Zentrales Mittelfeld;Startaufstellung
1169010;England;Tottenham Hotspur;Scott Parker;31;14000000.0;Zentrales Mittelfeld;Startaufstellung
1169010;England;Manchester City;James Milner;26;20000000.0;Rechtes Mittelfeld;Startaufstellung
1169010;England;FC Arsenal;Alex Oxlade-Chamberlain;18;10000000.0;Linksaußen;Startaufstellung
1169010;England;Manchester United;Ashley Young;26;25000000.0;Hängende Spitze;Startaufstellung
1169010;England;Manchester United;Danny Welbeck;21;13000000.0;Mittelstürmer;Startaufstellung
1169010;Frankreich;Olympique Marseille;Steve Mandanda;27;17000000.0;Torwart;Reservebank
1169010;Frankreich;FC Girondins Bordeaux;Cédric Carrasso;30;9000000.0;Torwart;Reservebank
1169010;Frankreich;FC Arsenal;Laurent Koscielny;26;16000000.0;Innenverteidiger;Reservebank
1169010;Frankreich;Manchester City;Gaël Clichy;26;13000000.0;Linker Verteidiger;Reservebank
1169010;Frankreich;Olympique Lyon;Anthony Réveillère;32;4000000.0;Rechter Verteidiger;Reservebank
1169010;Frankreich;FC Stade Rennes;Yann M'Vila;21;21000000.0;Defensives Mittelfeld;Reservebank
1169010;Frankreich;FC Paris Saint-Germain;Blaise Matuidi;25;10000000.0;Zentrales Mittelfeld;Reservebank
1169010;Frankreich;Newcastle United;Hatem Ben Arfa;25;8500000.0;Offensives Mittelfeld;Reservebank
1169010;Frankreich;FC Sochaux-Montbéliard;Marvin Martin;24;9500000.0;Offensives Mittelfeld;Reservebank
1169010;Frankreich;Olympique Marseille;Mathieu Valbuena;27;12000000.0;Linksaußen;Reservebank
1169010;Frankreich;HSC Montpellier;Olivier Giroud;25;13000000.0;Mittelstürmer;Reservebank
1169010;Frankreich;FC Paris Saint-Germain;Jérémy Ménez;25;18000000.0;Mittelstürmer;Reservebank
1169010;England;West Ham United;Robert Green;32;4500000.0;Torwart;Reservebank
1169010;England;Birmingham City;Jack Butland;19;250000.0;Torwart;Reservebank
1169010;England;Manchester United;Phil Jones;20;18000000.0;Innenverteidiger;Reservebank
1169010;England;FC Everton;Phil Jagielka;29;12000000.0;Innenverteidiger;Reservebank
1169010;England;FC Everton;Leighton Baines;27;18000000.0;Linker Verteidiger;Reservebank
1169010;England;FC Liverpool;Jordan Henderson;21;15000000.0;Zentrales Mittelfeld;Reservebank
1169010;England;FC Liverpool;Stewart Downing;27;16000000.0;Linkes Mittelfeld;Reservebank
1169010;England;FC Arsenal;Theo Walcott;23;17000000.0;Hängende Spitze;Reservebank
1169010;England;FC Liverpool;Andy Carroll;23;17000000.0;Mittelstürmer;Reservebank
1169010;England;Tottenham Hotspur;Jermain Defoe;29;11000000.0;Linksaußen;Reservebank
