GameId;team;club;name;age;value;position;role
1169013;Ukraine;Shakhtar Donetsk;Andriy Pyatov;27;6000000.0;Torwart;Startaufstellung
1169013;Ukraine;Dynamo Kiew;Evgen Khacheridi;24;3500000.0;Innenverteidiger;Startaufstellung
1169013;Ukraine;Dynamo Kiew;Taras Mykhalyk;28;4000000.0;Innenverteidiger;Startaufstellung
1169013;Ukraine;Vorskla Poltava;Evgen Selin;24;1800000.0;Linker Verteidiger;Startaufstellung
1169013;Ukraine;Dynamo Kiew;Oleg Gusev;29;7000000.0;Rechter Verteidiger;Startaufstellung
1169013;Ukraine;FC Bayern München;Anatoliy Tymoshchuk;33;5000000.0;Defensives Mittelfeld;Startaufstellung
1169013;Ukraine;SK Tavriya Simferopol;Sergiy Nazarenko;32;2000000.0;Zentrales Mittelfeld;Startaufstellung
1169013;Ukraine;Dnipro Dnipropetrovsk;Yevhen Konoplyanka;22;7500000.0;Linksaußen;Startaufstellung
1169013;Ukraine;Dynamo Kiew;Andriy Yarmolenko;22;9000000.0;Rechtsaußen;Startaufstellung
1169013;Ukraine;Dinamo Moskau;Andriy Voronin;32;5000000.0;Hängende Spitze;Startaufstellung
1169013;Ukraine;Dynamo Kiew;Andriy Shevchenko;35;5000000.0;Mittelstürmer;Startaufstellung
1169013;Frankreich;Olympique Lyon;Hugo Lloris;25;19000000.0;Torwart;Startaufstellung
1169013;Frankreich;FC Valencia;Adil Rami;26;14000000.0;Innenverteidiger;Startaufstellung
1169013;Frankreich;AC Mailand;Philippe Mexès;30;8000000.0;Innenverteidiger;Startaufstellung
1169013;Frankreich;Manchester City;Gaël Clichy;26;13000000.0;Linker Verteidiger;Startaufstellung
1169013;Frankreich;LOSC Lille;Mathieu Debuchy;26;11000000.0;Rechter Verteidiger;Startaufstellung
1169013;Frankreich;Olympique Marseille;Alou Diarra;30;6000000.0;Defensives Mittelfeld;Startaufstellung
1169013;Frankreich;Newcastle United;Yohan Cabaye;26;12000000.0;Offensives Mittelfeld;Startaufstellung
1169013;Frankreich;Manchester City;Samir Nasri;24;25000000.0;Offensives Mittelfeld;Startaufstellung
1169013;Frankreich;FC Bayern München;Franck Ribéry;29;42000000.0;Linksaußen;Startaufstellung
1169013;Frankreich;FC Paris Saint-Germain;Jérémy Ménez;25;18000000.0;Rechtsaußen;Startaufstellung
1169013;Frankreich;Real Madrid;Karim Benzema;24;35000000.0;Mittelstürmer;Startaufstellung
1169013;Ukraine;Dynamo Kiew;Maksym Koval;19;2000000.0;Torwart;Reservebank
1169013;Ukraine;Metalist Kharkiv;Oleksandr Goryainov;36;600000.0;Torwart;Reservebank
1169013;Ukraine;Shakhtar Donetsk;Yaroslav Rakitsky;22;8000000.0;Innenverteidiger;Reservebank
1169013;Ukraine;Shakhtar Donetsk;Oleksandr Kucher;29;3500000.0;Innenverteidiger;Reservebank
1169013;Ukraine;Shakhtar Donetsk;Vyacheslav Shevchuk;33;1500000.0;Linker Verteidiger;Reservebank
1169013;Ukraine;Ilyichivets Mariupol;Bogdan Butko;21;2000000.0;Rechter Verteidiger;Reservebank
1169013;Ukraine;Dnipro Dnipropetrovsk;Ruslan Rotan;30;3500000.0;Zentrales Mittelfeld;Reservebank
1169013;Ukraine;Dynamo Kiew;Oleksandr Aliev;27;7500000.0;Offensives Mittelfeld;Reservebank
1169013;Ukraine;Dynamo Kiew;Denys Garmash;22;3000000.0;Offensives Mittelfeld;Reservebank
1169013;Ukraine;Metalist Kharkiv;Marko Devic;28;7000000.0;Mittelstürmer;Reservebank
1169013;Ukraine;Dynamo Kiew;Artem Milevsky;27;8000000.0;Mittelstürmer;Reservebank
1169013;Ukraine;Shakhtar Donetsk;Evgen Seleznev;26;5000000.0;Mittelstürmer;Reservebank
1169013;Frankreich;Olympique Marseille;Steve Mandanda;27;17000000.0;Torwart;Reservebank
1169013;Frankreich;FC Girondins Bordeaux;Cédric Carrasso;30;9000000.0;Torwart;Reservebank
1169013;Frankreich;FC Arsenal;Laurent Koscielny;26;16000000.0;Innenverteidiger;Reservebank
1169013;Frankreich;Manchester United;Patrice Evra;31;19000000.0;Linker Verteidiger;Reservebank
1169013;Frankreich;Olympique Lyon;Anthony Réveillère;32;4000000.0;Rechter Verteidiger;Reservebank
1169013;Frankreich;FC Stade Rennes;Yann M'Vila;21;21000000.0;Defensives Mittelfeld;Reservebank
1169013;Frankreich;FC Paris Saint-Germain;Blaise Matuidi;25;10000000.0;Zentrales Mittelfeld;Reservebank
1169013;Frankreich;FC Chelsea;Florent Malouda;32;9000000.0;Linksaußen;Reservebank
1169013;Frankreich;Newcastle United;Hatem Ben Arfa;25;8500000.0;Offensives Mittelfeld;Reservebank
1169013;Frankreich;FC Sochaux-Montbéliard;Marvin Martin;24;9500000.0;Offensives Mittelfeld;Reservebank
1169013;Frankreich;Olympique Marseille;Mathieu Valbuena;27;12000000.0;Linksaußen;Reservebank
1169013;Frankreich;HSC Montpellier;Olivier Giroud;25;13000000.0;Mittelstürmer;Reservebank
