GameId;team;club;name;age;value;position;role
1169002;Portugal;Sporting Lissabon;Rui Patrício;24;12000000.0;Torwart;Startaufstellung
1169002;Portugal;Zenit St. Petersburg;Bruno Alves;30;12000000.0;Innenverteidiger;Startaufstellung
1169002;Portugal;Real Madrid;Pepe;29;28000000.0;Innenverteidiger;Startaufstellung
1169002;Portugal;Real Madrid;Fábio Coentrão;24;24000000.0;Linker Verteidiger;Startaufstellung
1169002;Portugal;Sporting Lissabon;João Pereira;28;10500000.0;Rechter Verteidiger;Startaufstellung
1169002;Portugal;FC Genua 1893;Miguel Veloso;26;10000000.0;Defensives Mittelfeld;Startaufstellung
1169002;Portugal;FC Porto;João Moutinho;25;23000000.0;Zentrales Mittelfeld;Startaufstellung
1169002;Portugal;FC Chelsea;Raúl Meireles;29;14000000.0;Offensives Mittelfeld;Startaufstellung
1169002;Portugal;Real Madrid;Cristiano Ronaldo;27;90000000.0;Linksaußen;Startaufstellung
1169002;Portugal;Manchester United;Nani;25;36000000.0;Rechtsaußen;Startaufstellung
1169002;Portugal;Real Saragossa ;Hélder Postiga;29;4000000.0;Mittelstürmer;Startaufstellung
1169002;Niederlande;AS Rom;Maarten Stekelenburg;29;9000000.0;Torwart;Startaufstellung
1169002;Niederlande;FC Málaga;Joris Mathijsen;32;3500000.0;Innenverteidiger;Startaufstellung
1169002;Niederlande;Feyenoord Rotterdam;Ron Vlaar;27;5000000.0;Innenverteidiger;Startaufstellung
1169002;Niederlande;PSV Eindhoven;Jetro Willems;18;1500000.0;Linker Verteidiger;Startaufstellung
1169002;Niederlande;Ajax Amsterdam;Gregory van der Wiel;24;10000000.0;Rechter Verteidiger;Startaufstellung
1169002;Niederlande;Manchester City;Nigel de Jong;27;17000000.0;Defensives Mittelfeld;Startaufstellung
1169002;Niederlande;Tottenham Hotspur;Rafael van der Vaart;29;25000000.0;Offensives Mittelfeld;Startaufstellung
1169002;Niederlande;FC Internazionale;Wesley Sneijder;28;32000000.0;Linksaußen;Startaufstellung
1169002;Niederlande;FC Bayern München;Arjen Robben;28;32000000.0;Rechtsaußen;Startaufstellung
1169002;Niederlande;FC Arsenal;Robin van Persie;28;45000000.0;Hängende Spitze;Startaufstellung
1169002;Niederlande;FC Schalke 04;Klaas-Jan Huntelaar;28;20000000.0;Mittelstürmer;Startaufstellung
1169002;Portugal;Benfica Lissabon;Eduardo;29;4000000.0;Torwart;Reservebank
1169002;Portugal;CFR Cluj;Beto;30;3200000.0;Torwart;Reservebank
1169002;Portugal;FC Valencia;Ricardo Costa;31;4000000.0;Innenverteidiger;Reservebank
1169002;Portugal;FC Porto;Rolando;26;13000000.0;Innenverteidiger;Reservebank
1169002;Portugal;SC Braga;Miguel Lopes;25;2500000.0;Rechter Verteidiger;Reservebank
1169002;Portugal;SC Braga;Custódio;29;2000000.0;Defensives Mittelfeld;Reservebank
1169002;Portugal;SC Braga;Hugo Viana;29;7500000.0;Zentrales Mittelfeld;Reservebank
1169002;Portugal;Real Saragossa ;Rúben Micael;25;5000000.0;Offensives Mittelfeld;Reservebank
1169002;Portugal;FC Porto;Silvestre Varela;27;7300000.0;Linksaußen;Reservebank
1169002;Portugal;Besiktas Istanbul;Ricardo Quaresma;28;15000000.0;Rechtsaußen;Reservebank
1169002;Portugal;Besiktas Istanbul;Hugo Almeida;28;8000000.0;Mittelstürmer;Reservebank
1169002;Portugal;Benfica Lissabon;Nélson Oliveira;20;4000000.0;Mittelstürmer;Reservebank
1169002;Niederlande;Newcastle United;Tim Krul;24;6000000.0;Torwart;Reservebank
1169002;Niederlande;Swansea City;Michel Vorm;28;8000000.0;Torwart;Reservebank
1169002;Niederlande;FC Everton;Johnny Heitinga;28;10000000.0;Innenverteidiger;Reservebank
1169002;Niederlande;VfB Stuttgart;Khalid Boulahrouz;30;3000000.0;Innenverteidiger;Reservebank
1169002;Niederlande;PSV Eindhoven;Wilfred Bouma;34;3000000.0;Linker Verteidiger;Reservebank
1169002;Niederlande;Sporting Lissabon;Stijn Schaars;28;7000000.0;Offensives Mittelfeld;Reservebank
1169002;Niederlande;AC Mailand;Mark van Bommel;35;2500000.0;Defensives Mittelfeld;Reservebank
1169002;Niederlande;PSV Eindhoven;Kevin Strootman;22;8000000.0;Zentrales Mittelfeld;Reservebank
1169002;Niederlande;FC Barcelona;Ibrahim Afellay;26;10000000.0;Linkes Mittelfeld;Reservebank
1169002;Niederlande;FC Liverpool;Dirk Kuyt;31;8000000.0;Rechtsaußen;Reservebank
1169002;Niederlande;SC Heerenveen;Luciano Narsingh;21;3500000.0;Rechtsaußen;Reservebank
1169002;Niederlande;FC Twente Enschede;Luuk de Jong;21;8000000.0;Mittelstürmer;Reservebank
