GameId;team;club;name;age;value;position;role
2219367;Deutschland;FC Bayern München;Manuel Neuer;26;30000000.0;Torwart;Startaufstellung
2219367;Deutschland;FC Bayern München;Holger Badstuber;23;17500000.0;Innenverteidiger;Startaufstellung
2219367;Deutschland;Borussia Dortmund;Mats Hummels;23;20000000.0;Innenverteidiger;Startaufstellung
2219367;Deutschland;FC Bayern München;Philipp Lahm;28;28000000.0;Linker Verteidiger;Startaufstellung
2219367;Deutschland;FC Bayern München;Jérôme Boateng;23;13500000.0;Rechter Verteidiger;Startaufstellung
2219367;Deutschland;Real Madrid;Sami Khedira;25;20000000.0;Zentrales Mittelfeld;Startaufstellung
2219367;Deutschland;FC Bayern München;Bastian Schweinsteiger;27;38000000.0;Zentrales Mittelfeld;Startaufstellung
2219367;Deutschland;Real Madrid;Mesut Özil;23;32000000.0;Offensives Mittelfeld;Startaufstellung
2219367;Deutschland;Bayer 04 Leverkusen;André Schürrle;21;14000000.0;Linksaußen;Startaufstellung
2219367;Deutschland;Borussia Mönchengladbach;Marco Reus;23;20000000.0;Rechtsaußen;Startaufstellung
2219367;Deutschland;Lazio Rom;Miroslav Klose;34;6000000.0;Mittelstürmer;Startaufstellung
2219367;Griechenland;Aris Thessaloniki;Michalis Sifakis;27;3500000.0;Torwart;Startaufstellung
2219367;Griechenland;FC Schalke 04;Kyriakos Papadopoulos;20;9000000.0;Innenverteidiger;Startaufstellung
2219367;Griechenland;SV Werder Bremen;Sokratis;24;8000000.0;Innenverteidiger;Startaufstellung
2219367;Griechenland;AS Monaco;Georgios Tzavellas;24;1750000.0;Linker Verteidiger;Startaufstellung
2219367;Griechenland;Olympiakos Piräus;Vasilios Torosidis;27;7500000.0;Rechter Verteidiger;Startaufstellung
2219367;Griechenland;AEK Athen;Grigoris Makos;25;3500000.0;Defensives Mittelfeld;Startaufstellung
2219367;Griechenland;Olympiakos Piräus;Giannis Maniatis;25;3000000.0;Zentrales Mittelfeld;Startaufstellung
2219367;Griechenland;Panathinaikos Athen;Konstantinos Katsouranis;33;4500000.0;Zentrales Mittelfeld;Startaufstellung
2219367;Griechenland;Celtic Glasgow;Georgios Samaras;27;3000000.0;Linksaußen;Startaufstellung
2219367;Griechenland;Panathinaikos Athen;Sotiris Ninis;22;6000000.0;Rechtsaußen;Startaufstellung
2219367;Griechenland;PAOK Thessaloniki;Dimitrios Salpingidis;30;4500000.0;Mittelstürmer;Startaufstellung
2219367;Deutschland;SV Werder Bremen;Tim Wiese;30;7000000.0;Torwart;Reservebank
2219367;Deutschland;Hannover 96;Ron-Robert Zieler;23;6500000.0;Torwart;Reservebank
2219367;Deutschland;FC Schalke 04;Benedikt Höwedes;24;15000000.0;Innenverteidiger;Reservebank
2219367;Deutschland;FC Arsenal;Per Mertesacker;27;14000000.0;Innenverteidiger;Reservebank
2219367;Deutschland;Borussia Dortmund;Marcel Schmelzer;24;7500000.0;Linker Verteidiger;Reservebank
2219367;Deutschland;Bayer 04 Leverkusen;Lars Bender;23;14000000.0;Defensives Mittelfeld;Reservebank
2219367;Deutschland;FC Bayern München;Toni Kroos;22;23000000.0;Zentrales Mittelfeld;Reservebank
2219367;Deutschland;Borussia Dortmund;Ilkay Gündogan;21;6000000.0;Zentrales Mittelfeld;Reservebank
2219367;Deutschland;Borussia Dortmund;Mario Götze;20;30000000.0;Linksaußen;Reservebank
2219367;Deutschland;FC Bayern München;Thomas Müller;22;35000000.0;Rechtsaußen;Reservebank
2219367;Deutschland;1.FC Köln;Lukas Podolski;27;20000000.0;Mittelstürmer;Reservebank
2219367;Deutschland;FC Bayern München;Mario Gómez;26;42000000.0;Mittelstürmer;Reservebank
2219367;Griechenland;PAOK Thessaloniki;Konstantinos Chalkias;38;600000.0;Torwart;Reservebank
2219367;Griechenland;US Palermo;Alexandros Tzorvas;29;2000000.0;Torwart;Reservebank
2219367;Griechenland;PAOK Thessaloniki;Stelios Malezas;27;2750000.0;Innenverteidiger;Reservebank
2219367;Griechenland;PAOK Thessaloniki;Georgios Fotakis;30;3250000.0;Zentrales Mittelfeld;Reservebank
2219367;Griechenland;1.FC Kaiserslautern;Konstantinos Fortounis;19;1500000.0;Offensives Mittelfeld;Reservebank
2219367;Griechenland;Olympiakos Piräus;Giannis Fetfatzidis;21;4250000.0;Rechtsaußen;Reservebank
2219367;Griechenland;Atromitos Athen;Konstantinos Mitroglou;24;3500000.0;Mittelstürmer;Reservebank
2219367;Griechenland;AEK Athen;Nikolaos Lyberopoulos;36;600000.0;Mittelstürmer;Reservebank
2219367;Griechenland;Samsunspor;Theofanis Gekas;32;2000000.0;Mittelstürmer;Reservebank
