GameId;team;club;name;age;value;position;role
2219615;Spanien;Real Madrid;Iker Casillas;31;35000000.0;Torwart;Startaufstellung
2219615;Spanien;FC Barcelona;Gerard Piqué;25;38000000.0;Innenverteidiger;Startaufstellung
2219615;Spanien;Real Madrid;Sergio Ramos;26;34000000.0;Innenverteidiger;Startaufstellung
2219615;Spanien;FC Valencia;Jordi Alba;23;10000000.0;Linker Verteidiger;Startaufstellung
2219615;Spanien;Real Madrid;Álvaro Arbeloa;29;12000000.0;Rechter Verteidiger;Startaufstellung
2219615;Spanien;FC Barcelona;Sergio Busquets;23;35000000.0;Defensives Mittelfeld;Startaufstellung
2219615;Spanien;Real Madrid;Xabi Alonso;30;35000000.0;Zentrales Mittelfeld;Startaufstellung
2219615;Spanien;FC Barcelona;Xavi;32;35000000.0;Zentrales Mittelfeld;Startaufstellung
2219615;Spanien;FC Barcelona;Andrés Iniesta;28;65000000.0;Linksaußen;Startaufstellung
2219615;Spanien;Manchester City;David Silva;26;46000000.0;Rechtsaußen;Startaufstellung
2219615;Spanien;FC Barcelona;Cesc Fàbregas;25;55000000.0;Mittelstürmer;Startaufstellung
2219615;Frankreich;Olympique Lyon;Hugo Lloris;25;19000000.0;Torwart;Startaufstellung
2219615;Frankreich;FC Valencia;Adil Rami;26;14000000.0;Innenverteidiger;Startaufstellung
2219615;Frankreich;FC Arsenal;Laurent Koscielny;26;16000000.0;Innenverteidiger;Startaufstellung
2219615;Frankreich;Manchester City;Gaël Clichy;26;13000000.0;Linker Verteidiger;Startaufstellung
2219615;Frankreich;Olympique Lyon;Anthony Réveillère;32;4000000.0;Rechter Verteidiger;Startaufstellung
2219615;Frankreich;FC Stade Rennes;Yann M'Vila;21;21000000.0;Defensives Mittelfeld;Startaufstellung
2219615;Frankreich;Newcastle United;Yohan Cabaye;26;12000000.0;Zentrales Mittelfeld;Startaufstellung
2219615;Frankreich;FC Chelsea;Florent Malouda;32;9000000.0;Offensives Mittelfeld;Startaufstellung
2219615;Frankreich;FC Bayern München;Franck Ribéry;29;42000000.0;Linksaußen;Startaufstellung
2219615;Frankreich;LOSC Lille;Mathieu Debuchy;26;11000000.0;Rechtsaußen;Startaufstellung
2219615;Frankreich;Real Madrid;Karim Benzema;24;35000000.0;Mittelstürmer;Startaufstellung
2219615;Spanien;FC Barcelona;Víctor Valdés;30;20000000.0;Torwart;Reservebank
2219615;Spanien;FC Liverpool;Pepe Reina;29;19000000.0;Torwart;Reservebank
2219615;Spanien;Real Madrid;Raúl Albiol;26;9000000.0;Innenverteidiger;Reservebank
2219615;Spanien;Atlético Madrid;Juanfran;27;8000000.0;Rechter Verteidiger;Reservebank
2219615;Spanien;Athletic Bilbao;Javi Martínez;23;22000000.0;Defensives Mittelfeld;Reservebank
2219615;Spanien;FC Málaga;Santi Cazorla;27;20000000.0;Zentrales Mittelfeld;Reservebank
2219615;Spanien;FC Chelsea;Juan Mata;24;34000000.0;Offensives Mittelfeld;Reservebank
2219615;Spanien;FC Barcelona;Pedro;24;28000000.0;Rechtsaußen;Reservebank
2219615;Spanien;FC Sevilla;Jesús Navas;26;20000000.0;Rechtsaußen;Reservebank
2219615;Spanien;FC Sevilla;Álvaro Negredo;26;18000000.0;Mittelstürmer;Reservebank
2219615;Spanien;FC Chelsea;Fernando Torres;28;35000000.0;Mittelstürmer;Reservebank
2219615;Spanien;Athletic Bilbao;Fernando Llorente;27;25000000.0;Mittelstürmer;Reservebank
2219615;Frankreich;Olympique Marseille;Steve Mandanda;27;17000000.0;Torwart;Reservebank
2219615;Frankreich;FC Girondins Bordeaux;Cédric Carrasso;30;9000000.0;Torwart;Reservebank
2219615;Frankreich;Manchester United;Patrice Evra;31;19000000.0;Linker Verteidiger;Reservebank
2219615;Frankreich;Olympique Marseille;Alou Diarra;30;6000000.0;Defensives Mittelfeld;Reservebank
2219615;Frankreich;FC Paris Saint-Germain;Blaise Matuidi;25;10000000.0;Zentrales Mittelfeld;Reservebank
2219615;Frankreich;Newcastle United;Hatem Ben Arfa;25;8500000.0;Offensives Mittelfeld;Reservebank
2219615;Frankreich;FC Sochaux-Montbéliard;Marvin Martin;24;9500000.0;Offensives Mittelfeld;Reservebank
2219615;Frankreich;Olympique Marseille;Mathieu Valbuena;27;12000000.0;Linksaußen;Reservebank
2219615;Frankreich;Manchester City;Samir Nasri;24;25000000.0;Linksaußen;Reservebank
2219615;Frankreich;HSC Montpellier;Olivier Giroud;25;13000000.0;Mittelstürmer;Reservebank
2219615;Frankreich;FC Paris Saint-Germain;Jérémy Ménez;25;18000000.0;Mittelstürmer;Reservebank
