GameId;team;club;name;age;value;position;role
2270403;Tunesien;Esperance Tunis;Moez Ben Cherifia;21;1000000.0;Torwart;Startaufstellung
2270403;Tunesien;FC Toulouse;Aymen Abdennour;23;6000000.0;Innenverteidiger;Startaufstellung
2270403;Tunesien;Esperance Tunis;Walid Hichri;26;800000.0;Innenverteidiger;Startaufstellung
2270403;Tunesien;Esperance Tunis;Khalil Chemmam;25;1000000.0;Linker Verteidiger;Startaufstellung
2270403;Tunesien;Club Africain Tunis;Bilel Ifa;22;1100000.0;Rechter Verteidiger;Startaufstellung
2270403;Tunesien;Al-Kuwait Sports Club;Chadi Hammami;26;700000.0;Defensives Mittelfeld;Startaufstellung
2270403;Tunesien;Esperance Tunis;Khaled Mouelhi;31;450000.0;Defensives Mittelfeld;Startaufstellung
2270403;Tunesien;Esperance Tunis;Mejdi Traoui;29;900000.0;Defensives Mittelfeld;Startaufstellung
2270403;Tunesien;Al Duhail Sports Club;Youssef Msakni;22;2750000.0;Offensives Mittelfeld;Startaufstellung
2270403;Tunesien;FC Évian Thonon Gaillard;Saber Khalifa;26;2500000.0;Hängende Spitze;Startaufstellung
2270403;Tunesien;Al-Kuwait Sports Club;Issam Jemâa;28;1500000.0;Mittelstürmer;Startaufstellung
2270403;Algerien;GFC Ajaccio;Raïs M'Bolhi;26;750000.0;Torwart;Startaufstellung
2270403;Algerien;JS Kabylie;Essaïd Belkalem;24;900000.0;Innenverteidiger;Startaufstellung
2270403;Algerien;AC Ajaccio;Carl Medjani;27;2500000.0;Innenverteidiger;Startaufstellung
2270403;Algerien;AC Mailand;Djamel Mesbah;28;900000.0;Linker Verteidiger;Startaufstellung
2270403;Algerien;Real Sociedad San Sebastián;Liassine Cadamuro;24;1500000.0;Rechter Verteidiger;Startaufstellung
2270403;Algerien;FC Getafe;Mehdi Lacen;28;2500000.0;Defensives Mittelfeld;Startaufstellung
2270403;Algerien;AC Ajaccio;Mehdi Mostefa;29;1250000.0;Defensives Mittelfeld;Startaufstellung
2270403;Algerien;Nottingham Forest;Adlène Guédioura;27;1000000.0;Defensives Mittelfeld;Startaufstellung
2270403;Algerien;Olympique Marseille;Foued Kadir;29;3500000.0;Offensives Mittelfeld;Startaufstellung
2270403;Algerien;FC Valencia;Sofiane Feghouli;23;12000000.0;Offensives Mittelfeld;Startaufstellung
2270403;Algerien;CR Belouizdad;Islam Slimani;24;750000.0;Mittelstürmer;Startaufstellung
2270403;Tunesien;Club Bizertin;Farouk Ben Mustapha;23;700000.0;Torwart;Reservebank
2270403;Tunesien;Etoile Sportive du Sahel;Balbouli;28;1500000.0;Torwart;Reservebank
2270403;Tunesien;Esperance Tunis;Chamseddine Dhaouadi;26;300000.0;Innenverteidiger;Reservebank
2270403;Tunesien;SK Tavriya Simferopol;Anis Boussaidi;31;600000.0;Rechter Verteidiger;Reservebank
2270403;Tunesien;Club Africain Tunis;Hatten Baratli;22;550000.0;Defensives Mittelfeld;Reservebank
2270403;Tunesien;Mersin Idmanyurdu;Wissem Ben Yahia;28;1500000.0;Zentrales Mittelfeld;Reservebank
2270403;Tunesien;FC Sion;Oussama Darragi;25;2500000.0;Offensives Mittelfeld;Reservebank
2270403;Tunesien;SC Bastia;Wahbi Khazri;21;3000000.0;Offensives Mittelfeld;Reservebank
2270403;Tunesien;Club Africain Tunis;Zouhaier Dhaouadi;25;1000000.0;Linksaußen;Reservebank
2270403;Tunesien;Club Sportif Sfaxien;Fakhreddine Ben Youssef;21;300000.0;Mittelstürmer;Reservebank
2270403;Tunesien;KSC Lokeren;Hamdi Harbaoui;28;2000000.0;Mittelstürmer;Reservebank
2270403;Algerien;USM El Harrach;Azzedine Doukha;26;700000.0;Torwart;Reservebank
2270403;Algerien;JSM Bejaia;Cédric;28;500000.0;Torwart;Reservebank
2270403;Algerien;Académica Coimbra;Rafik Halliche;26;750000.0;Innenverteidiger;Reservebank
2270403;Algerien;JS Kabylie;Ali Rial;32;300000.0;Innenverteidiger;Reservebank
2270403;Algerien;AS Saint-Étienne;Faouzi Ghoulam;21;3500000.0;Linker Verteidiger;Reservebank
2270403;Algerien;Club Africain Tunis;Khaled Lemmouchia;31;450000.0;Defensives Mittelfeld;Reservebank
2270403;Algerien;USM Algier;Saad Tedjar;27;650000.0;Rechtes Mittelfeld;Reservebank
2270403;Algerien;CS Constantine;Yacine Bezzaz;31;650000.0;Linkes Mittelfeld;Reservebank
2270403;Algerien;FC Sochaux-Montbéliard;Ryad Boudebouz;22;5500000.0;Offensives Mittelfeld;Reservebank
2270403;Algerien;Racing Santander;Hameur Bouazza;27;500000.0;Rechtsaußen;Reservebank
2270403;Algerien;Vitória Guimarães SC;El Arbi Hillel Soudani;25;1000000.0;Linkes Mittelfeld;Reservebank
2270403;Algerien;ES Sétif;Mohamed Amine Aoudia;25;900000.0;Mittelstürmer;Reservebank
