GameId;team;club;name;age;value;position;role
2270405;Marokko;;Nadir Lamyaghri;36;250000.0;Torwart;Startaufstellung
2270405;Marokko;Udinese Calcio;Medhi Benatia;25;13000000.0;Innenverteidiger;Startaufstellung
2270405;Marokko;Vitória Guimarães SC;Issam El Adoua;26;1300000.0;Innenverteidiger;Startaufstellung
2270405;Marokko;RC Lens;Zakarya Bergdich;24;750000.0;Linker Verteidiger;Startaufstellung
2270405;Marokko;FAR Rabat;Abderrahim Achchakir;26;350000.0;Rechter Verteidiger;Startaufstellung
2270405;Marokko;Aston Villa;Karim El Ahmadi;27;3000000.0;Defensives Mittelfeld;Startaufstellung
2270405;Marokko;FC Getafe;Abdelaziz Barrada;23;8000000.0;Offensives Mittelfeld;Startaufstellung
2270405;Marokko;HSC Montpellier;Younès Belhanda;22;14000000.0;Offensives Mittelfeld;Startaufstellung
2270405;Marokko;FC Liverpool;Oussama Assaidi;24;7000000.0;Linksaußen;Startaufstellung
2270405;Marokko;Galatasaray Istanbul;Nordin Amrabat;25;6000000.0;Rechtsaußen;Startaufstellung
2270405;Marokko;AC Florenz;Mounir El Hamdaoui;28;2500000.0;Mittelstürmer;Startaufstellung
2270405;Kap Verde;Progresso do Sambizanga;Vozinha;26;100000.0;Torwart;Startaufstellung
2270405;Kap Verde;FC Vaslui;Fernando Varela;25;1900000.0;Innenverteidiger;Startaufstellung
2270405;Kap Verde;LB Châteauroux;Fernando Neves;34;200000.0;Innenverteidiger;Startaufstellung
2270405;Kap Verde;Académica Coimbra;Nivaldo;24;700000.0;Linker Verteidiger;Startaufstellung
2270405;Kap Verde;CS Marítimo;Gegé;24;250000.0;Rechter Verteidiger;Startaufstellung
2270405;Kap Verde;Sparta Rotterdam;Toni Varela;26;200000.0;Defensives Mittelfeld;Startaufstellung
2270405;Kap Verde;Omonia Nikosia;Marco Soares;28;400000.0;Rechtes Mittelfeld;Startaufstellung
2270405;Kap Verde;SC Olhanense;Babanco;27;500000.0;Linkes Mittelfeld;Startaufstellung
2270405;Kap Verde;CD Santa Clara;Platini;26;350000.0;Offensives Mittelfeld;Startaufstellung
2270405;Kap Verde;LOSC Lille;Ryan Mendes;23;3500000.0;Hängende Spitze;Startaufstellung
2270405;Kap Verde;FCO Dijon;Julio Tavarès;24;800000.0;Mittelstürmer;Startaufstellung
2270405;Marokko;;Anas Zniti;24;400000.0;Torwart;Reservebank
2270405;Marokko;Raja Casablanca;Khalid Askri;31;200000.0;Torwart;Reservebank
2270405;Marokko;Stade Brest 29;Ahmed Kantari;27;2000000.0;Innenverteidiger;Reservebank
2270405;Marokko;HSC Montpellier;Abdelhamid El Kaoutari;22;1750000.0;Innenverteidiger;Reservebank
2270405;Marokko;MAS Fes;Abdellatif Noussir;22;650000.0;Rechter Verteidiger;Reservebank
2270405;Marokko;Al-Hilal Riad;Adil Hermach;26;2000000.0;Defensives Mittelfeld;Reservebank
2270405;Marokko;Stade Brest 29;Kamel Chafni;30;2000000.0;Offensives Mittelfeld;Reservebank
2270405;Marokko;AC Ajaccio;Chahir Belghazouani;26;1250000.0;Linksaußen;Reservebank
2270405;Marokko;Raja Casablanca;Abdelilah Hafidi;20;200000.0;Linksaußen;Reservebank
2270405;Marokko;FAR Rabat;Youssef Kaddioui Idrissi;28;750000.0;Rechtsaußen;Reservebank
2270405;Marokko;FC Granada;Youssef El Arabi;25;6500000.0;Mittelstürmer;Reservebank
2270405;Marokko;Olympique Safi;Abderazak Hamed-Allah;22;1000000.0;Mittelstürmer;Reservebank
2270405;Kap Verde;CA Petróleos Luanda;Fock;30;100000.0;Torwart;Reservebank
2270405;Kap Verde;;Rilly;20;100000.0;Torwart;Reservebank
2270405;Kap Verde;RKC Waalwijk;Guy Ramos;27;450000.0;Innenverteidiger;Reservebank
2270405;Kap Verde;FC Dordrecht;Josimar Lima;23;100000.0;Innenverteidiger;Reservebank
2270405;Kap Verde;Gil Vicente FC;Pék's;19;100000.0;Innenverteidiger;Reservebank
2270405;Kap Verde;AEL Limassol;Carlitos;27;300000.0;Rechter Verteidiger;Reservebank
2270405;Kap Verde;CS Fola Esch;Ronny Souto;34;175000.0;Defensives Mittelfeld;Reservebank
2270405;Kap Verde;CD Feirense;Stenio;24;800000.0;Zentrales Mittelfeld;Reservebank
2270405;Kap Verde;SC Olhanense;David Silva;26;250000.0;Linkes Mittelfeld;Reservebank
2270405;Kap Verde;CS Marítimo;Héldon;24;2500000.0;Hängende Spitze;Reservebank
2270405;Kap Verde;CF Belenenses Lissabon;Rambé;23;100000.0;Mittelstürmer;Reservebank
2270405;Kap Verde;SC Olhanense;Djaniny;21;1000000.0;Mittelstürmer;Reservebank
