GameId;team;club;name;age;value;position;role
2270412;Südafrika;Kaizer Chiefs;Itumeleng Khune;25;700000.0;Torwart;Startaufstellung
2270412;Südafrika;PAOK Thessaloniki;Bongani Khumalo;26;1000000.0;Innenverteidiger;Startaufstellung
2270412;Südafrika;Orlando Pirates;Siyabonga Sangweni;31;300000.0;Innenverteidiger;Startaufstellung
2270412;Südafrika;Kaizer Chiefs;Tsepo Masilela;27;850000.0;Linker Verteidiger;Startaufstellung
2270412;Südafrika;KRC Genk;Anele Ngcongca;25;3000000.0;Rechter Verteidiger;Startaufstellung
2270412;Südafrika;Helsingborgs IF;May Mahlangu;23;2500000.0;Zentrales Mittelfeld;Startaufstellung
2270412;Südafrika;Oldham Athletic;Dean Furman;24;250000.0;Zentrales Mittelfeld;Startaufstellung
2270412;Südafrika;Kaizer Chiefs;Bernard Parker;26;800000.0;Linksaußen;Startaufstellung
2270412;Südafrika;Platinum Stars FC;Thuso Phala;26;200000.0;Rechtsaußen;Startaufstellung
2270412;Südafrika;Malmö FF;Tokelo Rantie;22;250000.0;Hängende Spitze;Startaufstellung
2270412;Südafrika;Mamelodi Sundowns FC;Katlego Mphela;28;900000.0;Mittelstürmer;Startaufstellung
2270412;Marokko;;Nadir Lamyaghri;36;250000.0;Torwart;Startaufstellung
2270412;Marokko;Stade Brest 29;Ahmed Kantari;27;2000000.0;Innenverteidiger;Startaufstellung
2270412;Marokko;Udinese Calcio;Medhi Benatia;25;13000000.0;Innenverteidiger;Startaufstellung
2270412;Marokko;HSC Montpellier;Abdelhamid El Kaoutari;22;1750000.0;Linker Verteidiger;Startaufstellung
2270412;Marokko;FAR Rabat;Abderrahim Achchakir;26;350000.0;Rechter Verteidiger;Startaufstellung
2270412;Marokko;Vitória Guimarães SC;Issam El Adoua;26;1300000.0;Defensives Mittelfeld;Startaufstellung
2270412;Marokko;Stade Brest 29;Kamel Chafni;30;2000000.0;Defensives Mittelfeld;Startaufstellung
2270412;Marokko;FAR Rabat;Youssef Kaddioui Idrissi;28;750000.0;Rechtes Mittelfeld;Startaufstellung
2270412;Marokko;AC Ajaccio;Chahir Belghazouani;26;1250000.0;Linkes Mittelfeld;Startaufstellung
2270412;Marokko;FC Getafe;Abdelaziz Barrada;23;8000000.0;Offensives Mittelfeld;Startaufstellung
2270412;Marokko;FC Granada;Youssef El Arabi;25;6500000.0;Mittelstürmer;Startaufstellung
2270412;Südafrika;Mamelodi Sundowns FC;Wayne Sandilands;29;250000.0;Torwart;Reservebank
2270412;Südafrika;Orlando Pirates;Senzo Meyiwa †;25;125000.0;Torwart;Reservebank
2270412;Südafrika;Bloemfontein Celtic;Thabo Nthethe;28;250000.0;Innenverteidiger;Reservebank
2270412;Südafrika;Orlando Pirates;Thabo Matlaba;25;200000.0;Linker Verteidiger;Reservebank
2270412;Südafrika;Kaizer Chiefs;Siboniso Gaxa;28;600000.0;Rechter Verteidiger;Reservebank
2270412;Südafrika;Ajax Amsterdam;Thulani Serero;22;1000000.0;Offensives Mittelfeld;Reservebank
2270412;Südafrika;Kaizer Chiefs;Reneilwe Letsholonyane;30;350000.0;Linkes Mittelfeld;Reservebank
2270412;Südafrika;Crystal Palace;Kagisho Dikgacoi;28;750000.0;Zentrales Mittelfeld;Reservebank
2270412;Südafrika;Orlando Pirates;Oupa Manyisa;24;300000.0;Zentrales Mittelfeld;Reservebank
2270412;Südafrika;Moroka Swallows;Lerato Chabangu;27;250000.0;Offensives Mittelfeld;Reservebank
2270412;Südafrika;Kaizer Chiefs;Siphiwe Tshabalala;28;850000.0;Linksaußen;Reservebank
2270412;Südafrika;Kaizer Chiefs;Lehlohonolo Majoro;26;250000.0;Mittelstürmer;Reservebank
2270412;Marokko;;Anas Zniti;24;400000.0;Torwart;Reservebank
2270412;Marokko;Raja Casablanca;Khalid Askri;31;200000.0;Torwart;Reservebank
2270412;Marokko;RC Lens;Zakarya Bergdich;24;750000.0;Linkes Mittelfeld;Reservebank
2270412;Marokko;MAS Fes;Abdellatif Noussir;22;650000.0;Rechter Verteidiger;Reservebank
2270412;Marokko;Aston Villa;Karim El Ahmadi;28;3000000.0;Zentrales Mittelfeld;Reservebank
2270412;Marokko;FC Liverpool;Oussama Assaidi;24;7000000.0;Linksaußen;Reservebank
2270412;Marokko;Raja Casablanca;Abdelilah Hafidi;20;200000.0;Rechtsaußen;Reservebank
2270412;Marokko;Galatasaray Istanbul;Nordin Amrabat;25;6000000.0;Rechtsaußen;Reservebank
2270412;Marokko;AC Florenz;Mounir El Hamdaoui;28;2500000.0;Mittelstürmer;Reservebank
2270412;Marokko;Olympique Safi;Abderazak Hamed-Allah;22;1000000.0;Mittelstürmer;Reservebank
