GameId;team;club;name;age;value;position;role
2270419;Algerien;GFC Ajaccio;Raïs M'Bolhi;26;750000.0;Torwart;Startaufstellung
2270419;Algerien;JS Kabylie;Essaïd Belkalem;24;900000.0;Innenverteidiger;Startaufstellung
2270419;Algerien;Académica Coimbra;Rafik Halliche;26;750000.0;Innenverteidiger;Startaufstellung
2270419;Algerien;Parma FC;Djamel Mesbah;28;900000.0;Linker Verteidiger;Startaufstellung
2270419;Algerien;AC Ajaccio;Mehdi Mostefa;29;1250000.0;Rechter Verteidiger;Startaufstellung
2270419;Algerien;Club Africain Tunis;Khaled Lemmouchia;31;450000.0;Defensives Mittelfeld;Startaufstellung
2270419;Algerien;FC Getafe;Mehdi Lacen;28;2500000.0;Zentrales Mittelfeld;Startaufstellung
2270419;Algerien;Nottingham Forest;Adlène Guédioura;27;1000000.0;Zentrales Mittelfeld;Startaufstellung
2270419;Algerien;Vitória Guimarães SC;El Arbi Hillel Soudani;25;1000000.0;Linksaußen;Startaufstellung
2270419;Algerien;FC Sochaux-Montbéliard;Ryad Boudebouz;22;5500000.0;Rechtsaußen;Startaufstellung
2270419;Algerien;CR Belouizdad;Islam Slimani;24;750000.0;Mittelstürmer;Startaufstellung
2270419;Elfenbeinküste;FCO Dijon B;Daniel Yéboah;28;150000.0;Torwart;Startaufstellung
2270419;Elfenbeinküste;Manchester City;Kolo Touré;31;6000000.0;Innenverteidiger;Startaufstellung
2270419;Elfenbeinküste;Stade Brest 29;Ismaël Traoré;26;1500000.0;Innenverteidiger;Startaufstellung
2270419;Elfenbeinküste;VfB Stuttgart;Arthur Boka;29;2000000.0;Linker Verteidiger;Startaufstellung
2270419;Elfenbeinküste;Kuban Krasnodar;Igor Lolo;30;1500000.0;Rechter Verteidiger;Startaufstellung
2270419;Elfenbeinküste;Real Saragossa ;Romaric;29;2000000.0;Zentrales Mittelfeld;Startaufstellung
2270419;Elfenbeinküste;Manchester City;Abdul Razak;20;150000.0;Zentrales Mittelfeld;Startaufstellung
2270419;Elfenbeinküste;LOSC Lille;Salomon Kalou;27;6500000.0;Linksaußen;Startaufstellung
2270419;Elfenbeinküste;Wigan Athletic;Arouna Koné;29;5000000.0;Rechtsaußen;Startaufstellung
2270419;Elfenbeinküste;Galatasaray Istanbul;Didier Drogba;34;3000000.0;Mittelstürmer;Startaufstellung
2270419;Elfenbeinküste;Vitesse Arnheim;Wilfried Bony;24;10000000.0;Mittelstürmer;Startaufstellung
2270419;Algerien;USM El Harrach;Azzedine Doukha;26;700000.0;Torwart;Reservebank
2270419;Algerien;JSM Bejaia;Cédric;28;500000.0;Torwart;Reservebank
2270419;Algerien;Real Sociedad San Sebastián;Liassine Cadamuro;24;1500000.0;Innenverteidiger;Reservebank
2270419;Algerien;AC Ajaccio;Carl Medjani;27;2500000.0;Innenverteidiger;Reservebank
2270419;Algerien;JS Kabylie;Ali Rial;32;300000.0;Innenverteidiger;Reservebank
2270419;Algerien;AS Saint-Étienne;Faouzi Ghoulam;21;3500000.0;Linker Verteidiger;Reservebank
2270419;Algerien;USM Algier;Saad Tedjar;27;650000.0;Zentrales Mittelfeld;Reservebank
2270419;Algerien;CS Constantine;Yacine Bezzaz;31;650000.0;Linkes Mittelfeld;Reservebank
2270419;Algerien;Olympique Marseille;Foued Kadir;29;3500000.0;Linksaußen;Reservebank
2270419;Algerien;Racing Santander;Hameur Bouazza;27;500000.0;Rechtsaußen;Reservebank
2270419;Algerien;FC Valencia;Sofiane Feghouli;23;12000000.0;Rechtsaußen;Reservebank
2270419;Algerien;ES Sétif;Mohamed Amine Aoudia;25;900000.0;Mittelstürmer;Reservebank
2270419;Elfenbeinküste;KSC Lokeren;Boubacar Copa;33;1800000.0;Torwart;Reservebank
2270419;Elfenbeinküste;Séwé Sports de San Pedro;Badra Ali Sangaré;26;150000.0;Torwart;Reservebank
2270419;Elfenbeinküste;Trabzonspor;Sol Bamba;28;2500000.0;Innenverteidiger;Reservebank
2270419;Elfenbeinküste;FC Paris Saint-Germain;Siaka Tiéné;30;1750000.0;Linker Verteidiger;Reservebank
2270419;Elfenbeinküste;Galatasaray Istanbul;Emmanuel Eboué;29;6000000.0;Rechter Verteidiger;Reservebank
2270419;Elfenbeinküste;Trabzonspor;Didier Zokora;32;6000000.0;Defensives Mittelfeld;Reservebank
2270419;Elfenbeinküste;Newcastle United;Cheik Tioté †;26;10500000.0;Defensives Mittelfeld;Reservebank
2270419;Elfenbeinküste;Manchester City;Yaya Touré;29;36000000.0;Zentrales Mittelfeld;Reservebank
2270419;Elfenbeinküste;FC Arsenal;Gervinho;25;10500000.0;Linksaußen;Reservebank
2270419;Elfenbeinküste;AS Saint-Étienne;Max Gradel;25;4000000.0;Linksaußen;Reservebank
2270419;Elfenbeinküste;Hannover 96;Didier Ya Konan;28;6500000.0;Offensives Mittelfeld;Reservebank
2270419;Elfenbeinküste;Anzhi Makhachkala;Lacina Traoré;22;16000000.0;Mittelstürmer;Reservebank
