GameId;team;club;name;age;value;position;role
2270404;Südafrika;Kaizer Chiefs;Itumeleng Khune;25;700000.0;Torwart;Startaufstellung
2270404;Südafrika;PAOK Thessaloniki;Bongani Khumalo;26;1000000.0;Innenverteidiger;Startaufstellung
2270404;Südafrika;Orlando Pirates;Siyabonga Sangweni;31;300000.0;Innenverteidiger;Startaufstellung
2270404;Südafrika;Kaizer Chiefs;Tsepo Masilela;27;850000.0;Linker Verteidiger;Startaufstellung
2270404;Südafrika;KRC Genk;Anele Ngcongca;25;3000000.0;Rechter Verteidiger;Startaufstellung
2270404;Südafrika;Helsingborgs IF;May Mahlangu;23;2500000.0;Zentrales Mittelfeld;Startaufstellung
2270404;Südafrika;Oldham Athletic;Dean Furman;24;125000.0;Zentrales Mittelfeld;Startaufstellung
2270404;Südafrika;Kaizer Chiefs;Bernard Parker;26;800000.0;Linksaußen;Startaufstellung
2270404;Südafrika;Platinum Stars FC;Thuso Phala;26;200000.0;Rechtsaußen;Startaufstellung
2270404;Südafrika;Malmö FF;Tokelo Rantie;22;250000.0;Hängende Spitze;Startaufstellung
2270404;Südafrika;Mamelodi Sundowns FC;Katlego Mphela;28;900000.0;Mittelstürmer;Startaufstellung
2270404;Angola;CA Petróleos Luanda;Lamá;31;150000.0;Torwart;Startaufstellung
2270404;Angola;CD 1º de Agosto;Dani Massunguna;26;150000.0;Innenverteidiger;Startaufstellung
2270404;Angola;CA Petróleos Luanda;Bastos;21;250000.0;Innenverteidiger;Startaufstellung
2270404;Angola;;Miguel Quiame;21;350000.0;Linker Verteidiger;Startaufstellung
2270404;Angola;Kabuscorp SC do Palanca;Lunguinha;27;100000.0;Rechter Verteidiger;Startaufstellung
2270404;Angola;;Pirolito;19;300000.0;Defensives Mittelfeld;Startaufstellung
2270404;Angola;AEL Limassol;Dédé;31;500000.0;Defensives Mittelfeld;Startaufstellung
2270404;Angola;Coritiba FC;Geraldo;21;250000.0;Linksaußen;Startaufstellung
2270404;Angola;CD Nacional;Mateus;28;2500000.0;Rechtsaußen;Startaufstellung
2270404;Angola;Real Valladolid;Manucho;29;2500000.0;Mittelstürmer;Startaufstellung
2270404;Angola;FC Vaduz;Guilherme Afonso;27;300000.0;Mittelstürmer;Startaufstellung
2270404;Südafrika;Mamelodi Sundowns FC;Wayne Sandilands;29;250000.0;Torwart;Reservebank
2270404;Südafrika;Orlando Pirates;Senzo Meyiwa †;25;125000.0;Torwart;Reservebank
2270404;Südafrika;Bloemfontein Celtic;Thabo Nthethe;28;250000.0;Innenverteidiger;Reservebank
2270404;Südafrika;Orlando Pirates;Thabo Matlaba;25;200000.0;Linker Verteidiger;Reservebank
2270404;Südafrika;Kaizer Chiefs;Siboniso Gaxa;28;600000.0;Rechter Verteidiger;Reservebank
2270404;Südafrika;Ajax Amsterdam;Thulani Serero;22;1000000.0;Defensives Mittelfeld;Reservebank
2270404;Südafrika;Kaizer Chiefs;Reneilwe Letsholonyane;30;350000.0;Zentrales Mittelfeld;Reservebank
2270404;Südafrika;Crystal Palace;Kagisho Dikgacoi;28;750000.0;Zentrales Mittelfeld;Reservebank
2270404;Südafrika;Orlando Pirates;Oupa Manyisa;24;300000.0;Zentrales Mittelfeld;Reservebank
2270404;Südafrika;Moroka Swallows;Lerato Chabangu;27;250000.0;Offensives Mittelfeld;Reservebank
2270404;Südafrika;Kaizer Chiefs;Siphiwe Tshabalala;28;850000.0;Linksaußen;Reservebank
2270404;Südafrika;Kaizer Chiefs;Lehlohonolo Majoro;26;250000.0;Mittelstürmer;Reservebank
2270404;Angola;;Landú;23;200000.0;Torwart;Reservebank
2270404;Angola;CD 1º de Agosto;Neblú;19;200000.0;Torwart;Reservebank
2270404;Angola;;Fabrício;24;150000.0;Innenverteidiger;Reservebank
2270404;Angola;APOEL Nikosia;Zuela;29;1000000.0;Innenverteidiger;Reservebank
2270404;Angola;CD 1º de Agosto;Amaro;26;150000.0;Rechter Verteidiger;Reservebank
2270404;Angola;AEL Limassol;Marco Airosa;28;350000.0;Rechter Verteidiger;Reservebank
2270404;Angola;AS Aviação;Manuel Costa;23;200000.0;Defensives Mittelfeld;Reservebank
2270404;Angola;CD 1º de Agosto;Manucho Dinis;26;150000.0;Zentrales Mittelfeld;Reservebank
2270404;Angola;;Mingo Bile;25;150000.0;Rechtes Mittelfeld;Reservebank
2270404;Angola;AEL Limassol;Gilberto;30;500000.0;Linkes Mittelfeld;Reservebank
2270404;Angola;Kasimpasa;Djalma;25;3800000.0;Linksaußen;Reservebank
2270404;Angola;;Yano;20;400000.0;Mittelstürmer;Reservebank
