GameId;team;club;name;age;value;position;role
2270399;Mali;EA Guingamp;Mamadou Samassa;22;800000.0;Torwart;Startaufstellung
2270399;Mali;Vitória Guimarães SC;Mahamadou N'Diaye;22;1300000.0;Innenverteidiger;Startaufstellung
2270399;Mali;SM Caen;Molla Wagué;21;500000.0;Innenverteidiger;Startaufstellung
2270399;Mali;Randers FC;Adama Tamboura;27;350000.0;Linker Verteidiger;Startaufstellung
2270399;Mali;AC Ajaccio;Fousseni Diawara;32;750000.0;Rechter Verteidiger;Startaufstellung
2270399;Mali;FC Sochaux-Montbéliard;Kalilou Traoré;25;1750000.0;Defensives Mittelfeld;Startaufstellung
2270399;Mali;Dalian Aerbin;Seydou Keita;33;2500000.0;Zentrales Mittelfeld;Startaufstellung
2270399;Mali;OGC Nizza;Mahamane Traoré;24;2000000.0;Zentrales Mittelfeld;Startaufstellung
2270399;Mali;AC Ajaccio;Sigamary Diarra;29;2000000.0;Linksaußen;Startaufstellung
2270399;Mali;FC Stade Rennes;Cheick Diarra;20;500000.0;Rechtsaußen;Startaufstellung
2270399;Mali;FC Girondins Bordeaux;Cheick Diabaté;24;2500000.0;Mittelstürmer;Startaufstellung
2270399;Niger;Chippa United;Kassaly Daouda;29;200000.0;Torwart;Startaufstellung
2270399;Niger;AS Marsa;Mohamed Chikoto;23;75000.0;Innenverteidiger;Startaufstellung
2270399;Niger;ES Zarzis;Koffi Dan Kowa;23;250000.0;Innenverteidiger;Startaufstellung
2270399;Niger;CR Al Hoceima;Kourouma Fatoukouma;28;100000.0;Linker Verteidiger;Startaufstellung
2270399;Niger;;Mohamed Bachar;20;75000.0;Rechter Verteidiger;Startaufstellung
2270399;Niger;;Mohamed Soumaïla;18;150000.0;Defensives Mittelfeld;Startaufstellung
2270399;Niger;AS GNN;Issiaka Koudize;22;150000.0;Defensives Mittelfeld;Startaufstellung
2270399;Niger;Olympic FC Niamey;Boubacar Issoufou;22;150000.0;Linkes Mittelfeld;Startaufstellung
2270399;Niger;Cotonsport de Garoua;Karim Lancina;25;150000.0;Offensives Mittelfeld;Startaufstellung
2270399;Niger;Etoile Sportive du Sahel;Moussa Maazou;24;1000000.0;Rechtsaußen;Startaufstellung
2270399;Niger;Akokana FC;Issa Modibo Sidibe;27;75000.0;Mittelstürmer;Startaufstellung
2270399;Mali;Stade Malien;Soumbeyla Diakite;28;150000.0;Torwart;Reservebank
2270399;Mali;Olympique Marseille B;Aly Yirango;19;150000.0;Torwart;Reservebank
2270399;Mali;AJ Auxerre;Adama Coulibaly;32;900000.0;Innenverteidiger;Reservebank
2270399;Mali;FC Istres Ouest Provence ;Idrissa Coulibaly;25;600000.0;Innenverteidiger;Reservebank
2270399;Mali;;Salif Coulibaly;24;150000.0;Innenverteidiger;Reservebank
2270399;Mali;Stade Brest 29;Ousmane Coulibaly;23;1000000.0;Rechter Verteidiger;Reservebank
2270399;Mali;FC Paris Saint-Germain;Mohamed Sissoko;27;6000000.0;Defensives Mittelfeld;Reservebank
2270399;Mali;RC Lens;Samba Sow;23;1000000.0;Defensives Mittelfeld;Reservebank
2270399;Mali;Queens Park Rangers;Samba Diakité;23;4500000.0;Zentrales Mittelfeld;Reservebank
2270399;Mali;SC Bastia;Sambou Yatabaré;23;900000.0;Zentrales Mittelfeld;Reservebank
2270399;Mali;West Ham United;Modibo Maïga;25;6000000.0;Mittelstürmer;Reservebank
2270399;Mali;Chievo Verona;Mamadou Samassa;26;1300000.0;Mittelstürmer;Reservebank
2270399;Niger;AS GNN;Moussa Alzouma;30;75000.0;Torwart;Reservebank
2270399;Niger;Sahel SC;Rabo Saminou;26;150000.0;Torwart;Reservebank
2270399;Niger;;James Locky;20;75000.0;Abwehr;Reservebank
2270399;Niger;AS Mangasport Moanda;Ismaël Alassane;28;75000.0;Innenverteidiger;Reservebank
2270399;Niger;Olympic FC Niamey;Amadou Kader;23;100000.0;Rechter Verteidiger;Reservebank
2270399;Niger;AS FAN;Idrissa Laouali;33;150000.0;Zentrales Mittelfeld;Reservebank
2270399;Niger;AS Mangasport Moanda;Souleymane Sacko;25;75000.0;Zentrales Mittelfeld;Reservebank
2270399;Niger;AS GNN;Boubacar Talatou;23;150000.0;Offensives Mittelfeld;Reservebank
2270399;Niger;FC Le Mans B;Moutari Amadou;19;150000.0;Linksaußen;Reservebank
2270399;Niger;JS Saoura;Kamilou Daouda;25;300000.0;Mittelstürmer;Reservebank
2270399;Niger;IF Limhamn Bunkeflo;William Ngounou;29;75000.0;Mittelstürmer;Reservebank
2270399;Niger;Wydad Fes;Alhassane Issoufou;32;150000.0;Mittelstürmer;Reservebank
