GameId;team;club;name;age;value;position;role
2270397;Angola;CA Petróleos Luanda;Lamá;31;150000.0;Torwart;Startaufstellung
2270397;Angola;CD 1º de Agosto;Dani Massunguna;26;150000.0;Innenverteidiger;Startaufstellung
2270397;Angola;CA Petróleos Luanda;Bastos;21;250000.0;Innenverteidiger;Startaufstellung
2270397;Angola;;Miguel Quiame;21;350000.0;Linker Verteidiger;Startaufstellung
2270397;Angola;Kabuscorp SC do Palanca;Lunguinha;27;100000.0;Rechter Verteidiger;Startaufstellung
2270397;Angola;;Pirolito;19;300000.0;Defensives Mittelfeld;Startaufstellung
2270397;Angola;AEL Limassol;Dédé;31;500000.0;Defensives Mittelfeld;Startaufstellung
2270397;Angola;;Mingo Bile;25;150000.0;Rechtes Mittelfeld;Startaufstellung
2270397;Angola;Coritiba FC;Geraldo;21;250000.0;Linkes Mittelfeld;Startaufstellung
2270397;Angola;CD Nacional;Mateus;28;2500000.0;Mittelstürmer;Startaufstellung
2270397;Angola;Real Valladolid;Manucho;29;2500000.0;Mittelstürmer;Startaufstellung
2270397;Marokko;;Nadir Lamyaghri;36;250000.0;Torwart;Startaufstellung
2270397;Marokko;Udinese Calcio;Medhi Benatia;25;13000000.0;Innenverteidiger;Startaufstellung
2270397;Marokko;Vitória Guimarães SC;Issam El Adoua;26;1300000.0;Innenverteidiger;Startaufstellung
2270397;Marokko;HSC Montpellier;Abdelhamid El Kaoutari;22;1750000.0;Linker Verteidiger;Startaufstellung
2270397;Marokko;FAR Rabat;Abderrahim Achchakir;26;350000.0;Rechter Verteidiger;Startaufstellung
2270397;Marokko;Al-Hilal Riad;Adil Hermach;26;2000000.0;Defensives Mittelfeld;Startaufstellung
2270397;Marokko;Aston Villa;Karim El Ahmadi;27;3000000.0;Defensives Mittelfeld;Startaufstellung
2270397;Marokko;FC Getafe;Abdelaziz Barrada;23;8000000.0;Offensives Mittelfeld;Startaufstellung
2270397;Marokko;FC Liverpool;Oussama Assaidi;24;7000000.0;Linksaußen;Startaufstellung
2270397;Marokko;Galatasaray Istanbul;Nordin Amrabat;25;6000000.0;Rechtsaußen;Startaufstellung
2270397;Marokko;AC Florenz;Mounir El Hamdaoui;28;2500000.0;Mittelstürmer;Startaufstellung
2270397;Angola;;Landú;23;200000.0;Torwart;Reservebank
2270397;Angola;CD 1º de Agosto;Neblú;19;200000.0;Torwart;Reservebank
2270397;Angola;;Fabrício;24;150000.0;Innenverteidiger;Reservebank
2270397;Angola;APOEL Nikosia;Zuela;29;1000000.0;Innenverteidiger;Reservebank
2270397;Angola;CD 1º de Agosto;Amaro;26;150000.0;Rechter Verteidiger;Reservebank
2270397;Angola;AEL Limassol;Marco Airosa;28;350000.0;Rechter Verteidiger;Reservebank
2270397;Angola;AS Aviação;Manuel Costa;23;200000.0;Defensives Mittelfeld;Reservebank
2270397;Angola;CD 1º de Agosto;Manucho Dinis;26;150000.0;Zentrales Mittelfeld;Reservebank
2270397;Angola;AEL Limassol;Gilberto;30;500000.0;Linkes Mittelfeld;Reservebank
2270397;Angola;Kasimpasa;Djalma;25;3800000.0;Rechtsaußen;Reservebank
2270397;Angola;;Yano;20;400000.0;Mittelstürmer;Reservebank
2270397;Angola;FC Vaduz;Guilherme Afonso;27;300000.0;Mittelstürmer;Reservebank
2270397;Marokko;;Anas Zniti;24;400000.0;Torwart;Reservebank
2270397;Marokko;Raja Casablanca;Khalid Askri;31;200000.0;Torwart;Reservebank
2270397;Marokko;Stade Brest 29;Ahmed Kantari;27;2000000.0;Innenverteidiger;Reservebank
2270397;Marokko;RC Lens;Zakarya Bergdich;24;750000.0;Linker Verteidiger;Reservebank
2270397;Marokko;MAS Fes;Abdellatif Noussir;22;650000.0;Rechter Verteidiger;Reservebank
2270397;Marokko;HSC Montpellier;Younès Belhanda;22;14000000.0;Offensives Mittelfeld;Reservebank
2270397;Marokko;Stade Brest 29;Kamel Chafni;30;2000000.0;Offensives Mittelfeld;Reservebank
2270397;Marokko;AC Ajaccio;Chahir Belghazouani;26;1250000.0;Mittelstürmer;Reservebank
2270397;Marokko;Raja Casablanca;Abdelilah Hafidi;20;200000.0;Linksaußen;Reservebank
2270397;Marokko;FAR Rabat;Youssef Kaddioui Idrissi;28;750000.0;Rechtsaußen;Reservebank
2270397;Marokko;FC Granada;Youssef El Arabi;25;6500000.0;Mittelstürmer;Reservebank
2270397;Marokko;Olympique Safi;Abderazak Hamed-Allah;22;1000000.0;Mittelstürmer;Reservebank
