GameId;team;club;name;age;value;position;role
2270415;Demokratische Republik Kongo;TP Mazembe;Robert Muteba Kidiaba;36;500000.0;Torwart;Startaufstellung
2270415;Demokratische Republik Kongo;FC Évian Thonon Gaillard;Cédric Mongongu;23;1750000.0;Innenverteidiger;Startaufstellung
2270415;Demokratische Republik Kongo;Peterborough United;Gabriel Zakuani;26;500000.0;Innenverteidiger;Startaufstellung
2270415;Demokratische Republik Kongo;TP Mazembe;Kilitcho Kasusula;30;300000.0;Linker Verteidiger;Startaufstellung
2270415;Demokratische Republik Kongo;AS Vita Club Kinshasa;Issama Mpeko;26;250000.0;Rechter Verteidiger;Startaufstellung
2270415;Demokratische Republik Kongo;West Bromwich Albion;Youssouf Mulumbu;26;6000000.0;Defensives Mittelfeld;Startaufstellung
2270415;Demokratische Republik Kongo;SC Freiburg;Cédric Makiadi;28;3000000.0;Zentrales Mittelfeld;Startaufstellung
2270415;Demokratische Republik Kongo;Kardemir D.C. Karabükspor;Lomana LuaLua;32;800000.0;Linksaußen;Startaufstellung
2270415;Demokratische Republik Kongo;Al Kharitiyat Sports Club;Dioko Kaluyituka;26;500000.0;Rechtsaußen;Startaufstellung
2270415;Demokratische Republik Kongo;RSC Anderlecht;Dieumerci Mbokani;27;8000000.0;Mittelstürmer;Startaufstellung
2270415;Demokratische Republik Kongo;Al-Raed;Yves-Diba Ilunga;25;250000.0;Mittelstürmer;Startaufstellung
2270415;Mali;EA Guingamp;Mamadou Samassa;22;800000.0;Torwart;Startaufstellung
2270415;Mali;AJ Auxerre;Adama Coulibaly;32;900000.0;Innenverteidiger;Startaufstellung
2270415;Mali;SM Caen;Molla Wagué;21;500000.0;Innenverteidiger;Startaufstellung
2270415;Mali;Randers FC;Adama Tamboura;27;350000.0;Linker Verteidiger;Startaufstellung
2270415;Mali;AC Ajaccio;Fousseni Diawara;32;750000.0;Rechter Verteidiger;Startaufstellung
2270415;Mali;FC Paris Saint-Germain;Mohamed Sissoko;28;6000000.0;Defensives Mittelfeld;Startaufstellung
2270415;Mali;RC Lens;Samba Sow;23;1000000.0;Zentrales Mittelfeld;Startaufstellung
2270415;Mali;Dalian Aerbin;Seydou Keita;33;2500000.0;Zentrales Mittelfeld;Startaufstellung
2270415;Mali;West Ham United;Modibo Maïga;25;4500000.0;Linksaußen;Startaufstellung
2270415;Mali;Queens Park Rangers;Samba Diakité;24;3000000.0;Rechtsaußen;Startaufstellung
2270415;Mali;Chievo Verona;Mamadou Samassa;26;1300000.0;Mittelstürmer;Startaufstellung
2270415;Demokratische Republik Kongo;RSC Charleroi;Parfait Mandanda;23;800000.0;Torwart;Reservebank
2270415;Demokratische Republik Kongo;;Cédrick Bakala Landu;20;250000.0;Torwart;Reservebank
2270415;Demokratische Republik Kongo;Kardemir D.C. Karabükspor;Larrys Mabiala;25;2000000.0;Innenverteidiger;Reservebank
2270415;Demokratische Republik Kongo;RSC Anderlecht Reserve;Chancel Mbemba;18;250000.0;Innenverteidiger;Reservebank
2270415;Demokratische Republik Kongo;KV Kortrijk;Landry Mulemo;26;700000.0;Linker Verteidiger;Reservebank
2270415;Demokratische Republik Kongo;;Guylain Kisombe;20;250000.0;Mittelfeld;Reservebank
2270415;Demokratische Republik Kongo;CD 1º de Agosto;Zola Matumona;31;650000.0;Linkes Mittelfeld;Reservebank
2270415;Demokratische Republik Kongo;;Heritier Luvumbu;20;250000.0;Linksaußen;Reservebank
2270415;Demokratische Republik Kongo;TP Mazembe;Patou Kabangu;27;700000.0;Rechtsaußen;Reservebank
2270415;Demokratische Republik Kongo;TP Mazembe;Trésor Mputu;27;1500000.0;Hängende Spitze;Reservebank
2270415;Demokratische Republik Kongo;Etoile Sportive du Sahel;Budge Manzia;18;250000.0;Mittelstürmer;Reservebank
2270415;Demokratische Republik Kongo;TP Mazembe;Déo Kanda;23;350000.0;Mittelstürmer;Reservebank
2270415;Mali;Stade Malien;Soumbeyla Diakite;28;150000.0;Torwart;Reservebank
2270415;Mali;Olympique Marseille B;Aly Yirango;19;150000.0;Torwart;Reservebank
2270415;Mali;Vitória Guimarães SC;Mahamadou N'Diaye;22;1300000.0;Innenverteidiger;Reservebank
2270415;Mali;FC Istres Ouest Provence ;Idrissa Coulibaly;25;600000.0;Innenverteidiger;Reservebank
2270415;Mali;;Salif Coulibaly;24;150000.0;Innenverteidiger;Reservebank
2270415;Mali;Stade Brest 29;Ousmane Coulibaly;23;1000000.0;Rechter Verteidiger;Reservebank
2270415;Mali;FC Sochaux-Montbéliard;Kalilou Traoré;25;1750000.0;Defensives Mittelfeld;Reservebank
2270415;Mali;OGC Nizza;Mahamane Traoré;24;2000000.0;Zentrales Mittelfeld;Reservebank
2270415;Mali;AC Ajaccio;Sigamary Diarra;29;2000000.0;Rechtsaußen;Reservebank
2270415;Mali;FC Stade Rennes;Cheick Diarra;20;500000.0;Mittelstürmer;Reservebank
2270415;Mali;FC Girondins Bordeaux;Cheick Diabaté;24;2500000.0;Mittelstürmer;Reservebank
