GameId;team;club;name;age;value;position;role
2270409;Burkina Faso;Asante Kotoko Kumasi;Abdoulaye Soulama;33;50000.0;Torwart;Startaufstellung
2270409;Burkina Faso;Dinamo Bukarest;Paul Koulibaly;26;500000.0;Innenverteidiger;Startaufstellung
2270409;Burkina Faso;Olympique Lyon;Bakary Koné;24;3000000.0;Innenverteidiger;Startaufstellung
2270409;Burkina Faso;Royal Antwerpen FC;Saidou Panandetiguiri;28;150000.0;Linker Verteidiger;Startaufstellung
2270409;Burkina Faso;Petrojet;Mohamed Koffi;26;400000.0;Rechter Verteidiger;Startaufstellung
2270409;Burkina Faso;FC Évian Thonon Gaillard;Djakaridja Koné;26;1750000.0;Defensives Mittelfeld;Startaufstellung
2270409;Burkina Faso;Olympique Marseille;Charles Kaboré;24;5000000.0;Defensives Mittelfeld;Startaufstellung
2270409;Burkina Faso;FC Stade Rennes;Jonathan Pitroipa;26;6500000.0;Linksaußen;Startaufstellung
2270409;Burkina Faso;Kyoto Sanga FC;Wilfried Sanou;28;500000.0;Rechtsaußen;Startaufstellung
2270409;Burkina Faso;FC Lorient;Alain Traoré;24;6500000.0;Hängende Spitze;Startaufstellung
2270409;Burkina Faso;FC Augsburg;Aristide Bancé;28;800000.0;Mittelstürmer;Startaufstellung
2270409;Äthiopien;Saint George SA;Zerihun Tadele;23;75000.0;Torwart;Startaufstellung
2270409;Äthiopien;;Degu Debebe;29;75000.0;Innenverteidiger;Startaufstellung
2270409;Äthiopien;;Aynalem Hailu;26;75000.0;Innenverteidiger;Startaufstellung
2270409;Äthiopien;Dedebit FC;Birhanu Bogale;26;75000.0;Linker Verteidiger;Startaufstellung
2270409;Äthiopien;Dedebit FC;Seyoum Tesfaye;23;75000.0;Rechter Verteidiger;Startaufstellung
2270409;Äthiopien;;Asrat Megersa;25;75000.0;Defensives Mittelfeld;Startaufstellung
2270409;Äthiopien;Al-Ahly Shendi;Addis Hintsa;25;75000.0;Zentrales Mittelfeld;Startaufstellung
2270409;Äthiopien;Saint George SA;Adane Girma;27;75000.0;Rechtes Mittelfeld;Startaufstellung
2270409;Äthiopien;Dedebit FC;Minyahil Teshome;27;75000.0;Linkes Mittelfeld;Startaufstellung
2270409;Äthiopien;Saint George SA;Shimelis Bekele;22;75000.0;Hängende Spitze;Startaufstellung
2270409;Äthiopien;Wadi Degla FC;Saladin Said;24;200000.0;Mittelstürmer;Startaufstellung
2270409;Burkina Faso;Lierse SK;Daouda Diakité;29;200000.0;Torwart;Reservebank
2270409;Burkina Faso;Vereinslos;Germain Sanou;20;50000.0;Torwart;Reservebank
2270409;Burkina Faso;Sheriff Tiraspol;Wilfried Balima;27;350000.0;Rechtsaußen;Reservebank
2270409;Burkina Faso;Ashanti Gold SC;Henri Traoré;27;50000.0;Rechter Verteidiger;Reservebank
2270409;Burkina Faso;El Shorta;Ali Rabo;26;150000.0;Defensives Mittelfeld;Reservebank
2270409;Burkina Faso;Vereinslos;Florent Rouamba;26;300000.0;Defensives Mittelfeld;Reservebank
2270409;Burkina Faso;Al-Thaid Sharjah;Hugues-Wilfried Dah;26;50000.0;Rechtsaußen;Reservebank
2270409;Burkina Faso;Gaziantepspor;Abdou Traoré;24;1750000.0;Hängende Spitze;Reservebank
2270409;Burkina Faso;Al Sailiya Sport Club;Moumouni Dagano;32;150000.0;Mittelstürmer;Reservebank
2270409;Burkina Faso;Chernomorets Burgas;Issouf Ouattara;24;450000.0;Mittelstürmer;Reservebank
2270409;Burkina Faso;Al-Thaid Sharjah;Pan Pierre Koulibaly;26;200000.0;Mittelstürmer;Reservebank
2270409;Burkina Faso;Górnik Zabrze;Prejuce Nakoulma;25;1000000.0;Mittelstürmer;Reservebank
2270409;Äthiopien;;Sisay Bancha;23;75000.0;Torwart;Reservebank
2270409;Äthiopien;;Biyadiglign Elias;24;75000.0;Innenverteidiger;Reservebank
2270409;Äthiopien;;Abebaw Butako;25;75000.0;Linker Verteidiger;Reservebank
2270409;Äthiopien;;Alula Girma;19;75000.0;Rechter Verteidiger;Reservebank
2270409;Äthiopien;Ethiopian Coffee Addis Abeba;Dawit Estifanos;24;75000.0;Zentrales Mittelfeld;Reservebank
2270409;Äthiopien;Dedebit FC;Behailu Assefa;23;75000.0;Rechtes Mittelfeld;Reservebank
2270409;Äthiopien;;Yared Zinabu;23;75000.0;Defensives Mittelfeld;Reservebank
2270409;Äthiopien;Syrianska FC;Yussuf Saleh;28;300000.0;Linksaußen;Reservebank
2270409;Äthiopien;Dedebit FC;Getaneh Kebede;20;75000.0;Mittelstürmer;Reservebank
2270409;Äthiopien;Vereinslos;Fuad Ibrahim;21;75000.0;Mittelstürmer;Reservebank
2270409;Äthiopien;Saint George SA;Oumed Oukri;22;75000.0;Mittelstürmer;Reservebank
