GameId;team;club;name;age;value;position;role
2270414;Niger;Chippa United;Kassaly Daouda;29;200000.0;Torwart;Startaufstellung
2270414;Niger;AS Marsa;Mohamed Chikoto;23;75000.0;Innenverteidiger;Startaufstellung
2270414;Niger;ES Zarzis;Koffi Dan Kowa;23;250000.0;Innenverteidiger;Startaufstellung
2270414;Niger;CR Al Hoceima;Kourouma Fatoukouma;28;100000.0;Linker Verteidiger;Startaufstellung
2270414;Niger;;Mohamed Bachar;20;75000.0;Rechter Verteidiger;Startaufstellung
2270414;Niger;Cotonsport de Garoua;Karim Lancina;25;150000.0;Defensives Mittelfeld;Startaufstellung
2270414;Niger;;Mohamed Soumaïla;18;150000.0;Zentrales Mittelfeld;Startaufstellung
2270414;Niger;AS GNN;Issiaka Koudize;22;150000.0;Zentrales Mittelfeld;Startaufstellung
2270414;Niger;AS GNN;Boubacar Talatou;23;150000.0;Linkes Mittelfeld;Startaufstellung
2270414;Niger;Etoile Sportive du Sahel;Moussa Maazou;24;1000000.0;Rechtsaußen;Startaufstellung
2270414;Niger;Akokana FC;Issa Modibo Sidibe;27;75000.0;Mittelstürmer;Startaufstellung
2270414;Ghana;Ashanti Gold SC;Fatau Dauda;27;150000.0;Torwart;Startaufstellung
2270414;Ghana;Red Bull Salzburg;Isaac Vorsah;24;2500000.0;Innenverteidiger;Startaufstellung
2270414;Ghana;FC Stade Rennes;John Boye;25;2500000.0;Innenverteidiger;Startaufstellung
2270414;Ghana;Esperance Tunis;Harrison Afful;26;900000.0;Linker Verteidiger;Startaufstellung
2270414;Ghana;Hapoel Tel Aviv;John Paintsil;31;750000.0;Rechter Verteidiger;Startaufstellung
2270414;Ghana;FC Évian Thonon Gaillard;Rabiu Mohammed;23;1500000.0;Defensives Mittelfeld;Startaufstellung
2270414;Ghana;Udinese Calcio;Emmanuel Badu;22;2500000.0;Defensives Mittelfeld;Startaufstellung
2270414;Ghana;Juventus Turin;Kwadwo Asamoah;24;19000000.0;Offensives Mittelfeld;Startaufstellung
2270414;Ghana;FC Porto;Christian Atsu;21;4200000.0;Linksaußen;Startaufstellung
2270414;Ghana;Bristol City;Albert Adomah;25;1500000.0;Rechtsaußen;Startaufstellung
2270414;Ghana;Al-Ain FC;Asamoah Gyan;27;4000000.0;Mittelstürmer;Startaufstellung
2270414;Niger;AS GNN;Moussa Alzouma;30;75000.0;Torwart;Reservebank
2270414;Niger;Sahel SC;Rabo Saminou;26;150000.0;Torwart;Reservebank
2270414;Niger;;James Locky;20;75000.0;Abwehr;Reservebank
2270414;Niger;AS Mangasport Moanda;Ismaël Alassane;28;75000.0;Innenverteidiger;Reservebank
2270414;Niger;Olympic FC Niamey;Amadou Kader;23;100000.0;Rechter Verteidiger;Reservebank
2270414;Niger;AS FAN;Idrissa Laouali;33;150000.0;Zentrales Mittelfeld;Reservebank
2270414;Niger;AS Mangasport Moanda;Souleymane Sacko;25;75000.0;Zentrales Mittelfeld;Reservebank
2270414;Niger;Olympic FC Niamey;Boubacar Issoufou;22;150000.0;Linkes Mittelfeld;Reservebank
2270414;Niger;FC Le Mans B;Moutari Amadou;19;150000.0;Linksaußen;Reservebank
2270414;Niger;JS Saoura;Kamilou Daouda;25;300000.0;Mittelstürmer;Reservebank
2270414;Niger;IF Limhamn Bunkeflo;William Ngounou;29;75000.0;Mittelstürmer;Reservebank
2270414;Niger;Wydad Fes;Alhassane Issoufou;32;150000.0;Mittelstürmer;Reservebank
2270414;Ghana;Liberty Professionals Accra;Daniel Agyei;23;200000.0;Torwart;Reservebank
2270414;Ghana;Strömsgodset IF;Adam Kwarasey;25;900000.0;Torwart;Reservebank
2270414;Ghana;Maritzburg United FC;Mohamed Awal;24;50000.0;Innenverteidiger;Reservebank
2270414;Ghana;Eskisehirspor;Jerry Akaminko;24;2400000.0;Innenverteidiger;Reservebank
2270414;Ghana;FC Évian Thonon Gaillard;Jonathan Mensah;22;800000.0;Innenverteidiger;Reservebank
2270414;Ghana;TP Mazembe;Richard Kissi Boateng;24;50000.0;Linker Verteidiger;Reservebank
2270414;Ghana;CA Osasuna;Anthony Annan;26;1500000.0;Defensives Mittelfeld;Reservebank
2270414;Ghana;Dnipro Dnipropetrovsk;Derek Boateng;29;3000000.0;Defensives Mittelfeld;Reservebank
2270414;Ghana;TP Mazembe;Solomon Asanté;22;50000.0;Rechtes Mittelfeld;Reservebank
2270414;Ghana;Esperance Tunis;Emmanuel Clottey;25;1000000.0;Mittelstürmer;Reservebank
2270414;Ghana;US Sassuolo;Richmond Boakye;20;6000000.0;Mittelstürmer;Reservebank
