GameId;team;club;name;age;value;position;role
2270410;Elfenbeinküste;KSC Lokeren;Boubacar Copa;33;1800000.0;Torwart;Startaufstellung
2270410;Elfenbeinküste;Trabzonspor;Sol Bamba;28;2500000.0;Innenverteidiger;Startaufstellung
2270410;Elfenbeinküste;Trabzonspor;Didier Zokora;32;6000000.0;Innenverteidiger;Startaufstellung
2270410;Elfenbeinküste;FC Paris Saint-Germain;Siaka Tiéné;30;1750000.0;Linker Verteidiger;Startaufstellung
2270410;Elfenbeinküste;Galatasaray Istanbul;Emmanuel Eboué;29;6000000.0;Rechter Verteidiger;Startaufstellung
2270410;Elfenbeinküste;Real Saragossa ;Romaric;29;2000000.0;Defensives Mittelfeld;Startaufstellung
2270410;Elfenbeinküste;Newcastle United;Cheik Tioté †;26;12500000.0;Defensives Mittelfeld;Startaufstellung
2270410;Elfenbeinküste;Manchester City;Yaya Touré;29;36500000.0;Offensives Mittelfeld;Startaufstellung
2270410;Elfenbeinküste;FC Arsenal;Gervinho;25;14000000.0;Linksaußen;Startaufstellung
2270410;Elfenbeinküste;LOSC Lille;Salomon Kalou;27;6500000.0;Rechtsaußen;Startaufstellung
2270410;Elfenbeinküste;Anzhi Makhachkala;Lacina Traoré;22;16000000.0;Mittelstürmer;Startaufstellung
2270410;Tunesien;Esperance Tunis;Moez Ben Cherifia;21;1000000.0;Torwart;Startaufstellung
2270410;Tunesien;FC Toulouse;Aymen Abdennour;23;6000000.0;Innenverteidiger;Startaufstellung
2270410;Tunesien;Club Africain Tunis;Bilel Ifa;22;1100000.0;Innenverteidiger;Startaufstellung
2270410;Tunesien;Esperance Tunis;Khalil Chemmam;25;1000000.0;Linker Verteidiger;Startaufstellung
2270410;Tunesien;SK Tavriya Simferopol;Anis Boussaidi;31;600000.0;Rechter Verteidiger;Startaufstellung
2270410;Tunesien;Al-Kuwait Sports Club;Chadi Hammami;26;700000.0;Defensives Mittelfeld;Startaufstellung
2270410;Tunesien;Esperance Tunis;Khaled Mouelhi;31;450000.0;Defensives Mittelfeld;Startaufstellung
2270410;Tunesien;Esperance Tunis;Mejdi Traoui;29;900000.0;Defensives Mittelfeld;Startaufstellung
2270410;Tunesien;Al Duhail Sports Club;Youssef Msakni;22;2750000.0;Offensives Mittelfeld;Startaufstellung
2270410;Tunesien;FC Évian Thonon Gaillard;Saber Khalifa;26;2500000.0;Hängende Spitze;Startaufstellung
2270410;Tunesien;Club Sportif Sfaxien;Fakhreddine Ben Youssef;21;200000.0;Mittelstürmer;Startaufstellung
2270410;Elfenbeinküste;FCO Dijon B;Daniel Yéboah;28;150000.0;Torwart;Reservebank
2270410;Elfenbeinküste;Séwé Sports de San Pedro;Badra Ali Sangaré;26;150000.0;Torwart;Reservebank
2270410;Elfenbeinküste;Manchester City;Kolo Touré;31;8000000.0;Innenverteidiger;Reservebank
2270410;Elfenbeinküste;Stade Brest 29;Ismaël Traoré;26;1500000.0;Innenverteidiger;Reservebank
2270410;Elfenbeinküste;VfB Stuttgart;Arthur Boka;29;2000000.0;Linker Verteidiger;Reservebank
2270410;Elfenbeinküste;Kuban Krasnodar;Igor Lolo;30;1500000.0;Rechter Verteidiger;Reservebank
2270410;Elfenbeinküste;Manchester City;Abdul Razak;20;150000.0;Zentrales Mittelfeld;Reservebank
2270410;Elfenbeinküste;AS Saint-Étienne;Max Gradel;25;4000000.0;Rechtsaußen;Reservebank
2270410;Elfenbeinküste;Shanghai Shenhua;Didier Drogba;34;3000000.0;Mittelstürmer;Reservebank
2270410;Elfenbeinküste;Wigan Athletic;Arouna Koné;29;5000000.0;Mittelstürmer;Reservebank
2270410;Elfenbeinküste;Vitesse Arnheim;Wilfried Bony;24;10000000.0;Mittelstürmer;Reservebank
2270410;Elfenbeinküste;Hannover 96;Didier Ya Konan;28;6500000.0;Offensives Mittelfeld;Reservebank
2270410;Tunesien;Club Bizertin;Farouk Ben Mustapha;23;700000.0;Torwart;Reservebank
2270410;Tunesien;Etoile Sportive du Sahel;Balbouli;28;1500000.0;Torwart;Reservebank
2270410;Tunesien;Esperance Tunis;Walid Hichri;26;800000.0;Innenverteidiger;Reservebank
2270410;Tunesien;Esperance Tunis;Chamseddine Dhaouadi;26;300000.0;Innenverteidiger;Reservebank
2270410;Tunesien;Club Bizertin;Houssem Belhaj Mabrouk;22;200000.0;Linker Verteidiger;Reservebank
2270410;Tunesien;Club Africain Tunis;Hatten Baratli;22;550000.0;Defensives Mittelfeld;Reservebank
2270410;Tunesien;Mersin Idmanyurdu;Wissem Ben Yahia;28;1500000.0;Zentrales Mittelfeld;Reservebank
2270410;Tunesien;FC Sion;Oussama Darragi;25;2500000.0;Offensives Mittelfeld;Reservebank
2270410;Tunesien;SC Bastia;Wahbi Khazri;21;3000000.0;Offensives Mittelfeld;Reservebank
2270410;Tunesien;Club Africain Tunis;Zouhaier Dhaouadi;25;1000000.0;Rechtsaußen;Reservebank
2270410;Tunesien;KSC Lokeren;Hamdi Harbaoui;28;2000000.0;Mittelstürmer;Reservebank
