GameId;team;club;name;age;value;position;role
2270402;Elfenbeinküste;KSC Lokeren;Boubacar Copa;33;1800000.0;Torwart;Startaufstellung
2270402;Elfenbeinküste;Manchester City;Kolo Touré;31;8000000.0;Innenverteidiger;Startaufstellung
2270402;Elfenbeinküste;Trabzonspor;Sol Bamba;28;2500000.0;Innenverteidiger;Startaufstellung
2270402;Elfenbeinküste;FC Paris Saint-Germain;Siaka Tiéné;30;1750000.0;Linker Verteidiger;Startaufstellung
2270402;Elfenbeinküste;Galatasaray Istanbul;Emmanuel Eboué;29;6000000.0;Rechter Verteidiger;Startaufstellung
2270402;Elfenbeinküste;Trabzonspor;Didier Zokora;32;6000000.0;Defensives Mittelfeld;Startaufstellung
2270402;Elfenbeinküste;Manchester City;Yaya Touré;29;36500000.0;Zentrales Mittelfeld;Startaufstellung
2270402;Elfenbeinküste;AS Saint-Étienne;Max Gradel;25;4000000.0;Linksaußen;Startaufstellung
2270402;Elfenbeinküste;FC Arsenal;Gervinho;25;14000000.0;Rechtsaußen;Startaufstellung
2270402;Elfenbeinküste;Shanghai Shenhua;Didier Drogba;34;3000000.0;Mittelstürmer;Startaufstellung
2270402;Elfenbeinküste;Hannover 96;Didier Ya Konan;28;6500000.0;Mittelstürmer;Startaufstellung
2270402;Togo;Stade Reims;Kossi Agassa;34;1250000.0;Torwart;Startaufstellung
2270402;Togo;Royal Francs Borains;Daré Nibombé;32;150000.0;Innenverteidiger;Startaufstellung
2270402;Togo;MSK Zilina;Serge Akakpo;25;550000.0;Innenverteidiger;Startaufstellung
2270402;Togo;;Djené;21;125000.0;Linker Verteidiger;Startaufstellung
2270402;Togo;Dacia Chisinau;Abdoul Gafar Mamah;27;750000.0;Rechter Verteidiger;Startaufstellung
2270402;Togo;Becamex Binh Duong FC;Vincent Bossou;26;150000.0;Defensives Mittelfeld;Startaufstellung
2270402;Togo;Nîmes Olympique;Komlan Amewou;29;300000.0;Defensives Mittelfeld;Startaufstellung
2270402;Togo;FC Lorient;Alaixys Romao;29;3500000.0;Defensives Mittelfeld;Startaufstellung
2270402;Togo;FC Nantes;Serge Gakpé;25;1000000.0;Linksaußen;Startaufstellung
2270402;Togo;Stade Brest 29;Jonathan Ayité;27;900000.0;Rechtsaußen;Startaufstellung
2270402;Togo;Tottenham Hotspur;Emmanuel Adebayor;28;14000000.0;Mittelstürmer;Startaufstellung
2270402;Elfenbeinküste;FCO Dijon B;Daniel Yéboah;28;150000.0;Torwart;Reservebank
2270402;Elfenbeinküste;Séwé Sports de San Pedro;Badra Ali Sangaré;26;150000.0;Torwart;Reservebank
2270402;Elfenbeinküste;Stade Brest 29;Ismaël Traoré;26;1500000.0;Innenverteidiger;Reservebank
2270402;Elfenbeinküste;VfB Stuttgart;Arthur Boka;29;2000000.0;Linker Verteidiger;Reservebank
2270402;Elfenbeinküste;Kuban Krasnodar;Igor Lolo;30;1500000.0;Rechter Verteidiger;Reservebank
2270402;Elfenbeinküste;Real Saragossa ;Romaric;29;2000000.0;Defensives Mittelfeld;Reservebank
2270402;Elfenbeinküste;Newcastle United;Cheik Tioté †;26;12500000.0;Zentrales Mittelfeld;Reservebank
2270402;Elfenbeinküste;Manchester City;Abdul Razak;20;150000.0;Zentrales Mittelfeld;Reservebank
2270402;Elfenbeinküste;LOSC Lille;Salomon Kalou;27;6500000.0;Linksaußen;Reservebank
2270402;Elfenbeinküste;Wigan Athletic;Arouna Koné;29;5000000.0;Mittelstürmer;Reservebank
2270402;Elfenbeinküste;Vitesse Arnheim;Wilfried Bony;24;10000000.0;Mittelstürmer;Reservebank
2270402;Elfenbeinküste;Anzhi Makhachkala;Lacina Traoré;22;16000000.0;Mittelstürmer;Reservebank
2270402;Togo;;Mawugbe Atsou;26;125000.0;Torwart;Reservebank
2270402;Togo;FCO Dijon;Baba Tchagouni;22;300000.0;Torwart;Reservebank
2270402;Togo;Free State Stars;Sadat Ouro-Akoriko;24;125000.0;Innenverteidiger;Reservebank
2270402;Togo;Maranatha FC;Donou Kokou;21;125000.0;Rechter Verteidiger;Reservebank
2270402;Togo;AJ Auxerre;Prince Segbefia;21;600000.0;Rechtsaußen;Reservebank
2270402;Togo;;Kodjo Amétépé;26;150000.0;Rechtes Mittelfeld;Reservebank
2270402;Togo;Free State Stars;Dové Womé;21;150000.0;Offensives Mittelfeld;Reservebank
2270402;Togo;Vereinslos;Moustapha Salifou;29;150000.0;Offensives Mittelfeld;Reservebank
2270402;Togo;Anges FC;Sapol Mani;21;350000.0;Offensives Mittelfeld;Reservebank
2270402;Togo;Stade Reims;Floyd Ayité;24;800000.0;Linksaußen;Reservebank
2270402;Togo;;Euloge Placca Fessou;18;125000.0;Mittelstürmer;Reservebank
2270402;Togo;LOSC Lille B;Kalen Damessi;22;125000.0;Mittelstürmer;Reservebank
