GameId;team;club;name;age;value;position;role
2270411;Algerien;GFC Ajaccio;Raïs M'Bolhi;26;750000.0;Torwart;Startaufstellung
2270411;Algerien;JS Kabylie;Essaïd Belkalem;24;900000.0;Innenverteidiger;Startaufstellung
2270411;Algerien;Académica Coimbra;Rafik Halliche;26;750000.0;Innenverteidiger;Startaufstellung
2270411;Algerien;Parma FC;Djamel Mesbah;28;900000.0;Linker Verteidiger;Startaufstellung
2270411;Algerien;AC Ajaccio;Mehdi Mostefa;29;1250000.0;Rechter Verteidiger;Startaufstellung
2270411;Algerien;FC Getafe;Mehdi Lacen;28;2500000.0;Defensives Mittelfeld;Startaufstellung
2270411;Algerien;Nottingham Forest;Adlène Guédioura;27;1000000.0;Defensives Mittelfeld;Startaufstellung
2270411;Algerien;FC Valencia;Sofiane Feghouli;23;12000000.0;Offensives Mittelfeld;Startaufstellung
2270411;Algerien;Vitória Guimarães SC;El Arbi Hillel Soudani;25;1000000.0;Linksaußen;Startaufstellung
2270411;Algerien;Olympique Marseille;Foued Kadir;29;3500000.0;Rechtsaußen;Startaufstellung
2270411;Algerien;CR Belouizdad;Islam Slimani;24;750000.0;Mittelstürmer;Startaufstellung
2270411;Togo;Stade Reims;Kossi Agassa;34;1250000.0;Torwart;Startaufstellung
2270411;Togo;Royal Francs Borains;Daré Nibombé;32;150000.0;Innenverteidiger;Startaufstellung
2270411;Togo;MSK Zilina;Serge Akakpo;25;550000.0;Innenverteidiger;Startaufstellung
2270411;Togo;;Djené;21;125000.0;Linker Verteidiger;Startaufstellung
2270411;Togo;Dacia Chisinau;Abdoul Gafar Mamah;27;750000.0;Rechter Verteidiger;Startaufstellung
2270411;Togo;Nîmes Olympique;Komlan Amewou;29;300000.0;Defensives Mittelfeld;Startaufstellung
2270411;Togo;FC Lorient;Alaixys Romao;29;3500000.0;Defensives Mittelfeld;Startaufstellung
2270411;Togo;Vereinslos;Moustapha Salifou;29;150000.0;Rechtes Mittelfeld;Startaufstellung
2270411;Togo;FC Nantes;Serge Gakpé;25;1000000.0;Linksaußen;Startaufstellung
2270411;Togo;Stade Brest 29;Jonathan Ayité;27;900000.0;Hängende Spitze;Startaufstellung
2270411;Togo;Tottenham Hotspur;Emmanuel Adebayor;28;14000000.0;Mittelstürmer;Startaufstellung
2270411;Algerien;USM El Harrach;Azzedine Doukha;26;700000.0;Torwart;Reservebank
2270411;Algerien;JSM Bejaia;Cédric;28;500000.0;Torwart;Reservebank
2270411;Algerien;Real Sociedad San Sebastián;Liassine Cadamuro;24;1500000.0;Innenverteidiger;Reservebank
2270411;Algerien;AC Ajaccio;Carl Medjani;27;2500000.0;Innenverteidiger;Reservebank
2270411;Algerien;JS Kabylie;Ali Rial;32;300000.0;Innenverteidiger;Reservebank
2270411;Algerien;AS Saint-Étienne;Faouzi Ghoulam;21;3500000.0;Linker Verteidiger;Reservebank
2270411;Algerien;Club Africain Tunis;Khaled Lemmouchia;31;450000.0;Defensives Mittelfeld;Reservebank
2270411;Algerien;USM Algier;Saad Tedjar;27;650000.0;Rechtes Mittelfeld;Reservebank
2270411;Algerien;CS Constantine;Yacine Bezzaz;31;650000.0;Offensives Mittelfeld;Reservebank
2270411;Algerien;FC Sochaux-Montbéliard;Ryad Boudebouz;22;5500000.0;Offensives Mittelfeld;Reservebank
2270411;Algerien;Racing Santander;Hameur Bouazza;27;500000.0;Linkes Mittelfeld;Reservebank
2270411;Algerien;ES Sétif;Mohamed Amine Aoudia;25;900000.0;Mittelstürmer;Reservebank
2270411;Togo;;Mawugbe Atsou;26;125000.0;Torwart;Reservebank
2270411;Togo;FCO Dijon;Baba Tchagouni;22;300000.0;Torwart;Reservebank
2270411;Togo;Becamex Binh Duong FC;Vincent Bossou;26;150000.0;Defensives Mittelfeld;Reservebank
2270411;Togo;Free State Stars;Sadat Ouro-Akoriko;24;125000.0;Innenverteidiger;Reservebank
2270411;Togo;Maranatha FC;Donou Kokou;21;125000.0;Rechter Verteidiger;Reservebank
2270411;Togo;AJ Auxerre;Prince Segbefia;21;600000.0;Zentrales Mittelfeld;Reservebank
2270411;Togo;;Kodjo Amétépé;26;150000.0;Rechtes Mittelfeld;Reservebank
2270411;Togo;Free State Stars;Dové Womé;21;150000.0;Offensives Mittelfeld;Reservebank
2270411;Togo;Anges FC;Sapol Mani;21;350000.0;Linkes Mittelfeld;Reservebank
2270411;Togo;Stade Reims;Floyd Ayité;24;800000.0;Linksaußen;Reservebank
2270411;Togo;;Euloge Placca Fessou;18;125000.0;Mittelstürmer;Reservebank
2270411;Togo;LOSC Lille B;Kalen Damessi;22;125000.0;Mittelstürmer;Reservebank
