GameId;team;club;name;age;value;position;role
2289743;Nigeria;Maccabi Tel Aviv;Vincent Enyeama;30;1500000.0;Torwart;Startaufstellung
2289743;Nigeria;;Godfrey Oboabona;22;300000.0;Innenverteidiger;Startaufstellung
2289743;Nigeria;ADO Den Haag;Kenneth Omeruo;19;800000.0;Innenverteidiger;Startaufstellung
2289743;Nigeria;SC Braga;Elderson;25;3700000.0;Linker Verteidiger;Startaufstellung
2289743;Nigeria;Celtic Glasgow;Efe Ambrose;24;400000.0;Rechter Verteidiger;Startaufstellung
2289743;Nigeria;FC Chelsea;John Mikel Obi;25;23000000.0;Defensives Mittelfeld;Startaufstellung
2289743;Nigeria;Lazio Rom;Ogenyi Onazi;20;1000000.0;Defensives Mittelfeld;Startaufstellung
2289743;Nigeria;Warri Wolves FC;Sunday Mba;24;50000.0;Offensives Mittelfeld;Startaufstellung
2289743;Nigeria;FC Chelsea;Victor Moses;22;15000000.0;Linksaußen;Startaufstellung
2289743;Nigeria;Dynamo Kiew;Brown Ideye;24;11000000.0;Rechtsaußen;Startaufstellung
2289743;Nigeria;FC Villarreal;Ikechukwu Uche;29;3000000.0;Mittelstürmer;Startaufstellung
2289743;Burkina Faso;Lierse SK;Daouda Diakité;29;200000.0;Torwart;Startaufstellung
2289743;Burkina Faso;Vereinslos;Paul Koulibaly;26;500000.0;Innenverteidiger;Startaufstellung
2289743;Burkina Faso;Olympique Lyon;Bakary Koné;24;3000000.0;Innenverteidiger;Startaufstellung
2289743;Burkina Faso;Royal Antwerpen FC;Saidou Panandetiguiri;28;150000.0;Linker Verteidiger;Startaufstellung
2289743;Burkina Faso;Petrojet;Mohamed Koffi;26;400000.0;Rechter Verteidiger;Startaufstellung
2289743;Burkina Faso;FC Évian Thonon Gaillard;Djakaridja Koné;26;1750000.0;Defensives Mittelfeld;Startaufstellung
2289743;Burkina Faso;Vereinslos;Florent Rouamba;26;300000.0;Defensives Mittelfeld;Startaufstellung
2289743;Burkina Faso;Olympique Marseille;Charles Kaboré;25;5000000.0;Offensives Mittelfeld;Startaufstellung
2289743;Burkina Faso;FC Stade Rennes;Jonathan Pitroipa;26;6500000.0;Linksaußen;Startaufstellung
2289743;Burkina Faso;Górnik Zabrze;Prejuce Nakoulma;25;1000000.0;Rechtsaußen;Startaufstellung
2289743;Burkina Faso;FC Augsburg;Aristide Bancé;28;800000.0;Mittelstürmer;Startaufstellung
2289743;Nigeria;;Chigozie Agbim;28;50000.0;Torwart;Reservebank
2289743;Nigeria;Hapoel Beer Sheva;Austin Ejide;28;350000.0;Torwart;Reservebank
2289743;Nigeria;Warri Wolves FC;Azubuike Egwuekwe;23;50000.0;Innenverteidiger;Reservebank
2289743;Nigeria;Fenerbahce Istanbul;Joseph Yobo;32;5000000.0;Innenverteidiger;Reservebank
2289743;Nigeria;FC Ashdod;Juwon Oshaniwa;22;50000.0;Linker Verteidiger;Reservebank
2289743;Nigeria;CFR Cluj;Nwankwo Obiora;21;800000.0;Defensives Mittelfeld;Reservebank
2289743;Nigeria;Valerenga Oslo;Fegor Ogude;25;600000.0;Defensives Mittelfeld;Reservebank
2289743;Nigeria;Kano Pillars;Reuben Gabriel;22;50000.0;Zentrales Mittelfeld;Reservebank
2289743;Nigeria;Real Betis Sevilla;Nosa Igiebor;22;1200000.0;Zentrales Mittelfeld;Reservebank
2289743;Nigeria;FC Stade Rennes B;Ejike Uzoenyi;20;50000.0;Linksaußen;Reservebank
2289743;Nigeria;ZSKA Moskau;Ahmed Musa;20;7000000.0;Rechtsaußen;Reservebank
2289743;Burkina Faso;Asante Kotoko Kumasi;Abdoulaye Soulama;33;50000.0;Torwart;Reservebank
2289743;Burkina Faso;Vereinslos;Germain Sanou;20;50000.0;Torwart;Reservebank
2289743;Burkina Faso;Sheriff Tiraspol;Wilfried Balima;27;350000.0;Rechter Verteidiger;Reservebank
2289743;Burkina Faso;Ashanti Gold SC;Henri Traoré;27;50000.0;Rechter Verteidiger;Reservebank
2289743;Burkina Faso;El Shorta;Ali Rabo;26;150000.0;Defensives Mittelfeld;Reservebank
2289743;Burkina Faso;Kyoto Sanga FC;Wilfried Sanou;28;500000.0;Rechtsaußen;Reservebank
2289743;Burkina Faso;Al-Thaid Sharjah;Hugues-Wilfried Dah;26;50000.0;Rechtsaußen;Reservebank
2289743;Burkina Faso;Gaziantepspor;Abdou Traoré;24;2000000.0;Hängende Spitze;Reservebank
2289743;Burkina Faso;Al Sailiya Sport Club;Moumouni Dagano;32;150000.0;Mittelstürmer;Reservebank
2289743;Burkina Faso;Chernomorets Burgas;Issouf Ouattara;24;450000.0;Mittelstürmer;Reservebank
2289743;Burkina Faso;Al-Thaid Sharjah;Pan Pierre Koulibaly;26;200000.0;Mittelstürmer;Reservebank
