GameId;team;club;name;age;value;position;role
2384350;Uruguay;Galatasaray Istanbul;Fernando Muslera;28;16000000.0;Torwart;Startaufstellung
2384350;Uruguay;Atlético Madrid;Diego Godín;28;20000000.0;Innenverteidiger;Startaufstellung
2384350;Uruguay;Atlético Madrid;José Giménez;19;2000000.0;Innenverteidiger;Startaufstellung
2384350;Uruguay;FC São Paulo;Álvaro Pereira;28;6000000.0;Linker Verteidiger;Startaufstellung
2384350;Uruguay;Juventus Turin;Martín Cáceres;27;9000000.0;Rechter Verteidiger;Startaufstellung
2384350;Uruguay;Monarcas Morelia;Egidio Arévalo Ríos;32;1700000.0;Defensives Mittelfeld;Startaufstellung
2384350;Uruguay;Lazio Rom;Álvaro González;29;6000000.0;Rechtes Mittelfeld;Startaufstellung
2384350;Uruguay;Corinthians Sao Paulo;Nicolás Lodeiro;25;2000000.0;Offensives Mittelfeld;Startaufstellung
2384350;Uruguay;Atlético Madrid;Cristian Rodríguez;28;5000000.0;Linksaußen;Startaufstellung
2384350;Uruguay;FC Liverpool;Luis Suárez;27;52000000.0;Mittelstürmer;Startaufstellung
2384350;Uruguay;FC Paris Saint-Germain;Edinson Cavani;27;60000000.0;Mittelstürmer;Startaufstellung
2384350;England;Manchester City;Joe Hart;27;16000000.0;Torwart;Startaufstellung
2384350;England;FC Chelsea;Gary Cahill;28;19000000.0;Innenverteidiger;Startaufstellung
2384350;England;FC Everton;Phil Jagielka;31;7500000.0;Innenverteidiger;Startaufstellung
2384350;England;FC Everton;Leighton Baines;29;20000000.0;Linker Verteidiger;Startaufstellung
2384350;England;FC Liverpool;Glen Johnson;29;12000000.0;Rechter Verteidiger;Startaufstellung
2384350;England;FC Liverpool;Steven Gerrard;34;7500000.0;Defensives Mittelfeld;Startaufstellung
2384350;England;FC Liverpool;Jordan Henderson;24;15000000.0;Defensives Mittelfeld;Startaufstellung
2384350;England;Manchester United;Danny Welbeck;23;17000000.0;Linksaußen;Startaufstellung
2384350;England;FC Liverpool;Raheem Sterling;19;13000000.0;Rechtsaußen;Startaufstellung
2384350;England;Manchester United;Wayne Rooney;28;45000000.0;Hängende Spitze;Startaufstellung
2384350;England;FC Liverpool;Daniel Sturridge;24;20000000.0;Mittelstürmer;Startaufstellung
2384350;Uruguay;Club Libertad Asunción;Rodrigo Muñoz;32;525000.0;Torwart;Reservebank
2384350;Uruguay;Vasco da Gama Rio de Janeiro;Martín Silva;31;1000000.0;Torwart;Reservebank
2384350;Uruguay;Club Nacional;Sebastián Coates;23;2500000.0;Innenverteidiger;Reservebank
2384350;Uruguay;FC Porto;Jorge Fucile;29;1500000.0;Linker Verteidiger;Reservebank
2384350;Uruguay;Parma FC;Walter Gargano;29;5000000.0;Defensives Mittelfeld;Reservebank
2384350;Uruguay;FC Bologna;Diego Pérez;34;900000.0;Defensives Mittelfeld;Reservebank
2384350;Uruguay;FC Southampton;Gastón Ramírez;23;7500000.0;Offensives Mittelfeld;Reservebank
2384350;Uruguay;Cerezo Osaka;Diego Forlán;35;1000000.0;Mittelstürmer;Reservebank
2384350;Uruguay;US Palermo;Abel Hernández;23;5000000.0;Mittelstürmer;Reservebank
2384350;Uruguay;Espanyol Barcelona;Cristhian Stuani;27;3000000.0;Rechtsaußen;Reservebank
2384350;England;West Bromwich Albion;Ben Foster;31;4000000.0;Torwart;Reservebank
2384350;England;Celtic Glasgow;Fraser Forster;26;4500000.0;Torwart;Reservebank
2384350;England;Manchester United;Chris Smalling;24;12000000.0;Innenverteidiger;Reservebank
2384350;England;Manchester United;Phil Jones;22;18000000.0;Innenverteidiger;Reservebank
2384350;England;FC Southampton;Luke Shaw;18;13000000.0;Linker Verteidiger;Reservebank
2384350;England;FC Arsenal;Jack Wilshere;22;33000000.0;Zentrales Mittelfeld;Reservebank
2384350;England;FC Chelsea;Frank Lampard;35;2000000.0;Zentrales Mittelfeld;Reservebank
2384350;England;Manchester City;James Milner;28;15000000.0;Rechtes Mittelfeld;Reservebank
2384350;England;FC Southampton;Adam Lallana;26;7500000.0;Linkes Mittelfeld;Reservebank
2384350;England;FC Everton;Ross Barkley;20;11000000.0;Rechtes Mittelfeld;Reservebank
2384350;England;FC Southampton;Rickie Lambert;32;5000000.0;Mittelstürmer;Reservebank
