GameId;team;club;name;age;value;position;role
2384344;Brasilien;Toronto FC;Júlio César;34;2500000.0;Torwart;Startaufstellung
2384344;Brasilien;FC Chelsea;David Luiz;27;26000000.0;Innenverteidiger;Startaufstellung
2384344;Brasilien;FC Paris Saint-Germain;Thiago Silva;29;40000000.0;Innenverteidiger;Startaufstellung
2384344;Brasilien;Real Madrid;Marcelo;26;25000000.0;Linker Verteidiger;Startaufstellung
2384344;Brasilien;FC Barcelona;Dani Alves;31;18000000.0;Rechter Verteidiger;Startaufstellung
2384344;Brasilien;VfL Wolfsburg;Luiz Gustavo;26;18000000.0;Defensives Mittelfeld;Startaufstellung
2384344;Brasilien;Tottenham Hotspur;Paulinho;25;16000000.0;Zentrales Mittelfeld;Startaufstellung
2384344;Brasilien;FC Chelsea;Ramires;27;30000000.0;Rechtes Mittelfeld;Startaufstellung
2384344;Brasilien;FC Chelsea;Oscar;22;34000000.0;Offensives Mittelfeld;Startaufstellung
2384344;Brasilien;FC Barcelona;Neymar;22;60000000.0;Linksaußen;Startaufstellung
2384344;Brasilien;Fluminense Rio de Janeiro;Fred;30;7000000.0;Mittelstürmer;Startaufstellung
2384344;Mexiko;AC Ajaccio;Guillermo Ochoa;28;5000000.0;Torwart;Startaufstellung
2384344;Mexiko;Espanyol Barcelona;Héctor Moreno;26;7000000.0;Innenverteidiger;Startaufstellung
2384344;Mexiko;CF América;Maza;32;2500000.0;Innenverteidiger;Startaufstellung
2384344;Mexiko;Club León FC;Rafael Márquez;35;1000000.0;Innenverteidiger;Startaufstellung
2384344;Mexiko;CF América;Miguel Layún;25;2300000.0;Linker Verteidiger;Startaufstellung
2384344;Mexiko;CF América;Paul Aguilar;28;2500000.0;Rechter Verteidiger;Startaufstellung
2384344;Mexiko;Bayer 04 Leverkusen;Andrés Guardado;27;6000000.0;Defensives Mittelfeld;Startaufstellung
2384344;Mexiko;Club León FC;José Juan Vázquez;26;1300000.0;Defensives Mittelfeld;Startaufstellung
2384344;Mexiko;FC Porto;Héctor Herrera;24;7000000.0;Zentrales Mittelfeld;Startaufstellung
2384344;Mexiko;FC Villarreal;Giovani dos Santos;25;10000000.0;Hängende Spitze;Startaufstellung
2384344;Mexiko;Santos Laguna;Oribe Peralta;30;4600000.0;Mittelstürmer;Startaufstellung
2384344;Brasilien;Botafogo Rio de Janeiro;Jefferson;31;3000000.0;Torwart;Reservebank
2384344;Brasilien;Clube Atlético Mineiro;Victor;31;4000000.0;Torwart;Reservebank
2384344;Brasilien;FC Bayern München;Dante;30;17000000.0;Innenverteidiger;Reservebank
2384344;Brasilien;SSC Neapel;Henrique;27;3500000.0;Innenverteidiger;Reservebank
2384344;Brasilien;FC Paris Saint-Germain;Maxwell;32;3500000.0;Linker Verteidiger;Reservebank
2384344;Brasilien;AS Rom;Maicon;32;4000000.0;Rechter Verteidiger;Reservebank
2384344;Brasilien;Manchester City;Fernandinho;29;32000000.0;Defensives Mittelfeld;Reservebank
2384344;Brasilien;FC Internazionale;Hernanes;29;22000000.0;Zentrales Mittelfeld;Reservebank
2384344;Brasilien;Shakhtar Donetsk;Bernard;21;20000000.0;Rechtsaußen;Reservebank
2384344;Brasilien;Zenit St. Petersburg;Hulk;27;48000000.0;Rechtsaußen;Reservebank
2384344;Brasilien;FC Chelsea;Willian;25;30000000.0;Rechtsaußen;Reservebank
2384344;Brasilien;Clube Atlético Mineiro;Jô;27;4000000.0;Mittelstürmer;Reservebank
2384344;Mexiko;CD Cruz Azul;Jesús Corona;33;2500000.0;Torwart;Reservebank
2384344;Mexiko;Deportivo Toluca;Alfredo Talavera;31;2000000.0;Torwart;Reservebank
2384344;Mexiko;Tigres UANL;Carlos Salcido;34;1500000.0;Defensives Mittelfeld;Reservebank
2384344;Mexiko;FC Porto;Diego Reyes;21;7000000.0;Innenverteidiger;Reservebank
2384344;Mexiko;Deportivo Toluca;Miguel Ponce;25;1500000.0;Linker Verteidiger;Reservebank
2384344;Mexiko;Club León FC;Carlos Peña;24;2300000.0;Zentrales Mittelfeld;Reservebank
2384344;Mexiko;CD Cruz Azul;Marco Fabián;24;5000000.0;Rechtes Mittelfeld;Reservebank
2384344;Mexiko;FC Villarreal;Javier Aquino;24;3000000.0;Rechtsaußen;Reservebank
2384344;Mexiko;Deportivo Toluca;Isaac Brizuela;23;1750000.0;Hängende Spitze;Reservebank
2384344;Mexiko;CF América;Raúl Jiménez;23;3000000.0;Mittelstürmer;Reservebank
2384344;Mexiko;Tigres UANL;Alan Pulido;23;1800000.0;Mittelstürmer;Reservebank
2384344;Mexiko;Manchester United;Chicharito;26;16000000.0;Mittelstürmer;Reservebank
