GameId;team;club;name;age;value;position;role
2384323;Bosnien-Herzegowina;Stoke City;Asmir Begovic;27;10000000.0;Torwart;Startaufstellung
2384323;Bosnien-Herzegowina;Bayer 04 Leverkusen;Emir Spahic;33;2500000.0;Innenverteidiger;Startaufstellung
2384323;Bosnien-Herzegowina;Zorya Luhansk;Toni Sunjic;25;1000000.0;Innenverteidiger;Startaufstellung
2384323;Bosnien-Herzegowina;FC Schalke 04;Sead Kolasinac;21;5000000.0;Linker Verteidiger;Startaufstellung
2384323;Bosnien-Herzegowina;HNK Hajduk Split;Avdija Vrsajevic;28;2000000.0;Rechter Verteidiger;Startaufstellung
2384323;Bosnien-Herzegowina;Ferencváros Budapest;Muhamed Besic;21;1000000.0;Defensives Mittelfeld;Startaufstellung
2384323;Bosnien-Herzegowina;SK Sturm Graz;Anel Hadzic;24;950000.0;Zentrales Mittelfeld;Startaufstellung
2384323;Bosnien-Herzegowina;HNK Hajduk Split;Tino-Sven Susic;22;1000000.0;Zentrales Mittelfeld;Startaufstellung
2384323;Bosnien-Herzegowina;AS Rom;Miralem Pjanic;24;20000000.0;Offensives Mittelfeld;Startaufstellung
2384323;Bosnien-Herzegowina;Manchester City;Edin Dzeko;28;24000000.0;Mittelstürmer;Startaufstellung
2384323;Bosnien-Herzegowina;VfB Stuttgart;Vedad Ibisevic;29;10000000.0;Mittelstürmer;Startaufstellung
2384323;Iran;SC Covilha;Alireza Haghighi;26;350000.0;Torwart;Startaufstellung
2384323;Iran;Esteghlal FC;Amir Hossein Sadeghi;32;750000.0;Innenverteidiger;Startaufstellung
2384323;Iran;Persepolis FC;Seyed Jalal Hosseini;32;2000000.0;Innenverteidiger;Startaufstellung
2384323;Iran;Persepolis FC;Mehrdad Pooladi;27;500000.0;Linker Verteidiger;Startaufstellung
2384323;Iran;Umm Salal Sport Club;Pejman Montazeri;30;1200000.0;Rechter Verteidiger;Startaufstellung
2384323;Iran;Al-Kuwait Sports Club;Javad Nekounam;33;1200000.0;Defensives Mittelfeld;Startaufstellung
2384323;Iran;Esteghlal FC;Andranik Teymourian;31;2000000.0;Defensives Mittelfeld;Startaufstellung
2384323;Iran;UD Las Palmas;Masoud Shojaei;30;1200000.0;Rechtes Mittelfeld;Startaufstellung
2384323;Iran;Sepahan FC;Ehsan Hajsafi;24;800000.0;Linkes Mittelfeld;Startaufstellung
2384323;Iran;FC Fulham;Ashkan Dejagah;27;3000000.0;Linkes Mittelfeld;Startaufstellung
2384323;Iran;Charlton Athletic;Reza Ghoochannejhad;26;1000000.0;Mittelstürmer;Startaufstellung
2384323;Bosnien-Herzegowina;FK Borac Banja Luka;Asmir Avdukic;33;400000.0;Torwart;Reservebank
2384323;Bosnien-Herzegowina;VfR Aalen;Jasmin Fejzic;28;700000.0;Torwart;Reservebank
2384323;Bosnien-Herzegowina;Eintracht Braunschweig;Ermin Bicakcic;24;2500000.0;Innenverteidiger;Reservebank
2384323;Bosnien-Herzegowina;Elazigspor;Ognjen Vranjes;24;700000.0;Rechter Verteidiger;Reservebank
2384323;Bosnien-Herzegowina;SC Freiburg;Mensur Mujdza;30;3000000.0;Rechter Verteidiger;Reservebank
2384323;Bosnien-Herzegowina;Gaziantepspor;Haris Medunjanin;29;3000000.0;Zentrales Mittelfeld;Reservebank
2384323;Bosnien-Herzegowina;TSG 1899 Hoffenheim;Sejad Salihovic;29;4500000.0;Linkes Mittelfeld;Reservebank
2384323;Bosnien-Herzegowina;Galatasaray Istanbul;Izet Hajrovic;22;4500000.0;Rechtsaußen;Reservebank
2384323;Bosnien-Herzegowina;Istanbul Büyüksehir Belediyespor;Edin Visca;24;2500000.0;Rechtsaußen;Reservebank
2384323;Bosnien-Herzegowina;Lazio Rom;Senad Lulic;28;10000000.0;Linkes Mittelfeld;Reservebank
2384323;Bosnien-Herzegowina;Guizhou Renhe;Zvjezdan Misimovic;32;3200000.0;Offensives Mittelfeld;Reservebank
2384323;Bosnien-Herzegowina;Kayseri Erciyesspor;Senijad Ibricic;28;2500000.0;Offensives Mittelfeld;Reservebank
2384323;Iran;Sepahan FC;Rahman Ahmadi;33;500000.0;Torwart;Reservebank
2384323;Iran;Eintracht Braunschweig;Daniel Davari;26;1250000.0;Torwart;Reservebank
2384323;Iran;Naft Novin Teheran;Seyed Ahmad Alenemeh;31;450000.0;Innenverteidiger;Reservebank
2384323;Iran;Esteghlal FC;Hashem Beikzadeh;30;700000.0;Offensives Mittelfeld;Reservebank
2384323;Iran;Vancouver Whitecaps;Steven Beitashour;27;500000.0;Rechter Verteidiger;Reservebank
2384323;Iran;Esteghlal FC;Khosro Heydari;30;1500000.0;Rechtes Mittelfeld;Reservebank
2384323;Iran;Persepolis FC;Hossein Mahini;27;750000.0;Rechter Verteidiger;Reservebank
2384323;Iran;Persepolis FC;Reza Haghighi;25;800000.0;Defensives Mittelfeld;Reservebank
2384323;Iran;Zob Ahan Isfahan;Ghasem Hadadifar;30;500000.0;Offensives Mittelfeld;Reservebank
2384323;Iran;Foolad FC;Bakhtiar Rahmani;22;1500000.0;Offensives Mittelfeld;Reservebank
2384323;Iran;NEC Nijmegen;Alireza Jahanbakhsh;20;1000000.0;Linksaußen;Reservebank
2384323;Iran;Tractor Sazi FC;Karim Ansarifard;24;1000000.0;Mittelstürmer;Reservebank
