GameId;team;club;name;age;value;position;role
2384340;Deutschland;FC Bayern München;Manuel Neuer;28;35000000.0;Torwart;Startaufstellung
2384340;Deutschland;Borussia Dortmund;Mats Hummels;25;26000000.0;Innenverteidiger;Startaufstellung
2384340;Deutschland;FC Arsenal;Per Mertesacker;29;18000000.0;Innenverteidiger;Startaufstellung
2384340;Deutschland;FC Schalke 04;Benedikt Höwedes;26;16000000.0;Linker Verteidiger;Startaufstellung
2384340;Deutschland;FC Bayern München;Jérôme Boateng;25;28000000.0;Rechter Verteidiger;Startaufstellung
2384340;Deutschland;FC Bayern München;Philipp Lahm;30;30000000.0;Defensives Mittelfeld;Startaufstellung
2384340;Deutschland;FC Bayern München;Toni Kroos;24;40000000.0;Zentrales Mittelfeld;Startaufstellung
2384340;Deutschland;Real Madrid;Sami Khedira;27;22000000.0;Zentrales Mittelfeld;Startaufstellung
2384340;Deutschland;FC Bayern München;Mario Götze;22;55000000.0;Linksaußen;Startaufstellung
2384340;Deutschland;FC Arsenal;Mesut Özil;25;50000000.0;Rechtsaußen;Startaufstellung
2384340;Deutschland;FC Bayern München;Thomas Müller;24;45000000.0;Mittelstürmer;Startaufstellung
2384340;Portugal;Sporting Lissabon;Rui Patrício;26;20000000.0;Torwart;Startaufstellung
2384340;Portugal;Fenerbahce Istanbul;Bruno Alves;32;5000000.0;Innenverteidiger;Startaufstellung
2384340;Portugal;Real Madrid;Pepe;31;18000000.0;Innenverteidiger;Startaufstellung
2384340;Portugal;Real Madrid;Fábio Coentrão;26;14000000.0;Linker Verteidiger;Startaufstellung
2384340;Portugal;FC Valencia;João Pereira;30;6000000.0;Rechter Verteidiger;Startaufstellung
2384340;Portugal;Dynamo Kiew;Miguel Veloso;28;9000000.0;Defensives Mittelfeld;Startaufstellung
2384340;Portugal;Fenerbahce Istanbul;Raúl Meireles;31;10000000.0;Zentrales Mittelfeld;Startaufstellung
2384340;Portugal;AS Monaco;João Moutinho;27;30000000.0;Offensives Mittelfeld;Startaufstellung
2384340;Portugal;Real Madrid;Cristiano Ronaldo;29;100000000.0;Linksaußen;Startaufstellung
2384340;Portugal;Manchester United;Nani;27;16000000.0;Rechtsaußen;Startaufstellung
2384340;Portugal;Besiktas Istanbul;Hugo Almeida;30;7750000.0;Mittelstürmer;Startaufstellung
2384340;Deutschland;Borussia Dortmund;Roman Weidenfeller;33;5000000.0;Torwart;Reservebank
2384340;Deutschland;Hannover 96;Ron-Robert Zieler;25;9500000.0;Torwart;Reservebank
2384340;Deutschland;SC Freiburg;Matthias Ginter;20;10000000.0;Innenverteidiger;Reservebank
2384340;Deutschland;Sampdoria Genua;Shkodran Mustafi;22;4000000.0;Rechter Verteidiger;Reservebank
2384340;Deutschland;Borussia Dortmund;Kevin Großkreutz;25;10000000.0;Rechter Verteidiger;Reservebank
2384340;Deutschland;Borussia Dortmund;Erik Durm;22;3000000.0;Rechter Verteidiger;Reservebank
2384340;Deutschland;Borussia Mönchengladbach;Christoph Kramer;23;5500000.0;Defensives Mittelfeld;Reservebank
2384340;Deutschland;FC Bayern München;Bastian Schweinsteiger;29;40000000.0;Zentrales Mittelfeld;Reservebank
2384340;Deutschland;FC Chelsea;André Schürrle;23;20000000.0;Rechtsaußen;Reservebank
2384340;Deutschland;FC Schalke 04;Julian Draxler;20;30000000.0;Linksaußen;Reservebank
2384340;Deutschland;FC Arsenal;Lukas Podolski;29;23000000.0;Linksaußen;Reservebank
2384340;Deutschland;Lazio Rom;Miroslav Klose;36;1000000.0;Mittelstürmer;Reservebank
2384340;Portugal;SC Braga;Eduardo;31;3500000.0;Torwart;Reservebank
2384340;Portugal;FC Sevilla;Beto;32;4000000.0;Torwart;Reservebank
2384340;Portugal;FC Valencia;Ricardo Costa;33;3000000.0;Innenverteidiger;Reservebank
2384340;Portugal;Zenit St. Petersburg;Luís Neto;26;5000000.0;Innenverteidiger;Reservebank
2384340;Portugal;Benfica Lissabon;André Almeida;23;4500000.0;Linker Verteidiger;Reservebank
2384340;Portugal;Sporting Lissabon;William Carvalho;22;8000000.0;Defensives Mittelfeld;Reservebank
2384340;Portugal;Benfica Lissabon;Rúben Amorim;29;4500000.0;Zentrales Mittelfeld;Reservebank
2384340;Portugal;VfL Wolfsburg;Vieirinha;28;6000000.0;Rechtes Mittelfeld;Reservebank
2384340;Portugal;FC Porto;Silvestre Varela;29;7500000.0;Linksaußen;Reservebank
2384340;Portugal;SC Braga;Rafa Silva;21;4000000.0;Linksaußen;Reservebank
2384340;Portugal;SC Braga;Éder;26;8000000.0;Mittelstürmer;Reservebank
2384340;Portugal;Lazio Rom;Hélder Postiga;31;3500000.0;Mittelstürmer;Reservebank
