GameId;team;club;name;age;value;position;role
2384347;Australien;FC Brügge;Mathew Ryan;22;2500000.0;Torwart;Startaufstellung
2384347;Australien;Western Sydney Wanderers;Matthew Spiranovic;25;500000.0;Innenverteidiger;Startaufstellung
2384347;Australien;Jeonbuk Hyundai Motors FC;Alex Wilkinson;29;650000.0;Innenverteidiger;Startaufstellung
2384347;Australien;Heracles Almelo;Jason Davidson;22;400000.0;Linker Verteidiger;Startaufstellung
2384347;Australien;Shandong Luneng Taishan;Ryan McGowan;24;700000.0;Rechter Verteidiger;Startaufstellung
2384347;Australien;Crystal Palace;Mile Jedinak;29;2500000.0;Defensives Mittelfeld;Startaufstellung
2384347;Australien;Brisbane Roar;Matt McKay;31;550000.0;Defensives Mittelfeld;Startaufstellung
2384347;Australien;Al Gharafa Sports Club;Mark Bresciano;34;500000.0;Offensives Mittelfeld;Startaufstellung
2384347;Australien;FC Utrecht;Tommy Oar;22;1500000.0;Linksaußen;Startaufstellung
2384347;Australien;FSV Frankfurt;Mathew Leckie;23;1000000.0;Rechtsaußen;Startaufstellung
2384347;Australien;New York Red Bulls;Tim Cahill;34;1000000.0;Mittelstürmer;Startaufstellung
2384347;Niederlande;Ajax Amsterdam;Jasper Cillessen;25;5000000.0;Torwart;Startaufstellung
2384347;Niederlande;Feyenoord Rotterdam;Bruno Martins Indi;22;6000000.0;Innenverteidiger;Startaufstellung
2384347;Niederlande;Aston Villa;Ron Vlaar;29;5000000.0;Innenverteidiger;Startaufstellung
2384347;Niederlande;Feyenoord Rotterdam;Stefan de Vrij;22;6000000.0;Innenverteidiger;Startaufstellung
2384347;Niederlande;Ajax Amsterdam;Daley Blind;24;6000000.0;Linker Verteidiger;Startaufstellung
2384347;Niederlande;Feyenoord Rotterdam;Daryl Janmaat;24;5000000.0;Rechter Verteidiger;Startaufstellung
2384347;Niederlande;AC Mailand;Nigel de Jong;29;9000000.0;Defensives Mittelfeld;Startaufstellung
2384347;Niederlande;Swansea City;Jonathan de Guzmán;26;9000000.0;Defensives Mittelfeld;Startaufstellung
2384347;Niederlande;Galatasaray Istanbul;Wesley Sneijder;30;17000000.0;Offensives Mittelfeld;Startaufstellung
2384347;Niederlande;FC Bayern München;Arjen Robben;30;25000000.0;Hängende Spitze;Startaufstellung
2384347;Niederlande;Manchester United;Robin van Persie;30;40000000.0;Mittelstürmer;Startaufstellung
2384347;Australien;Adelaide United;Eugene Galekovic;33;1000000.0;Torwart;Reservebank
2384347;Australien;Borussia Dortmund;Mitchell Langerak;25;1000000.0;Torwart;Reservebank
2384347;Australien;Preston North End;Bailey Wright;21;200000.0;Innenverteidiger;Reservebank
2384347;Australien;FK Austria Wien;James Holland;25;1500000.0;Defensives Mittelfeld;Reservebank
2384347;Australien;Swindon Town;Massimo Luongo;21;400000.0;Defensives Mittelfeld;Reservebank
2384347;Australien;FC Luzern;Oliver Bozanic;25;750000.0;Offensives Mittelfeld;Reservebank
2384347;Australien;Melbourne Victory;James Troisi;25;1200000.0;Linksaußen;Reservebank
2384347;Australien;FC Sion;Dario Vidosic;27;1000000.0;Offensives Mittelfeld;Reservebank
2384347;Australien;Fortuna Düsseldorf;Ben Halloran;22;400000.0;Mittelstürmer;Reservebank
2384347;Australien;Newcastle United Jets;Adam Taggart;21;750000.0;Mittelstürmer;Reservebank
2384347;Niederlande;Newcastle United;Tim Krul;26;9000000.0;Torwart;Reservebank
2384347;Niederlande;Swansea City;Michel Vorm;30;7000000.0;Torwart;Reservebank
2384347;Niederlande;Feyenoord Rotterdam;Terence Kongolo;20;500000.0;Innenverteidiger;Reservebank
2384347;Niederlande;FC Augsburg;Paul Verhaegh;30;2000000.0;Rechter Verteidiger;Reservebank
2384347;Niederlande;Ajax Amsterdam;Joël Veltman;22;3500000.0;Innenverteidiger;Reservebank
2384347;Niederlande;Feyenoord Rotterdam;Jordy Clasie;22;7000000.0;Defensives Mittelfeld;Reservebank
2384347;Niederlande;Norwich City;Leroy Fer;24;8500000.0;Zentrales Mittelfeld;Reservebank
2384347;Niederlande;PSV Eindhoven;Georginio Wijnaldum;23;7000000.0;Defensives Mittelfeld;Reservebank
2384347;Niederlande;PSV Eindhoven;Memphis Depay;20;5000000.0;Linksaußen;Reservebank
2384347;Niederlande;Fenerbahce Istanbul;Dirk Kuyt;33;4000000.0;Rechtsaußen;Reservebank
2384347;Niederlande;Dynamo Kiew;Jeremain Lens;26;9000000.0;Mittelstürmer;Reservebank
2384347;Niederlande;FC Schalke 04;Klaas-Jan Huntelaar;30;12000000.0;Mittelstürmer;Reservebank
