GameId;team;club;name;age;value;position;role
2384359;Südkorea;Suwon Samsung Bluewings FC;Sung-Ryong Jung;29;1500000.0;Torwart;Startaufstellung
2384359;Südkorea;Guangzhou Evergrande;Young-gwon Kim;24;1500000.0;Innenverteidiger;Startaufstellung
2384359;Südkorea;FC Augsburg;Jeong-ho Hong;24;1000000.0;Innenverteidiger;Startaufstellung
2384359;Südkorea;Queens Park Rangers;Suk-Young Yun;24;500000.0;Linker Verteidiger;Startaufstellung
2384359;Südkorea;Ulsan Hyundai;Yong Lee;27;1200000.0;Rechter Verteidiger;Startaufstellung
2384359;Südkorea;Kashiwa Reysol;Guk-yeong Han;24;1000000.0;Defensives Mittelfeld;Startaufstellung
2384359;Südkorea;Swansea City;Sung-Yong Ki;25;6500000.0;Defensives Mittelfeld;Startaufstellung
2384359;Südkorea;1.FSV Mainz 05;Ja-Cheol Koo;25;5000000.0;Offensives Mittelfeld;Startaufstellung
2384359;Südkorea;Bayer 04 Leverkusen;Heung-Min Son;21;14000000.0;Linksaußen;Startaufstellung
2384359;Südkorea;Bolton Wanderers;Chung-Yong Lee;25;4000000.0;Rechtsaußen;Startaufstellung
2384359;Südkorea;FC Arsenal;Ju-yeong Park;28;1000000.0;Mittelstürmer;Startaufstellung
2384359;Algerien;ZSKA Sofia;Raïs M'Bolhi;28;500000.0;Torwart;Startaufstellung
2384359;Algerien;Al Duhail Sports Club;Madjid Bougherra;31;500000.0;Innenverteidiger;Startaufstellung
2384359;Algerien;Académica Coimbra;Rafik Halliche;27;800000.0;Innenverteidiger;Startaufstellung
2384359;Algerien;AS Livorno;Djamel Mesbah;29;600000.0;Linker Verteidiger;Startaufstellung
2384359;Algerien;Stade Reims;Aïssa Mandi;22;2000000.0;Rechter Verteidiger;Startaufstellung
2384359;Algerien;Valenciennes FC ;Carl Medjani;29;1750000.0;Defensives Mittelfeld;Startaufstellung
2384359;Algerien;Tottenham Hotspur;Nabil Bentaleb;19;500000.0;Zentrales Mittelfeld;Startaufstellung
2384359;Algerien;FC Granada;Yacine Brahimi;24;4000000.0;Offensives Mittelfeld;Startaufstellung
2384359;Algerien;Club Africain Tunis;Abdelmoumene Djabou;27;1100000.0;Linksaußen;Startaufstellung
2384359;Algerien;FC Valencia;Sofiane Feghouli;24;12000000.0;Rechtsaußen;Startaufstellung
2384359;Algerien;Sporting Lissabon;Islam Slimani;26;2000000.0;Mittelstürmer;Startaufstellung
2384359;Südkorea;Busan IPark FC;Beom-yeong Lee;25;525000.0;Torwart;Reservebank
2384359;Südkorea;;Seung-Gyu Kim;23;1000000.0;Torwart;Reservebank
2384359;Südkorea;Al-Hilal Riad;Tae-heui Kwak;32;1500000.0;Innenverteidiger;Reservebank
2384359;Südkorea;Sanfrecce Hiroshima;Seok-ho Hwang;24;600000.0;Innenverteidiger;Reservebank
2384359;Südkorea;1.FSV Mainz 05;Ju-ho Park;27;1500000.0;Linker Verteidiger;Reservebank
2384359;Südkorea;Kashiwa Reysol;Chang-su Kim;28;750000.0;Rechter Verteidiger;Reservebank
2384359;Südkorea;Guangzhou R&F;Jong-Woo Park;25;900000.0;Defensives Mittelfeld;Reservebank
2384359;Südkorea;Beijing Guoan;Dae-seong Ha;29;1200000.0;Zentrales Mittelfeld;Reservebank
2384359;Südkorea;Cardiff City;Bo-Kyung Kim;24;2000000.0;Offensives Mittelfeld;Reservebank
2384359;Südkorea;Sangju Sangmu FC;Keun-ho Lee;29;1500000.0;Rechtsaußen;Reservebank
2384359;Südkorea;FC Augsburg;Dong-Won Ji;23;2000000.0;Mittelstürmer;Reservebank
2384359;Südkorea;;Shin-uk Kim;26;1750000.0;Mittelstürmer;Reservebank
2384359;Algerien;USM Algier;Mohamed Lamine Zemmamouche;29;600000.0;Torwart;Reservebank
2384359;Algerien;CS Constantine;Cédric;29;500000.0;Torwart;Reservebank
2384359;Algerien;FC Watford;Essaïd Belkalem;25;1000000.0;Innenverteidiger;Reservebank
2384359;Algerien;RCD Mallorca;Liassine Cadamuro;26;800000.0;Innenverteidiger;Reservebank
2384359;Algerien;SSC Neapel;Faouzi Ghoulam;23;5000000.0;Linker Verteidiger;Reservebank
2384359;Algerien;FC Getafe;Mehdi Lacen;30;1500000.0;Defensives Mittelfeld;Reservebank
2384359;Algerien;AC Ajaccio;Mehdi Mostefa;30;1500000.0;Defensives Mittelfeld;Reservebank
2384359;Algerien;Udinese Calcio;Hassan Yebda;30;1800000.0;Zentrales Mittelfeld;Reservebank
2384359;Algerien;FC Internazionale;Saphir Taider;22;10000000.0;Zentrales Mittelfeld;Reservebank
2384359;Algerien;GNK Dinamo Zagreb;El Arbi Hillel Soudani;26;4000000.0;Rechtsaußen;Reservebank
2384359;Algerien;Leicester City;Riyad Mahrez;23;1250000.0;Rechtsaußen;Reservebank
2384359;Algerien;FC Porto;Nabil Ghilas;24;3500000.0;Rechtsaußen;Reservebank
