GameId;team;club;name;age;value;position;role
2384353;Honduras;CD Olimpia;Noel Valladares;37;400000.0;Torwart;Startaufstellung
2384353;Honduras;San Jose Earthquakes;Víctor Bernárdez;32;1000000.0;Innenverteidiger;Startaufstellung
2384353;Honduras;Hull City;Maynor Figueroa;31;4000000.0;Innenverteidiger;Startaufstellung
2384353;Honduras;Celtic Glasgow;Emilio Izaguirre;28;4250000.0;Linker Verteidiger;Startaufstellung
2384353;Honduras;CD Olimpia;Brayan Beckeles;28;250000.0;Rechter Verteidiger;Startaufstellung
2384353;Honduras;CD Olimpia;Luis Garrido;23;800000.0;Defensives Mittelfeld;Startaufstellung
2384353;Honduras;CD Motagua Tegucigalpa;Jorge Claros;28;400000.0;Zentrales Mittelfeld;Startaufstellung
2384353;Honduras;Wigan Athletic;Róger Espinoza;27;1300000.0;Linksaußen;Startaufstellung
2384353;Honduras;Houston Dynamo;Boniek García;29;1000000.0;Rechtsaußen;Startaufstellung
2384353;Honduras;RCD España San Pedro Sula;Carlo Costly;31;600000.0;Mittelstürmer;Startaufstellung
2384353;Honduras;New England Revolution;Jerry Bengtson;27;350000.0;Mittelstürmer;Startaufstellung
2384353;Ecuador;LDU Quito;Alexander Domínguez;27;1600000.0;Torwart;Startaufstellung
2384353;Ecuador;Flamengo Rio de Janeiro;Frickson Erazo;26;1600000.0;Innenverteidiger;Startaufstellung
2384353;Ecuador;CS Emelec;Jorge Guagua;32;1000000.0;Innenverteidiger;Startaufstellung
2384353;Ecuador;CF Pachuca;Wálter Ayoví;34;1000000.0;Linker Verteidiger;Startaufstellung
2384353;Ecuador;Barcelona SC Guayaquil;Juan Carlos Paredes;26;1400000.0;Rechter Verteidiger;Startaufstellung
2384353;Ecuador;CD Chivas USA;Oswaldo Minda;30;125000.0;Defensives Mittelfeld;Startaufstellung
2384353;Ecuador;Dinamo Moskau;Christian Noboa;29;9000000.0;Zentrales Mittelfeld;Startaufstellung
2384353;Ecuador;Monarcas Morelia;Jefferson Montero;24;3300000.0;Linksaußen;Startaufstellung
2384353;Ecuador;Manchester United;Antonio Valencia;28;16000000.0;Rechtsaußen;Startaufstellung
2384353;Ecuador;Al-Jazira (Abu Dhabi);Felipe Caicedo;25;5000000.0;Mittelstürmer;Startaufstellung
2384353;Ecuador;CF Pachuca;Enner Valencia;24;1600000.0;Mittelstürmer;Startaufstellung
2384353;Honduras;;Luis López;20;250000.0;Torwart;Reservebank
2384353;Honduras;CD Olimpia;Donis Escober;33;400000.0;Torwart;Reservebank
2384353;Honduras;CD Motagua Tegucigalpa;Juan Pablo Montes;28;250000.0;Innenverteidiger;Reservebank
2384353;Honduras;Qingdao Jonoon;Osman Chávez;29;450000.0;Innenverteidiger;Reservebank
2384353;Honduras;Wigan Athletic;Juan Carlos García;26;500000.0;Linker Verteidiger;Reservebank
2384353;Honduras;RSC Anderlecht;Andy Nájar;21;2000000.0;Rechtes Mittelfeld;Reservebank
2384353;Honduras;;Edder Delgado;27;250000.0;Defensives Mittelfeld;Reservebank
2384353;Honduras;RCD España San Pedro Sula;Mario Martínez;24;250000.0;Offensives Mittelfeld;Reservebank
2384353;Honduras;CD Chivas USA;Marvin Chávez;30;400000.0;Rechtsaußen;Reservebank
2384353;Honduras;LD Alajuelense;Jerry Palacios;32;250000.0;Mittelstürmer;Reservebank
2384353;Honduras;CD Real Sociedad;Rony Martínez;26;250000.0;Mittelstürmer;Reservebank
2384353;Ecuador;Barcelona SC Guayaquil;Máximo Banguera;28;1400000.0;Torwart;Reservebank
2384353;Ecuador;CD El Nacional;Adrián Bone;25;1000000.0;Torwart;Reservebank
2384353;Ecuador;CS Emelec;Gabriel Achilier;29;1600000.0;Innenverteidiger;Reservebank
2384353;Ecuador;CS Emelec;Óscar Bagüí;31;1000000.0;Linker Verteidiger;Reservebank
2384353;Ecuador;VfB Stuttgart;Carlos Gruezo;19;1500000.0;Defensives Mittelfeld;Reservebank
2384353;Ecuador;Vereinslos;Édison Méndez;35;750000.0;Offensives Mittelfeld;Reservebank
2384353;Ecuador;Barcelona SC Guayaquil;Luis Saritama;30;1000000.0;Offensives Mittelfeld;Reservebank
2384353;Ecuador;Club Tijuana;Fidel Martínez;24;2500000.0;Linksaußen;Reservebank
2384353;Ecuador;CF Atlante;Michael Arroyo;27;1800000.0;Linksaußen;Reservebank
2384353;Ecuador;Vitesse Arnheim;Renato Ibarra;23;3500000.0;Rechtsaußen;Reservebank
2384353;Ecuador;CD Cruz Azul;Joao Rojas;25;2300000.0;Linksaußen;Reservebank
2384353;Ecuador;Club Tijuana;Jaime Ayoví;26;1600000.0;Mittelstürmer;Reservebank
