GameId;team;club;name;age;value;position;role
2384355;Nigeria;LOSC Lille;Vincent Enyeama;31;3500000.0;Torwart;Startaufstellung
2384355;Nigeria;Norwich City;Joseph Yobo;33;2000000.0;Innenverteidiger;Startaufstellung
2384355;Nigeria;FC Chelsea;Kenneth Omeruo;20;1000000.0;Innenverteidiger;Startaufstellung
2384355;Nigeria;FC Ashdod;Juwon Oshaniwa;23;300000.0;Linker Verteidiger;Startaufstellung
2384355;Nigeria;Celtic Glasgow;Efe Ambrose;25;3000000.0;Rechter Verteidiger;Startaufstellung
2384355;Nigeria;FC Chelsea;John Mikel Obi;27;20000000.0;Defensives Mittelfeld;Startaufstellung
2384355;Nigeria;Lazio Rom;Ogenyi Onazi;21;6000000.0;Defensives Mittelfeld;Startaufstellung
2384355;Nigeria;Volyn Lutsk;Michel Babatunde;21;900000.0;Offensives Mittelfeld;Startaufstellung
2384355;Nigeria;ZSKA Moskau;Ahmed Musa;21;12000000.0;Linksaußen;Startaufstellung
2384355;Nigeria;Stoke City;Peter Odemwingie;32;2500000.0;Rechtsaußen;Startaufstellung
2384355;Nigeria;Fenerbahce Istanbul;Emmanuel Emenike;27;14000000.0;Mittelstürmer;Startaufstellung
2384355;Bosnien-Herzegowina;Stoke City;Asmir Begovic;27;10000000.0;Torwart;Startaufstellung
2384355;Bosnien-Herzegowina;Bayer 04 Leverkusen;Emir Spahic;33;2500000.0;Innenverteidiger;Startaufstellung
2384355;Bosnien-Herzegowina;Zorya Luhansk;Toni Sunjic;25;1000000.0;Innenverteidiger;Startaufstellung
2384355;Bosnien-Herzegowina;Lazio Rom;Senad Lulic;28;10000000.0;Linker Verteidiger;Startaufstellung
2384355;Bosnien-Herzegowina;SC Freiburg;Mensur Mujdza;30;3000000.0;Rechter Verteidiger;Startaufstellung
2384355;Bosnien-Herzegowina;Ferencváros Budapest;Muhamed Besic;21;1000000.0;Defensives Mittelfeld;Startaufstellung
2384355;Bosnien-Herzegowina;Gaziantepspor;Haris Medunjanin;29;3000000.0;Defensives Mittelfeld;Startaufstellung
2384355;Bosnien-Herzegowina;AS Rom;Miralem Pjanic;24;20000000.0;Offensives Mittelfeld;Startaufstellung
2384355;Bosnien-Herzegowina;Guizhou Renhe;Zvjezdan Misimovic;32;3200000.0;Linksaußen;Startaufstellung
2384355;Bosnien-Herzegowina;Galatasaray Istanbul;Izet Hajrovic;22;4500000.0;Rechtsaußen;Startaufstellung
2384355;Bosnien-Herzegowina;Manchester City;Edin Dzeko;28;24000000.0;Mittelstürmer;Startaufstellung
2384355;Nigeria;Gombe United FC;Chigozie Agbim;29;250000.0;Torwart;Reservebank
2384355;Nigeria;Hapoel Beer Sheva;Austin Ejide;30;350000.0;Torwart;Reservebank
2384355;Nigeria;Warri Wolves FC;Azubuike Egwuekwe;24;300000.0;Innenverteidiger;Reservebank
2384355;Nigeria;Caykur Rizespor;Godfrey Oboabona;23;900000.0;Innenverteidiger;Reservebank
2384355;Nigeria;Waasland-Beveren;Reuben Gabriel;23;500000.0;Defensives Mittelfeld;Reservebank
2384355;Nigeria;UD Almería;Ramon Azeez;21;2000000.0;Zentrales Mittelfeld;Reservebank
2384355;Nigeria;FC Chelsea;Victor Moses;23;11000000.0;Rechtsaußen;Reservebank
2384355;Nigeria;Enugu Rangers IFC;Ejike Uzoenyi;22;250000.0;Linksaußen;Reservebank
2384355;Nigeria;SC Heerenveen;Uche Nwofor;22;900000.0;Mittelstürmer;Reservebank
2384355;Nigeria;Cercle Brügge;Michael Uchebo;23;700000.0;Rechtsaußen;Reservebank
2384355;Nigeria;Newcastle United;Shola Ameobi;32;1500000.0;Hängende Spitze;Reservebank
2384355;Bosnien-Herzegowina;FK Borac Banja Luka;Asmir Avdukic;33;400000.0;Torwart;Reservebank
2384355;Bosnien-Herzegowina;VfR Aalen;Jasmin Fejzic;28;700000.0;Torwart;Reservebank
2384355;Bosnien-Herzegowina;Eintracht Braunschweig;Ermin Bicakcic;24;2500000.0;Innenverteidiger;Reservebank
2384355;Bosnien-Herzegowina;Elazigspor;Ognjen Vranjes;24;700000.0;Innenverteidiger;Reservebank
2384355;Bosnien-Herzegowina;FC Schalke 04;Sead Kolasinac;21;5000000.0;Linker Verteidiger;Reservebank
2384355;Bosnien-Herzegowina;HNK Hajduk Split;Avdija Vrsajevic;28;2000000.0;Rechter Verteidiger;Reservebank
2384355;Bosnien-Herzegowina;SK Sturm Graz;Anel Hadzic;24;950000.0;Defensives Mittelfeld;Reservebank
2384355;Bosnien-Herzegowina;TSG 1899 Hoffenheim;Sejad Salihovic;29;4500000.0;Linker Verteidiger;Reservebank
2384355;Bosnien-Herzegowina;Istanbul Büyüksehir Belediyespor;Edin Visca;24;2500000.0;Rechtsaußen;Reservebank
2384355;Bosnien-Herzegowina;HNK Hajduk Split;Tino-Sven Susic;22;1000000.0;Defensives Mittelfeld;Reservebank
2384355;Bosnien-Herzegowina;Kayseri Erciyesspor;Senijad Ibricic;28;2500000.0;Offensives Mittelfeld;Reservebank
2384355;Bosnien-Herzegowina;VfB Stuttgart;Vedad Ibisevic;29;10000000.0;Mittelstürmer;Reservebank
