GameId;team;club;name;age;value;position;role
2384346;Spanien;Real Madrid;Iker Casillas;33;12000000.0;Torwart;Startaufstellung
2384346;Spanien;Real Madrid;Sergio Ramos;28;40000000.0;Innenverteidiger;Startaufstellung
2384346;Spanien;FC Bayern München;Javi Martínez;25;37000000.0;Innenverteidiger;Startaufstellung
2384346;Spanien;FC Barcelona;Jordi Alba;25;25000000.0;Linker Verteidiger;Startaufstellung
2384346;Spanien;FC Chelsea;César Azpilicueta;24;18000000.0;Rechter Verteidiger;Startaufstellung
2384346;Spanien;Real Madrid;Xabi Alonso;32;12000000.0;Defensives Mittelfeld;Startaufstellung
2384346;Spanien;FC Barcelona;Sergio Busquets;25;45000000.0;Defensives Mittelfeld;Startaufstellung
2384346;Spanien;Manchester City;David Silva;28;40000000.0;Offensives Mittelfeld;Startaufstellung
2384346;Spanien;FC Barcelona;Andrés Iniesta;30;55000000.0;Linksaußen;Startaufstellung
2384346;Spanien;FC Barcelona;Pedro;26;25000000.0;Rechtsaußen;Startaufstellung
2384346;Spanien;Atlético Madrid;Diego Costa;25;35000000.0;Mittelstürmer;Startaufstellung
2384346;Chile;Real Sociedad San Sebastián;Claudio Bravo;31;4000000.0;Torwart;Startaufstellung
2384346;Chile;Nottingham Forest;Gonzalo Jara;28;1500000.0;Innenverteidiger;Startaufstellung
2384346;Chile;CA Osasuna;Francisco Silva;28;2000000.0;Innenverteidiger;Startaufstellung
2384346;Chile;Cardiff City;Gary Medel;26;11000000.0;Innenverteidiger;Startaufstellung
2384346;Chile;FC Santos;Eugenio Mena;25;2500000.0;Linker Verteidiger;Startaufstellung
2384346;Chile;Juventus Turin;Mauricio Isla;26;10500000.0;Rechter Verteidiger;Startaufstellung
2384346;Chile;FC Basel 1893;Marcelo Díaz;27;2000000.0;Defensives Mittelfeld;Startaufstellung
2384346;Chile;SC Internacional Porto Alegre;Charles Aránguiz;25;2200000.0;Defensives Mittelfeld;Startaufstellung
2384346;Chile;Juventus Turin;Arturo Vidal;27;44000000.0;Offensives Mittelfeld;Startaufstellung
2384346;Chile;FC Barcelona;Alexis Sánchez;25;30000000.0;Hängende Spitze;Startaufstellung
2384346;Chile;FC Valencia;Eduardo Vargas;24;6000000.0;Mittelstürmer;Startaufstellung
2384346;Spanien;Manchester United;David de Gea;23;17000000.0;Torwart;Reservebank
2384346;Spanien;SSC Neapel;Pepe Reina;31;10000000.0;Torwart;Reservebank
2384346;Spanien;SSC Neapel;Raúl Albiol;28;12000000.0;Innenverteidiger;Reservebank
2384346;Spanien;FC Barcelona;Gerard Piqué;27;36000000.0;Innenverteidiger;Reservebank
2384346;Spanien;Atlético Madrid;Juanfran;29;14000000.0;Rechter Verteidiger;Reservebank
2384346;Spanien;FC Arsenal;Santi Cazorla;29;30000000.0;Rechtsaußen;Reservebank
2384346;Spanien;FC Barcelona;Xavi;34;10000000.0;Zentrales Mittelfeld;Reservebank
2384346;Spanien;FC Barcelona;Cesc Fàbregas;27;50000000.0;Offensives Mittelfeld;Reservebank
2384346;Spanien;Atlético Madrid;Koke;22;30000000.0;Offensives Mittelfeld;Reservebank
2384346;Spanien;Manchester United;Juan Mata;26;40000000.0;Offensives Mittelfeld;Reservebank
2384346;Spanien;Atlético Madrid;David Villa;32;10000000.0;Mittelstürmer;Reservebank
2384346;Spanien;FC Chelsea;Fernando Torres;30;19000000.0;Mittelstürmer;Reservebank
2384346;Chile;CD Universidad Católica;Cristopher Toselli;26;1200000.0;Torwart;Reservebank
2384346;Chile;Club Universidad de Chile;Johnny Herrera;33;1000000.0;Torwart;Reservebank
2384346;Chile;Club Universidad de Chile;José Rojas;30;900000.0;Innenverteidiger;Reservebank
2384346;Chile;Malmö FF;Miiko Albornoz;23;500000.0;Linker Verteidiger;Reservebank
2384346;Chile;Wigan Athletic;Jean Beausejour;30;4000000.0;Linkes Mittelfeld;Reservebank
2384346;Chile;FC Twente Enschede;Felipe Gutiérrez;23;4000000.0;Zentrales Mittelfeld;Reservebank
2384346;Chile;Atalanta Bergamo;Carlos Carmona;27;2500000.0;Zentrales Mittelfeld;Reservebank
2384346;Chile;SE Palmeiras São Paulo;Jorge Valdivia;30;1500000.0;Offensives Mittelfeld;Reservebank
2384346;Chile;Celta Vigo;Fabián Orellana;28;2500000.0;Rechtsaußen;Reservebank
2384346;Chile;CSD Colo Colo;José Pedro Fuenzalida;29;800000.0;Rechtes Mittelfeld;Reservebank
2384346;Chile;CSD Colo Colo;Esteban Paredes;33;1500000.0;Linksaußen;Reservebank
2384346;Chile;Cagliari Calcio;Mauricio Pinilla;30;3200000.0;Mittelstürmer;Reservebank
