GameId;team;club;name;age;value;position;role
2384327;Algerien;ZSKA Sofia;Raïs M'Bolhi;28;500000.0;Torwart;Startaufstellung
2384327;Algerien;FC Watford;Essaïd Belkalem;25;1000000.0;Innenverteidiger;Startaufstellung
2384327;Algerien;Académica Coimbra;Rafik Halliche;27;800000.0;Innenverteidiger;Startaufstellung
2384327;Algerien;AS Livorno;Djamel Mesbah;29;600000.0;Linker Verteidiger;Startaufstellung
2384327;Algerien;Stade Reims;Aïssa Mandi;22;2000000.0;Rechter Verteidiger;Startaufstellung
2384327;Algerien;Valenciennes FC ;Carl Medjani;29;1750000.0;Defensives Mittelfeld;Startaufstellung
2384327;Algerien;Tottenham Hotspur;Nabil Bentaleb;19;500000.0;Zentrales Mittelfeld;Startaufstellung
2384327;Algerien;FC Granada;Yacine Brahimi;24;4000000.0;Offensives Mittelfeld;Startaufstellung
2384327;Algerien;Club Africain Tunis;Abdelmoumene Djabou;27;1100000.0;Linksaußen;Startaufstellung
2384327;Algerien;FC Valencia;Sofiane Feghouli;24;12000000.0;Rechtsaußen;Startaufstellung
2384327;Algerien;Sporting Lissabon;Islam Slimani;26;2000000.0;Mittelstürmer;Startaufstellung
2384327;Russland;ZSKA Moskau;Igor Akinfeev;28;20000000.0;Torwart;Startaufstellung
2384327;Russland;ZSKA Moskau;Sergey Ignashevich;34;2000000.0;Innenverteidiger;Startaufstellung
2384327;Russland;ZSKA Moskau;Vasili Berezutski;32;6000000.0;Innenverteidiger;Startaufstellung
2384327;Russland;Spartak Moskau;Dmitri Kombarov;27;11000000.0;Linker Verteidiger;Startaufstellung
2384327;Russland;Dinamo Moskau;Aleksey Kozlov;27;7000000.0;Rechter Verteidiger;Startaufstellung
2384327;Russland;Spartak Moskau;Denis Glushakov;27;10000000.0;Defensives Mittelfeld;Startaufstellung
2384327;Russland;Zenit St. Petersburg;Viktor Faizulin;28;9000000.0;Defensives Mittelfeld;Startaufstellung
2384327;Russland;Zenit St. Petersburg;Oleg Shatov;23;6000000.0;Linksaußen;Startaufstellung
2384327;Russland;Lokomotiv Moskau;Aleksandr Samedov;29;10000000.0;Rechtsaußen;Startaufstellung
2384327;Russland;Dinamo Moskau;Aleksandr Kokorin;23;18000000.0;Hängende Spitze;Startaufstellung
2384327;Russland;Zenit St. Petersburg;Aleksandr Kerzhakov;31;7000000.0;Mittelstürmer;Startaufstellung
2384327;Algerien;USM Algier;Mohamed Lamine Zemmamouche;29;600000.0;Torwart;Reservebank
2384327;Algerien;CS Constantine;Cédric;29;500000.0;Torwart;Reservebank
2384327;Algerien;RCD Mallorca;Liassine Cadamuro;26;800000.0;Innenverteidiger;Reservebank
2384327;Algerien;Al Duhail Sports Club;Madjid Bougherra;31;500000.0;Innenverteidiger;Reservebank
2384327;Algerien;SSC Neapel;Faouzi Ghoulam;23;5000000.0;Linker Verteidiger;Reservebank
2384327;Algerien;FC Getafe;Mehdi Lacen;30;1500000.0;Defensives Mittelfeld;Reservebank
2384327;Algerien;AC Ajaccio;Mehdi Mostefa;30;1500000.0;Defensives Mittelfeld;Reservebank
2384327;Algerien;Udinese Calcio;Hassan Yebda;30;1800000.0;Offensives Mittelfeld;Reservebank
2384327;Algerien;FC Internazionale;Saphir Taider;22;10000000.0;Zentrales Mittelfeld;Reservebank
2384327;Algerien;GNK Dinamo Zagreb;El Arbi Hillel Soudani;26;4000000.0;Rechtsaußen;Reservebank
2384327;Algerien;Leicester City;Riyad Mahrez;23;1250000.0;Rechtsaußen;Reservebank
2384327;Algerien;FC Porto;Nabil Ghilas;24;3500000.0;Rechtsaußen;Reservebank
2384327;Russland;Zenit St. Petersburg;Yuri Lodygin;24;5000000.0;Torwart;Reservebank
2384327;Russland;Rubin Kazan;Sergey Ryzhikov;33;4500000.0;Torwart;Reservebank
2384327;Russland;Dinamo Moskau;Vladimir Granat;27;5000000.0;Innenverteidiger;Reservebank
2384327;Russland;Terek Grozny;Andrey Semenov;25;400000.0;Innenverteidiger;Reservebank
2384327;Russland;ZSKA Moskau;Georgi Schennikov;23;4000000.0;Linker Verteidiger;Reservebank
2384327;Russland;Anzhi Makhachkala;Andrey Eshchenko;30;3600000.0;Rechter Verteidiger;Reservebank
2384327;Russland;Dinamo Moskau;Igor Denisov;30;14000000.0;Defensives Mittelfeld;Reservebank
2384327;Russland;ZSKA Moskau;Alan Dzagoev;24;23000000.0;Offensives Mittelfeld;Reservebank
2384327;Russland;Rubin Kazan;Pavel Mogilevets;21;250000.0;Zentrales Mittelfeld;Reservebank
2384327;Russland;Dinamo Moskau;Yuri Zhirkov;30;8000000.0;Linkes Mittelfeld;Reservebank
2384327;Russland;Dinamo Moskau;Aleksey Ionov;25;4000000.0;Rechtsaußen;Reservebank
2384327;Russland;Amkar Perm;Maksim Kanunnikov;22;1800000.0;Linksaußen;Reservebank
