GameId;team;club;name;age;value;position;role
2384324;Vereinigte Staaten;FC Everton;Tim Howard;35;2000000.0;Torwart;Startaufstellung
2384324;Vereinigte Staaten;Sporting Kansas City;Matt Besler;27;400000.0;Innenverteidiger;Startaufstellung
2384324;Vereinigte Staaten;Los Angeles Galaxy;Omar González;25;400000.0;Innenverteidiger;Startaufstellung
2384324;Vereinigte Staaten;Puebla FC;DaMarcus Beasley;32;1000000.0;Linker Verteidiger;Startaufstellung
2384324;Vereinigte Staaten;TSG 1899 Hoffenheim;Fabian Johnson;26;4000000.0;Rechter Verteidiger;Startaufstellung
2384324;Vereinigte Staaten;Besiktas Istanbul;Jermaine Jones;32;3000000.0;Defensives Mittelfeld;Startaufstellung
2384324;Vereinigte Staaten;Real Salt Lake City;Kyle Beckerman;32;750000.0;Defensives Mittelfeld;Startaufstellung
2384324;Vereinigte Staaten;Toronto FC;Michael Bradley;26;6500000.0;Offensives Mittelfeld;Startaufstellung
2384324;Vereinigte Staaten;Houston Dynamo;Brad Davis;32;750000.0;Linksaußen;Startaufstellung
2384324;Vereinigte Staaten;Sporting Kansas City;Graham Zusi;27;500000.0;Rechtsaußen;Startaufstellung
2384324;Vereinigte Staaten;Seattle Sounders FC;Clint Dempsey;31;7000000.0;Mittelstürmer;Startaufstellung
2384324;Deutschland;FC Bayern München;Manuel Neuer;28;35000000.0;Torwart;Startaufstellung
2384324;Deutschland;Borussia Dortmund;Mats Hummels;25;26000000.0;Innenverteidiger;Startaufstellung
2384324;Deutschland;FC Arsenal;Per Mertesacker;29;18000000.0;Innenverteidiger;Startaufstellung
2384324;Deutschland;FC Schalke 04;Benedikt Höwedes;26;16000000.0;Linker Verteidiger;Startaufstellung
2384324;Deutschland;FC Bayern München;Jérôme Boateng;25;28000000.0;Rechter Verteidiger;Startaufstellung
2384324;Deutschland;FC Bayern München;Philipp Lahm;30;30000000.0;Defensives Mittelfeld;Startaufstellung
2384324;Deutschland;FC Bayern München;Toni Kroos;24;40000000.0;Zentrales Mittelfeld;Startaufstellung
2384324;Deutschland;FC Bayern München;Bastian Schweinsteiger;29;40000000.0;Zentrales Mittelfeld;Startaufstellung
2384324;Deutschland;FC Arsenal;Lukas Podolski;29;23000000.0;Linksaußen;Startaufstellung
2384324;Deutschland;FC Arsenal;Mesut Özil;25;50000000.0;Rechtsaußen;Startaufstellung
2384324;Deutschland;FC Bayern München;Thomas Müller;24;45000000.0;Mittelstürmer;Startaufstellung
2384324;Vereinigte Staaten;Aston Villa;Brad Guzan;29;5000000.0;Torwart;Reservebank
2384324;Vereinigte Staaten;Real Salt Lake City;Nick Rimando;35;600000.0;Torwart;Reservebank
2384324;Vereinigte Staaten;Hertha BSC;John Anthony Brooks;21;3000000.0;Innenverteidiger;Reservebank
2384324;Vereinigte Staaten;Seattle Sounders FC;DeAndre Yedlin;20;250000.0;Rechtes Mittelfeld;Reservebank
2384324;Vereinigte Staaten;1.FC Nürnberg;Timothy Chandler;24;2500000.0;Rechter Verteidiger;Reservebank
2384324;Vereinigte Staaten;Stoke City;Geoff Cameron;28;4500000.0;Rechter Verteidiger;Reservebank
2384324;Vereinigte Staaten;Rosenborg BK;Mix Diskerud;23;1400000.0;Zentrales Mittelfeld;Reservebank
2384324;Vereinigte Staaten;FC Bayern München;Julian Green;19;500000.0;Linksaußen;Reservebank
2384324;Vereinigte Staaten;FC Nantes;Alejandro Bedoya;27;2250000.0;Linksaußen;Reservebank
2384324;Vereinigte Staaten;AZ Alkmaar;Aron Jóhannsson;23;4000000.0;Mittelstürmer;Reservebank
2384324;Vereinigte Staaten;AFC Sunderland;Jozy Altidore;24;6000000.0;Mittelstürmer;Reservebank
2384324;Vereinigte Staaten;San Jose Earthquakes;Chris Wondolowski;31;1500000.0;Mittelstürmer;Reservebank
2384324;Deutschland;Borussia Dortmund;Roman Weidenfeller;33;5000000.0;Torwart;Reservebank
2384324;Deutschland;Hannover 96;Ron-Robert Zieler;25;9500000.0;Torwart;Reservebank
2384324;Deutschland;SC Freiburg;Matthias Ginter;20;10000000.0;Innenverteidiger;Reservebank
2384324;Deutschland;Sampdoria Genua;Shkodran Mustafi;22;4000000.0;Innenverteidiger;Reservebank
2384324;Deutschland;Borussia Dortmund;Kevin Großkreutz;25;10000000.0;Linksaußen;Reservebank
2384324;Deutschland;Borussia Dortmund;Erik Durm;22;3000000.0;Linker Verteidiger;Reservebank
2384324;Deutschland;Borussia Mönchengladbach;Christoph Kramer;23;5500000.0;Defensives Mittelfeld;Reservebank
2384324;Deutschland;Real Madrid;Sami Khedira;27;22000000.0;Defensives Mittelfeld;Reservebank
2384324;Deutschland;FC Bayern München;Mario Götze;22;55000000.0;Offensives Mittelfeld;Reservebank
2384324;Deutschland;FC Chelsea;André Schürrle;23;20000000.0;Linksaußen;Reservebank
2384324;Deutschland;FC Schalke 04;Julian Draxler;20;30000000.0;Linksaußen;Reservebank
2384324;Deutschland;Lazio Rom;Miroslav Klose;36;1000000.0;Mittelstürmer;Reservebank
