GameId;team;club;name;age;value;position;role
2384348;Kolumbien;OGC Nizza;David Ospina;25;5000000.0;Torwart;Startaufstellung
2384348;Kolumbien;Atalanta Bergamo;Mario Yepes;38;300000.0;Innenverteidiger;Startaufstellung
2384348;Kolumbien;AC Mailand;Cristián Zapata;27;5000000.0;Innenverteidiger;Startaufstellung
2384348;Kolumbien;West Ham United;Pablo Armero;27;7000000.0;Linker Verteidiger;Startaufstellung
2384348;Kolumbien;SSC Neapel;Camilo Zúñiga;28;13000000.0;Rechter Verteidiger;Startaufstellung
2384348;Kolumbien;FC Elche;Carlos Sánchez;28;2500000.0;Defensives Mittelfeld;Startaufstellung
2384348;Kolumbien;FC Toulouse;Abel Aguilar;29;2750000.0;Zentrales Mittelfeld;Startaufstellung
2384348;Kolumbien;AS Monaco;James Rodríguez;22;35000000.0;Offensives Mittelfeld;Startaufstellung
2384348;Kolumbien;Cagliari Calcio;Víctor Ibarbo;24;7000000.0;Linksaußen;Startaufstellung
2384348;Kolumbien;AC Florenz;Juan Cuadrado;26;24000000.0;Rechtsaußen;Startaufstellung
2384348;Kolumbien;Club Atlético River Plate;Teófilo Gutiérrez;29;1800000.0;Mittelstürmer;Startaufstellung
2384348;Elfenbeinküste;KSC Lokeren;Boubacar Copa;34;1500000.0;Torwart;Startaufstellung
2384348;Elfenbeinküste;Trabzonspor;Sol Bamba;29;2500000.0;Innenverteidiger;Startaufstellung
2384348;Elfenbeinküste;Vereinslos;Didier Zokora;33;3200000.0;Innenverteidiger;Startaufstellung
2384348;Elfenbeinküste;VfB Stuttgart;Arthur Boka;31;2000000.0;Linker Verteidiger;Startaufstellung
2384348;Elfenbeinküste;FC Toulouse;Serge Aurier;21;6500000.0;Rechter Verteidiger;Startaufstellung
2384348;Elfenbeinküste;Newcastle United;Cheik Tioté †;27;10000000.0;Defensives Mittelfeld;Startaufstellung
2384348;Elfenbeinküste;FC Basel 1893;Geoffroy Serey Dié;29;2500000.0;Defensives Mittelfeld;Startaufstellung
2384348;Elfenbeinküste;Manchester City;Yaya Touré;31;30000000.0;Offensives Mittelfeld;Startaufstellung
2384348;Elfenbeinküste;AS Saint-Étienne;Max Gradel;26;3250000.0;Linksaußen;Startaufstellung
2384348;Elfenbeinküste;AS Rom;Gervinho;27;16000000.0;Rechtsaußen;Startaufstellung
2384348;Elfenbeinküste;Swansea City;Wilfried Bony;25;15000000.0;Mittelstürmer;Startaufstellung
2384348;Kolumbien;Independiente Santa Fe;Camilo Vargas;25;900000.0;Torwart;Reservebank
2384348;Kolumbien;Deportivo Cali;Faryd Mondragón;42;250000.0;Torwart;Reservebank
2384348;Kolumbien;Club Atlético River Plate;Éder Balanta;21;3000000.0;Innenverteidiger;Reservebank
2384348;Kolumbien;Club Atlético San Lorenzo de Almagro;Carlos Valdés;29;600000.0;Innenverteidiger;Reservebank
2384348;Kolumbien;PSV Eindhoven;Santiago Arias;22;1500000.0;Rechter Verteidiger;Reservebank
2384348;Kolumbien;Atlético Nacional;Alexander Mejía;25;850000.0;Defensives Mittelfeld;Reservebank
2384348;Kolumbien;Club Atlético River Plate;Carlos Carbonero;23;3000000.0;Rechtsaußen;Reservebank
2384348;Kolumbien;FC Internazionale;Fredy Guarín;27;18000000.0;Zentrales Mittelfeld;Reservebank
2384348;Kolumbien;FC Porto;Juan Quintero;21;9000000.0;Offensives Mittelfeld;Reservebank
2384348;Kolumbien;FC Porto;Jackson Martínez;27;30000000.0;Mittelstürmer;Reservebank
2384348;Kolumbien;FC Sevilla;Carlos Bacca;27;10000000.0;Mittelstürmer;Reservebank
2384348;Kolumbien;Hertha BSC;Adrián Ramos;28;11000000.0;Mittelstürmer;Reservebank
2384348;Elfenbeinküste;Stabaek IF;Mandé Sayouba;21;300000.0;Torwart;Reservebank
2384348;Elfenbeinküste;Caykur Rizespor;Ousmane Viera;27;2200000.0;Innenverteidiger;Reservebank
2384348;Elfenbeinküste;FC Liverpool;Kolo Touré;33;4000000.0;Innenverteidiger;Reservebank
2384348;Elfenbeinküste;Eintracht Frankfurt;Constant Djakpa;27;1000000.0;Linker Verteidiger;Reservebank
2384348;Elfenbeinküste;AS Saint-Étienne;Ismaël Diomandé;21;1500000.0;Defensives Mittelfeld;Reservebank
2384348;Elfenbeinküste;FC Toulouse;Jean-Daniel Akpa Akpro;21;2000000.0;Rechter Verteidiger;Reservebank
2384348;Elfenbeinküste;LOSC Lille;Salomon Kalou;28;8000000.0;Linksaußen;Reservebank
2384348;Elfenbeinküste;FC Basel 1893;Giovanni Sio;25;2500000.0;Rechtsaußen;Reservebank
2384348;Elfenbeinküste;Fortuna Düsseldorf;Mathis Bolly;23;750000.0;Mittelstürmer;Reservebank
2384348;Elfenbeinküste;Galatasaray Istanbul;Didier Drogba;36;3000000.0;Mittelstürmer;Reservebank
2384348;Elfenbeinküste;Hannover 96;Didier Ya Konan;30;4000000.0;Mittelstürmer;Reservebank
