GameId;team;club;name;age;value;position;role
2384322;Nigeria;LOSC Lille;Vincent Enyeama;31;3500000.0;Torwart;Startaufstellung
2384322;Nigeria;Norwich City;Joseph Yobo;33;2000000.0;Innenverteidiger;Startaufstellung
2384322;Nigeria;FC Chelsea;Kenneth Omeruo;20;1000000.0;Innenverteidiger;Startaufstellung
2384322;Nigeria;FC Ashdod;Juwon Oshaniwa;23;300000.0;Linker Verteidiger;Startaufstellung
2384322;Nigeria;Celtic Glasgow;Efe Ambrose;25;3000000.0;Rechter Verteidiger;Startaufstellung
2384322;Nigeria;FC Chelsea;John Mikel Obi;27;20000000.0;Defensives Mittelfeld;Startaufstellung
2384322;Nigeria;Lazio Rom;Ogenyi Onazi;21;6000000.0;Zentrales Mittelfeld;Startaufstellung
2384322;Nigeria;Volyn Lutsk;Michel Babatunde;21;900000.0;Zentrales Mittelfeld;Startaufstellung
2384322;Nigeria;ZSKA Moskau;Ahmed Musa;21;12000000.0;Linksaußen;Startaufstellung
2384322;Nigeria;Stoke City;Peter Odemwingie;32;2500000.0;Rechtsaußen;Startaufstellung
2384322;Nigeria;Fenerbahce Istanbul;Emmanuel Emenike;27;14000000.0;Mittelstürmer;Startaufstellung
2384322;Argentinien;AS Monaco;Sergio Romero;27;2000000.0;Torwart;Startaufstellung
2384322;Argentinien;Benfica Lissabon;Ezequiel Garay;27;20000000.0;Innenverteidiger;Startaufstellung
2384322;Argentinien;SSC Neapel;Federico Fernández;25;4000000.0;Innenverteidiger;Startaufstellung
2384322;Argentinien;Sporting Lissabon;Marcos Rojo;24;5500000.0;Linker Verteidiger;Startaufstellung
2384322;Argentinien;Manchester City;Pablo Zabaleta;29;19000000.0;Rechter Verteidiger;Startaufstellung
2384322;Argentinien;FC Barcelona;Javier Mascherano;30;15000000.0;Defensives Mittelfeld;Startaufstellung
2384322;Argentinien;Club Atlético Boca Juniors;Fernando Gago;28;4000000.0;Zentrales Mittelfeld;Startaufstellung
2384322;Argentinien;Real Madrid;Ángel Di María;26;30000000.0;Zentrales Mittelfeld;Startaufstellung
2384322;Argentinien;Manchester City;Sergio Agüero;26;45000000.0;Linksaußen;Startaufstellung
2384322;Argentinien;FC Barcelona;Lionel Messi;27;120000000.0;Rechtsaußen;Startaufstellung
2384322;Argentinien;SSC Neapel;Gonzalo Higuaín;26;38000000.0;Mittelstürmer;Startaufstellung
2384322;Nigeria;Gombe United FC;Chigozie Agbim;29;250000.0;Torwart;Reservebank
2384322;Nigeria;Hapoel Beer Sheva;Austin Ejide;30;350000.0;Torwart;Reservebank
2384322;Nigeria;Warri Wolves FC;Azubuike Egwuekwe;24;300000.0;Innenverteidiger;Reservebank
2384322;Nigeria;Caykur Rizespor;Godfrey Oboabona;23;900000.0;Innenverteidiger;Reservebank
2384322;Nigeria;Waasland-Beveren;Reuben Gabriel;23;500000.0;Defensives Mittelfeld;Reservebank
2384322;Nigeria;UD Almería;Ramon Azeez;21;2000000.0;Zentrales Mittelfeld;Reservebank
2384322;Nigeria;FC Chelsea;Victor Moses;23;11000000.0;Rechtsaußen;Reservebank
2384322;Nigeria;Enugu Rangers IFC;Ejike Uzoenyi;22;250000.0;Linksaußen;Reservebank
2384322;Nigeria;SC Heerenveen;Uche Nwofor;22;900000.0;Mittelstürmer;Reservebank
2384322;Nigeria;Cercle Brügge;Michael Uchebo;23;700000.0;Rechtsaußen;Reservebank
2384322;Nigeria;Newcastle United;Shola Ameobi;32;1500000.0;Mittelstürmer;Reservebank
2384322;Argentinien;Club Atlético Boca Juniors;Agustín Orion;32;1000000.0;Torwart;Reservebank
2384322;Argentinien;Catania Calcio;Mariano Andújar;30;3800000.0;Torwart;Reservebank
2384322;Argentinien;CF Monterrey;José María Basanta;30;3500000.0;Innenverteidiger;Reservebank
2384322;Argentinien;FC Internazionale;Hugo Campagnaro;33;4200000.0;Innenverteidiger;Reservebank
2384322;Argentinien;Manchester City;Martín Demichelis;33;2500000.0;Innenverteidiger;Reservebank
2384322;Argentinien;Lazio Rom;Lucas Biglia;28;7500000.0;Defensives Mittelfeld;Reservebank
2384322;Argentinien;Benfica Lissabon;Enzo Pérez;28;11000000.0;Zentrales Mittelfeld;Reservebank
2384322;Argentinien;Celta Vigo;Augusto Fernández;28;4000000.0;Rechtsaußen;Reservebank
2384322;Argentinien;FC Internazionale;Ricardo Álvarez;26;16500000.0;Offensives Mittelfeld;Reservebank
2384322;Argentinien;Club Atlético Newell's Old Boys;Maxi Rodríguez;33;2000000.0;Linksaußen;Reservebank
2384322;Argentinien;FC Paris Saint-Germain;Ezequiel Lavezzi;29;21000000.0;Rechtsaußen;Reservebank
2384322;Argentinien;FC Internazionale;Rodrigo Palacio;32;12000000.0;Mittelstürmer;Reservebank
