GameId;team;club;name;age;value;position;role
2384337;Frankreich;Tottenham Hotspur;Hugo Lloris;27;16000000.0;Torwart;Startaufstellung
2384337;Frankreich;FC Liverpool;Mamadou Sakho;24;19000000.0;Innenverteidiger;Startaufstellung
2384337;Frankreich;Real Madrid;Raphaël Varane;21;24000000.0;Innenverteidiger;Startaufstellung
2384337;Frankreich;Manchester United;Patrice Evra;33;7500000.0;Linker Verteidiger;Startaufstellung
2384337;Frankreich;Newcastle United;Mathieu Debuchy;28;10000000.0;Rechter Verteidiger;Startaufstellung
2384337;Frankreich;FC Paris Saint-Germain;Yohan Cabaye;28;22000000.0;Defensives Mittelfeld;Startaufstellung
2384337;Frankreich;FC Paris Saint-Germain;Blaise Matuidi;27;20000000.0;Zentrales Mittelfeld;Startaufstellung
2384337;Frankreich;Juventus Turin;Paul Pogba;21;45000000.0;Zentrales Mittelfeld;Startaufstellung
2384337;Frankreich;Real Sociedad San Sebastián;Antoine Griezmann;23;25000000.0;Linksaußen;Startaufstellung
2384337;Frankreich;Olympique Marseille;Mathieu Valbuena;29;14000000.0;Rechtsaußen;Startaufstellung
2384337;Frankreich;Real Madrid;Karim Benzema;26;34000000.0;Mittelstürmer;Startaufstellung
2384337;Honduras;CD Olimpia;Noel Valladares;37;400000.0;Torwart;Startaufstellung
2384337;Honduras;San Jose Earthquakes;Víctor Bernárdez;32;1000000.0;Innenverteidiger;Startaufstellung
2384337;Honduras;Hull City;Maynor Figueroa;31;4000000.0;Innenverteidiger;Startaufstellung
2384337;Honduras;Celtic Glasgow;Emilio Izaguirre;28;4250000.0;Linker Verteidiger;Startaufstellung
2384337;Honduras;CD Olimpia;Brayan Beckeles;28;250000.0;Rechter Verteidiger;Startaufstellung
2384337;Honduras;Stoke City;Wilson Palacios;29;1500000.0;Defensives Mittelfeld;Startaufstellung
2384337;Honduras;CD Olimpia;Luis Garrido;23;800000.0;Defensives Mittelfeld;Startaufstellung
2384337;Honduras;RSC Anderlecht;Andy Nájar;21;2000000.0;Rechtes Mittelfeld;Startaufstellung
2384337;Honduras;Wigan Athletic;Róger Espinoza;27;1300000.0;Linkes Mittelfeld;Startaufstellung
2384337;Honduras;RCD España San Pedro Sula;Carlo Costly;31;600000.0;Hängende Spitze;Startaufstellung
2384337;Honduras;New England Revolution;Jerry Bengtson;27;350000.0;Mittelstürmer;Startaufstellung
2384337;Frankreich;AS Saint-Étienne;Stéphane Ruffier;27;9000000.0;Torwart;Reservebank
2384337;Frankreich;SC Bastia;Mickaël Landreau;35;1750000.0;Torwart;Reservebank
2384337;Frankreich;FC Porto;Eliaquim Mangala;23;23000000.0;Innenverteidiger;Reservebank
2384337;Frankreich;FC Arsenal;Laurent Koscielny;28;18000000.0;Innenverteidiger;Reservebank
2384337;Frankreich;FC Paris Saint-Germain;Lucas Digne;20;10000000.0;Linker Verteidiger;Reservebank
2384337;Frankreich;FC Arsenal;Bacary Sagna;31;12000000.0;Rechter Verteidiger;Reservebank
2384337;Frankreich;LOSC Lille;Rio Mavuba;30;7500000.0;Defensives Mittelfeld;Reservebank
2384337;Frankreich;FC Southampton;Morgan Schneiderlin;24;8500000.0;Defensives Mittelfeld;Reservebank
2384337;Frankreich;Newcastle United;Moussa Sissoko;24;11000000.0;Zentrales Mittelfeld;Reservebank
2384337;Frankreich;HSC Montpellier;Rémy Cabella;24;10000000.0;Offensives Mittelfeld;Reservebank
2384337;Frankreich;FC Arsenal;Olivier Giroud;27;20000000.0;Mittelstürmer;Reservebank
2384337;Frankreich;Queens Park Rangers;Loïc Rémy;27;12000000.0;Mittelstürmer;Reservebank
2384337;Honduras;;Luis López;20;250000.0;Torwart;Reservebank
2384337;Honduras;CD Olimpia;Donis Escober;33;400000.0;Torwart;Reservebank
2384337;Honduras;CD Motagua Tegucigalpa;Juan Pablo Montes;28;250000.0;Innenverteidiger;Reservebank
2384337;Honduras;Qingdao Jonoon;Osman Chávez;29;450000.0;Innenverteidiger;Reservebank
2384337;Honduras;Wigan Athletic;Juan Carlos García;26;500000.0;Linker Verteidiger;Reservebank
2384337;Honduras;;Edder Delgado;27;250000.0;Defensives Mittelfeld;Reservebank
2384337;Honduras;CD Motagua Tegucigalpa;Jorge Claros;28;400000.0;Defensives Mittelfeld;Reservebank
2384337;Honduras;Houston Dynamo;Boniek García;29;1000000.0;Offensives Mittelfeld;Reservebank
2384337;Honduras;RCD España San Pedro Sula;Mario Martínez;24;250000.0;Offensives Mittelfeld;Reservebank
2384337;Honduras;CD Chivas USA;Marvin Chávez;30;400000.0;Rechtsaußen;Reservebank
2384337;Honduras;LD Alajuelense;Jerry Palacios;32;250000.0;Mittelstürmer;Reservebank
2384337;Honduras;CD Real Sociedad;Rony Martínez;26;250000.0;Mittelstürmer;Reservebank
