GameId;team;club;name;age;value;position;role
2384318;Italien;Juventus Turin;Gianluigi Buffon;36;5000000.0;Torwart;Startaufstellung
2384318;Italien;Juventus Turin;Giorgio Chiellini;29;24000000.0;Innenverteidiger;Startaufstellung
2384318;Italien;Juventus Turin;Andrea Barzagli;33;10000000.0;Innenverteidiger;Startaufstellung
2384318;Italien;Juventus Turin;Leonardo Bonucci;27;20000000.0;Innenverteidiger;Startaufstellung
2384318;Italien;FC Paris Saint-Germain;Marco Verratti;21;20000000.0;Defensives Mittelfeld;Startaufstellung
2384318;Italien;Juventus Turin;Andrea Pirlo;35;7500000.0;Zentrales Mittelfeld;Startaufstellung
2384318;Italien;Juventus Turin;Claudio Marchisio;28;28000000.0;Zentrales Mittelfeld;Startaufstellung
2384318;Italien;FC Turin;Matteo Darmian;24;4500000.0;Rechtes Mittelfeld;Startaufstellung
2384318;Italien;AC Mailand;Mattia De Sciglio;21;12000000.0;Linkes Mittelfeld;Startaufstellung
2384318;Italien;AC Mailand;Mario Balotelli;23;30000000.0;Mittelstürmer;Startaufstellung
2384318;Italien;FC Turin;Ciro Immobile;24;12000000.0;Mittelstürmer;Startaufstellung
2384318;Uruguay;Galatasaray Istanbul;Fernando Muslera;28;16000000.0;Torwart;Startaufstellung
2384318;Uruguay;Atlético Madrid;Diego Godín;28;20000000.0;Innenverteidiger;Startaufstellung
2384318;Uruguay;Atlético Madrid;José Giménez;19;2000000.0;Innenverteidiger;Startaufstellung
2384318;Uruguay;FC São Paulo;Álvaro Pereira;28;6000000.0;Linker Verteidiger;Startaufstellung
2384318;Uruguay;Juventus Turin;Martín Cáceres;27;9000000.0;Rechter Verteidiger;Startaufstellung
2384318;Uruguay;Monarcas Morelia;Egidio Arévalo Ríos;32;1700000.0;Defensives Mittelfeld;Startaufstellung
2384318;Uruguay;Lazio Rom;Álvaro González;29;6000000.0;Rechtes Mittelfeld;Startaufstellung
2384318;Uruguay;Atlético Madrid;Cristian Rodríguez;28;5000000.0;Linkes Mittelfeld;Startaufstellung
2384318;Uruguay;Corinthians Sao Paulo;Nicolás Lodeiro;25;2000000.0;Offensives Mittelfeld;Startaufstellung
2384318;Uruguay;FC Liverpool;Luis Suárez;27;52000000.0;Mittelstürmer;Startaufstellung
2384318;Uruguay;FC Paris Saint-Germain;Edinson Cavani;27;60000000.0;Mittelstürmer;Startaufstellung
2384318;Italien;FC Paris Saint-Germain;Salvatore Sirigu;27;20500000.0;Torwart;Reservebank
2384318;Italien;FC Genua 1893;Mattia Perin;21;10000000.0;Torwart;Reservebank
2384318;Italien;Parma FC;Gabriel Paletta;28;10000000.0;Innenverteidiger;Reservebank
2384318;Italien;AC Mailand;Ignazio Abate;27;11000000.0;Rechter Verteidiger;Reservebank
2384318;Italien;FC Paris Saint-Germain;Thiago Motta;31;8500000.0;Defensives Mittelfeld;Reservebank
2384318;Italien;AC Florenz;Alberto Aquilani;29;9000000.0;Zentrales Mittelfeld;Reservebank
2384318;Italien;Parma FC;Marco Parolo;29;6000000.0;Zentrales Mittelfeld;Reservebank
2384318;Italien;SSC Neapel;Lorenzo Insigne;23;15000000.0;Linksaußen;Reservebank
2384318;Italien;FC Turin;Alessio Cerci;26;18000000.0;Hängende Spitze;Reservebank
2384318;Italien;Lazio Rom;Antonio Candreva;27;16500000.0;Rechtsaußen;Reservebank
2384318;Italien;Parma FC;Antonio Cassano;31;5500000.0;Mittelstürmer;Reservebank
2384318;Uruguay;Club Libertad Asunción;Rodrigo Muñoz;32;525000.0;Torwart;Reservebank
2384318;Uruguay;Vasco da Gama Rio de Janeiro;Martín Silva;31;1000000.0;Torwart;Reservebank
2384318;Uruguay;Club Nacional;Sebastián Coates;23;2500000.0;Innenverteidiger;Reservebank
2384318;Uruguay;FC Porto;Jorge Fucile;29;1500000.0;Rechter Verteidiger;Reservebank
2384318;Uruguay;Benfica Lissabon;Maxi Pereira;30;9000000.0;Rechter Verteidiger;Reservebank
2384318;Uruguay;Parma FC;Walter Gargano;29;5000000.0;Defensives Mittelfeld;Reservebank
2384318;Uruguay;FC Bologna;Diego Pérez;34;900000.0;Defensives Mittelfeld;Reservebank
2384318;Uruguay;FC Southampton;Gastón Ramírez;23;7500000.0;Offensives Mittelfeld;Reservebank
2384318;Uruguay;Cerezo Osaka;Diego Forlán;35;1000000.0;Mittelstürmer;Reservebank
2384318;Uruguay;US Palermo;Abel Hernández;23;5000000.0;Mittelstürmer;Reservebank
2384318;Uruguay;Espanyol Barcelona;Cristhian Stuani;27;3000000.0;Rechtsaußen;Reservebank
