GameId;team;club;name;age;value;position;role
2384316;Japan;Standard Lüttich;Eiji Kawashima;31;3000000.0;Torwart;Startaufstellung
2384316;Japan;FC Southampton;Maya Yoshida;25;4500000.0;Innenverteidiger;Startaufstellung
2384316;Japan;Gamba Osaka;Yasuyuki Konno;31;1000000.0;Innenverteidiger;Startaufstellung
2384316;Japan;FC Internazionale;Yuto Nagatomo;27;14000000.0;Linker Verteidiger;Startaufstellung
2384316;Japan;FC Schalke 04;Atsuto Uchida;26;6000000.0;Rechter Verteidiger;Startaufstellung
2384316;Japan;Sanfrecce Hiroshima;Toshihiro Aoyama;28;1250000.0;Defensives Mittelfeld;Startaufstellung
2384316;Japan;1.FC Nürnberg;Makoto Hasebe;30;2500000.0;Defensives Mittelfeld;Startaufstellung
2384316;Japan;AC Mailand;Keisuke Honda;28;17000000.0;Offensives Mittelfeld;Startaufstellung
2384316;Japan;Manchester United;Shinji Kagawa;25;17000000.0;Linksaußen;Startaufstellung
2384316;Japan;1.FSV Mainz 05;Shinji Okazaki;28;4000000.0;Rechtsaußen;Startaufstellung
2384316;Japan;Kawasaki Frontale;Yoshito Okubo;32;1000000.0;Mittelstürmer;Startaufstellung
2384316;Kolumbien;OGC Nizza;David Ospina;25;5000000.0;Torwart;Startaufstellung
2384316;Kolumbien;Club Atlético River Plate;Éder Balanta;21;3000000.0;Innenverteidiger;Startaufstellung
2384316;Kolumbien;Club Atlético San Lorenzo de Almagro;Carlos Valdés;29;600000.0;Innenverteidiger;Startaufstellung
2384316;Kolumbien;West Ham United;Pablo Armero;27;7000000.0;Linker Verteidiger;Startaufstellung
2384316;Kolumbien;PSV Eindhoven;Santiago Arias;22;1500000.0;Rechter Verteidiger;Startaufstellung
2384316;Kolumbien;Atlético Nacional;Alexander Mejía;25;850000.0;Defensives Mittelfeld;Startaufstellung
2384316;Kolumbien;FC Internazionale;Fredy Guarín;27;18000000.0;Defensives Mittelfeld;Startaufstellung
2384316;Kolumbien;FC Porto;Juan Quintero;21;9000000.0;Linksaußen;Startaufstellung
2384316;Kolumbien;AC Florenz;Juan Cuadrado;26;24000000.0;Rechtsaußen;Startaufstellung
2384316;Kolumbien;Hertha BSC;Adrián Ramos;28;11000000.0;Hängende Spitze;Startaufstellung
2384316;Kolumbien;FC Porto;Jackson Martínez;27;30000000.0;Mittelstürmer;Startaufstellung
2384316;Japan;Urawa Red Diamonds;Shusaku Nishikawa;28;1500000.0;Torwart;Reservebank
2384316;Japan;FC Tokyo;Shuichi Gonda;25;1250000.0;Torwart;Reservebank
2384316;Japan;FC Tokyo;Masato Morishige;27;1500000.0;Innenverteidiger;Reservebank
2384316;Japan;Júbilo Iwata;Masahiko Inoha;28;1250000.0;Innenverteidiger;Reservebank
2384316;Japan;VfB Stuttgart;Gotoku Sakai;23;3500000.0;Rechter Verteidiger;Reservebank
2384316;Japan;Hannover 96;Hiroki Sakai;24;2500000.0;Rechter Verteidiger;Reservebank
2384316;Japan;Cerezo Osaka;Hotaru Yamaguchi;23;1500000.0;Defensives Mittelfeld;Reservebank
2384316;Japan;Gamba Osaka;Yasuhito Endo;34;1250000.0;Zentrales Mittelfeld;Reservebank
2384316;Japan;Yokohama F. Marinos;Manabu Saito;24;1500000.0;Linksaußen;Reservebank
2384316;Japan;1.FC Nürnberg;Hiroshi Kiyotake;24;7000000.0;Linksaußen;Reservebank
2384316;Japan;TSV 1860 München;Yuya Osako;24;1500000.0;Mittelstürmer;Reservebank
2384316;Japan;Cerezo Osaka;Yoichiro Kakitani;24;2500000.0;Rechtsaußen;Reservebank
2384316;Kolumbien;Independiente Santa Fe;Camilo Vargas;25;900000.0;Torwart;Reservebank
2384316;Kolumbien;Deportivo Cali;Faryd Mondragón;43;250000.0;Torwart;Reservebank
2384316;Kolumbien;Atalanta Bergamo;Mario Yepes;38;300000.0;Innenverteidiger;Reservebank
2384316;Kolumbien;AC Mailand;Cristián Zapata;27;5000000.0;Innenverteidiger;Reservebank
2384316;Kolumbien;FC Elche;Carlos Sánchez;28;2500000.0;Defensives Mittelfeld;Reservebank
2384316;Kolumbien;FC Toulouse;Abel Aguilar;29;2750000.0;Zentrales Mittelfeld;Reservebank
2384316;Kolumbien;Club Atlético River Plate;Carlos Carbonero;23;3000000.0;Rechtsaußen;Reservebank
2384316;Kolumbien;SSC Neapel;Camilo Zúñiga;28;13000000.0;Linkes Mittelfeld;Reservebank
2384316;Kolumbien;AS Monaco;James Rodríguez;22;35000000.0;Linksaußen;Reservebank
2384316;Kolumbien;Club Atlético River Plate;Teófilo Gutiérrez;29;1800000.0;Mittelstürmer;Reservebank
2384316;Kolumbien;Cagliari Calcio;Víctor Ibarbo;24;7000000.0;Hängende Spitze;Reservebank
2384316;Kolumbien;FC Sevilla;Carlos Bacca;27;10000000.0;Mittelstürmer;Reservebank
