GameId;team;club;name;age;value;position;role
2384343;Russland;ZSKA Moskau;Igor Akinfeev;28;20000000.0;Torwart;Startaufstellung
2384343;Russland;ZSKA Moskau;Sergey Ignashevich;34;2000000.0;Innenverteidiger;Startaufstellung
2384343;Russland;ZSKA Moskau;Vasili Berezutski;31;6000000.0;Innenverteidiger;Startaufstellung
2384343;Russland;Spartak Moskau;Dmitri Kombarov;27;11000000.0;Linker Verteidiger;Startaufstellung
2384343;Russland;Anzhi Makhachkala;Andrey Eshchenko;30;3600000.0;Rechter Verteidiger;Startaufstellung
2384343;Russland;Spartak Moskau;Denis Glushakov;27;10000000.0;Defensives Mittelfeld;Startaufstellung
2384343;Russland;Zenit St. Petersburg;Oleg Shatov;23;6000000.0;Zentrales Mittelfeld;Startaufstellung
2384343;Russland;Zenit St. Petersburg;Viktor Faizulin;28;9000000.0;Zentrales Mittelfeld;Startaufstellung
2384343;Russland;Dinamo Moskau;Yuri Zhirkov;30;8000000.0;Linksaußen;Startaufstellung
2384343;Russland;Lokomotiv Moskau;Aleksandr Samedov;29;10000000.0;Rechtsaußen;Startaufstellung
2384343;Russland;Dinamo Moskau;Aleksandr Kokorin;23;18000000.0;Mittelstürmer;Startaufstellung
2384343;Südkorea;Suwon Samsung Bluewings FC;Sung-Ryong Jung;29;1500000.0;Torwart;Startaufstellung
2384343;Südkorea;Guangzhou Evergrande;Young-gwon Kim;24;1500000.0;Innenverteidiger;Startaufstellung
2384343;Südkorea;FC Augsburg;Jeong-ho Hong;24;1000000.0;Innenverteidiger;Startaufstellung
2384343;Südkorea;Queens Park Rangers;Suk-Young Yun;24;500000.0;Linker Verteidiger;Startaufstellung
2384343;Südkorea;Ulsan Hyundai;Yong Lee;27;1200000.0;Rechter Verteidiger;Startaufstellung
2384343;Südkorea;Kashiwa Reysol;Guk-yeong Han;24;1000000.0;Defensives Mittelfeld;Startaufstellung
2384343;Südkorea;Swansea City;Sung-Yong Ki;25;6500000.0;Defensives Mittelfeld;Startaufstellung
2384343;Südkorea;1.FSV Mainz 05;Ja-Cheol Koo;25;5000000.0;Offensives Mittelfeld;Startaufstellung
2384343;Südkorea;Bayer 04 Leverkusen;Heung-Min Son;21;14000000.0;Linksaußen;Startaufstellung
2384343;Südkorea;Bolton Wanderers;Chung-Yong Lee;25;4000000.0;Rechtsaußen;Startaufstellung
2384343;Südkorea;FC Arsenal;Ju-yeong Park;28;1000000.0;Mittelstürmer;Startaufstellung
2384343;Russland;Zenit St. Petersburg;Yuri Lodygin;24;5000000.0;Torwart;Reservebank
2384343;Russland;Rubin Kazan;Sergey Ryzhikov;33;4500000.0;Torwart;Reservebank
2384343;Russland;Dinamo Moskau;Vladimir Granat;27;5000000.0;Innenverteidiger;Reservebank
2384343;Russland;Terek Grozny;Andrey Semenov;25;400000.0;Innenverteidiger;Reservebank
2384343;Russland;ZSKA Moskau;Georgi Schennikov;23;4000000.0;Linker Verteidiger;Reservebank
2384343;Russland;Dinamo Moskau;Aleksey Kozlov;27;7000000.0;Rechter Verteidiger;Reservebank
2384343;Russland;Dinamo Moskau;Igor Denisov;30;14000000.0;Defensives Mittelfeld;Reservebank
2384343;Russland;ZSKA Moskau;Alan Dzagoev;24;23000000.0;Zentrales Mittelfeld;Reservebank
2384343;Russland;Rubin Kazan;Pavel Mogilevets;21;250000.0;Zentrales Mittelfeld;Reservebank
2384343;Russland;Dinamo Moskau;Aleksey Ionov;25;4000000.0;Rechtsaußen;Reservebank
2384343;Russland;Amkar Perm;Maksim Kanunnikov;22;1800000.0;Linksaußen;Reservebank
2384343;Russland;Zenit St. Petersburg;Aleksandr Kerzhakov;31;7000000.0;Mittelstürmer;Reservebank
2384343;Südkorea;Busan IPark FC;Beom-yeong Lee;25;525000.0;Torwart;Reservebank
2384343;Südkorea;;Seung-Gyu Kim;23;1000000.0;Torwart;Reservebank
2384343;Südkorea;Al-Hilal Riad;Tae-heui Kwak;32;1500000.0;Innenverteidiger;Reservebank
2384343;Südkorea;Sanfrecce Hiroshima;Seok-ho Hwang;24;600000.0;Innenverteidiger;Reservebank
2384343;Südkorea;1.FSV Mainz 05;Ju-ho Park;27;1500000.0;Linker Verteidiger;Reservebank
2384343;Südkorea;Kashiwa Reysol;Chang-su Kim;28;750000.0;Rechter Verteidiger;Reservebank
2384343;Südkorea;Guangzhou R&F;Jong-Woo Park;25;900000.0;Defensives Mittelfeld;Reservebank
2384343;Südkorea;Beijing Guoan;Dae-seong Ha;29;1200000.0;Zentrales Mittelfeld;Reservebank
2384343;Südkorea;Cardiff City;Bo-Kyung Kim;24;2000000.0;Linksaußen;Reservebank
2384343;Südkorea;Sangju Sangmu FC;Keun-ho Lee;29;1500000.0;Mittelstürmer;Reservebank
2384343;Südkorea;FC Augsburg;Dong-Won Ji;23;2000000.0;Mittelstürmer;Reservebank
2384343;Südkorea;;Shin-uk Kim;26;1750000.0;Mittelstürmer;Reservebank
