GameId;team;club;name;age;value;position;role
2384338;Argentinien;AS Monaco;Sergio Romero;27;2000000.0;Torwart;Startaufstellung
2384338;Argentinien;Benfica Lissabon;Ezequiel Garay;27;20000000.0;Innenverteidiger;Startaufstellung
2384338;Argentinien;FC Internazionale;Hugo Campagnaro;33;4200000.0;Innenverteidiger;Startaufstellung
2384338;Argentinien;SSC Neapel;Federico Fernández;25;4000000.0;Innenverteidiger;Startaufstellung
2384338;Argentinien;Sporting Lissabon;Marcos Rojo;24;5500000.0;Linker Verteidiger;Startaufstellung
2384338;Argentinien;Manchester City;Pablo Zabaleta;29;19000000.0;Rechter Verteidiger;Startaufstellung
2384338;Argentinien;FC Barcelona;Javier Mascherano;30;15000000.0;Zentrales Mittelfeld;Startaufstellung
2384338;Argentinien;Club Atlético Newell's Old Boys;Maxi Rodríguez;33;2000000.0;Rechtes Mittelfeld;Startaufstellung
2384338;Argentinien;Real Madrid;Ángel Di María;26;30000000.0;Linkes Mittelfeld;Startaufstellung
2384338;Argentinien;FC Barcelona;Lionel Messi;26;120000000.0;Hängende Spitze;Startaufstellung
2384338;Argentinien;Manchester City;Sergio Agüero;26;45000000.0;Mittelstürmer;Startaufstellung
2384338;Bosnien-Herzegowina;Stoke City;Asmir Begovic;26;10000000.0;Torwart;Startaufstellung
2384338;Bosnien-Herzegowina;Eintracht Braunschweig;Ermin Bicakcic;24;2500000.0;Innenverteidiger;Startaufstellung
2384338;Bosnien-Herzegowina;Bayer 04 Leverkusen;Emir Spahic;33;2500000.0;Innenverteidiger;Startaufstellung
2384338;Bosnien-Herzegowina;FC Schalke 04;Sead Kolasinac;20;5000000.0;Linker Verteidiger;Startaufstellung
2384338;Bosnien-Herzegowina;SC Freiburg;Mensur Mujdza;30;3000000.0;Rechter Verteidiger;Startaufstellung
2384338;Bosnien-Herzegowina;Ferencváros Budapest;Muhamed Besic;21;1000000.0;Defensives Mittelfeld;Startaufstellung
2384338;Bosnien-Herzegowina;AS Rom;Miralem Pjanic;24;20000000.0;Zentrales Mittelfeld;Startaufstellung
2384338;Bosnien-Herzegowina;Guizhou Renhe;Zvjezdan Misimovic;32;3200000.0;Offensives Mittelfeld;Startaufstellung
2384338;Bosnien-Herzegowina;Lazio Rom;Senad Lulic;28;10000000.0;Linksaußen;Startaufstellung
2384338;Bosnien-Herzegowina;Galatasaray Istanbul;Izet Hajrovic;22;4500000.0;Rechtsaußen;Startaufstellung
2384338;Bosnien-Herzegowina;Manchester City;Edin Dzeko;28;24000000.0;Mittelstürmer;Startaufstellung
2384338;Argentinien;Club Atlético Boca Juniors;Agustín Orion;32;1000000.0;Torwart;Reservebank
2384338;Argentinien;Catania Calcio;Mariano Andújar;30;3800000.0;Torwart;Reservebank
2384338;Argentinien;CF Monterrey;José María Basanta;30;3500000.0;Innenverteidiger;Reservebank
2384338;Argentinien;Manchester City;Martín Demichelis;33;2500000.0;Innenverteidiger;Reservebank
2384338;Argentinien;Club Atlético Boca Juniors;Fernando Gago;28;4000000.0;Zentrales Mittelfeld;Reservebank
2384338;Argentinien;Lazio Rom;Lucas Biglia;28;7500000.0;Defensives Mittelfeld;Reservebank
2384338;Argentinien;Benfica Lissabon;Enzo Pérez;28;11000000.0;Zentrales Mittelfeld;Reservebank
2384338;Argentinien;Celta Vigo;Augusto Fernández;28;4000000.0;Rechtsaußen;Reservebank
2384338;Argentinien;FC Internazionale;Ricardo Álvarez;26;16500000.0;Offensives Mittelfeld;Reservebank
2384338;Argentinien;FC Paris Saint-Germain;Ezequiel Lavezzi;29;21000000.0;Linksaußen;Reservebank
2384338;Argentinien;SSC Neapel;Gonzalo Higuaín;26;38000000.0;Mittelstürmer;Reservebank
2384338;Argentinien;FC Internazionale;Rodrigo Palacio;32;12000000.0;Hängende Spitze;Reservebank
2384338;Bosnien-Herzegowina;FK Borac Banja Luka;Asmir Avdukic;33;400000.0;Torwart;Reservebank
2384338;Bosnien-Herzegowina;VfR Aalen;Jasmin Fejzic;28;700000.0;Torwart;Reservebank
2384338;Bosnien-Herzegowina;Elazigspor;Ognjen Vranjes;24;700000.0;Innenverteidiger;Reservebank
2384338;Bosnien-Herzegowina;Zorya Luhansk;Toni Sunjic;25;1000000.0;Innenverteidiger;Reservebank
2384338;Bosnien-Herzegowina;HNK Hajduk Split;Avdija Vrsajevic;28;2000000.0;Rechter Verteidiger;Reservebank
2384338;Bosnien-Herzegowina;SK Sturm Graz;Anel Hadzic;24;950000.0;Defensives Mittelfeld;Reservebank
2384338;Bosnien-Herzegowina;Gaziantepspor;Haris Medunjanin;29;3000000.0;Linkes Mittelfeld;Reservebank
2384338;Bosnien-Herzegowina;Istanbul Büyüksehir Belediyespor;Edin Visca;24;2500000.0;Rechtsaußen;Reservebank
2384338;Bosnien-Herzegowina;HNK Hajduk Split;Tino-Sven Susic;22;1000000.0;Defensives Mittelfeld;Reservebank
2384338;Bosnien-Herzegowina;Kayseri Erciyesspor;Senijad Ibricic;28;2500000.0;Offensives Mittelfeld;Reservebank
2384338;Bosnien-Herzegowina;VfB Stuttgart;Vedad Ibisevic;29;10000000.0;Mittelstürmer;Reservebank
