GameId;team;club;name;age;value;position;role
2384336;Schweiz;VfL Wolfsburg;Diego Benaglio;30;6000000.0;Torwart;Startaufstellung
2384336;Schweiz;BSC Young Boys;Steve von Bergen;31;1500000.0;Innenverteidiger;Startaufstellung
2384336;Schweiz;Hamburger SV;Johan Djourou;27;3000000.0;Innenverteidiger;Startaufstellung
2384336;Schweiz;VfL Wolfsburg;Ricardo Rodríguez;21;20000000.0;Linker Verteidiger;Startaufstellung
2384336;Schweiz;Juventus Turin;Stephan Lichtsteiner;30;17000000.0;Rechter Verteidiger;Startaufstellung
2384336;Schweiz;SSC Neapel;Valon Behrami;29;16000000.0;Defensives Mittelfeld;Startaufstellung
2384336;Schweiz;SSC Neapel;Gökhan Inler;29;14000000.0;Defensives Mittelfeld;Startaufstellung
2384336;Schweiz;Borussia Mönchengladbach;Granit Xhaka;21;10000000.0;Offensives Mittelfeld;Startaufstellung
2384336;Schweiz;FC Basel 1893;Valentin Stocker;25;7000000.0;Linksaußen;Startaufstellung
2384336;Schweiz;FC Bayern München;Xherdan Shaqiri;22;20000000.0;Rechtsaußen;Startaufstellung
2384336;Schweiz;1.FC Nürnberg;Josip Drmic;21;10000000.0;Mittelstürmer;Startaufstellung
2384336;Ecuador;LDU Quito;Alexander Domínguez;27;1600000.0;Torwart;Startaufstellung
2384336;Ecuador;Flamengo Rio de Janeiro;Frickson Erazo;26;1600000.0;Innenverteidiger;Startaufstellung
2384336;Ecuador;CS Emelec;Jorge Guagua;32;1000000.0;Innenverteidiger;Startaufstellung
2384336;Ecuador;CF Pachuca;Wálter Ayoví;34;1000000.0;Linker Verteidiger;Startaufstellung
2384336;Ecuador;Barcelona SC Guayaquil;Juan Carlos Paredes;26;1400000.0;Rechter Verteidiger;Startaufstellung
2384336;Ecuador;VfB Stuttgart;Carlos Gruezo;19;1500000.0;Defensives Mittelfeld;Startaufstellung
2384336;Ecuador;Dinamo Moskau;Christian Noboa;29;9000000.0;Zentrales Mittelfeld;Startaufstellung
2384336;Ecuador;Monarcas Morelia;Jefferson Montero;24;3300000.0;Linksaußen;Startaufstellung
2384336;Ecuador;Manchester United;Antonio Valencia;28;16000000.0;Rechtsaußen;Startaufstellung
2384336;Ecuador;Al-Jazira (Abu Dhabi);Felipe Caicedo;25;5000000.0;Mittelstürmer;Startaufstellung
2384336;Ecuador;CF Pachuca;Enner Valencia;24;1600000.0;Mittelstürmer;Startaufstellung
2384336;Schweiz;FC Basel 1893;Yann Sommer;25;8000000.0;Torwart;Reservebank
2384336;Schweiz;Grasshopper Club Zürich;Roman Bürki;23;2500000.0;Torwart;Reservebank
2384336;Schweiz;US Sassuolo;Reto Ziegler;28;2500000.0;Linker Verteidiger;Reservebank
2384336;Schweiz;FC Valencia;Philippe Senderos;29;2500000.0;Innenverteidiger;Reservebank
2384336;Schweiz;FC Basel 1893;Fabian Schär;22;8000000.0;Innenverteidiger;Reservebank
2384336;Schweiz;Grasshopper Club Zürich;Michael Lang;23;1500000.0;Rechter Verteidiger;Reservebank
2384336;Schweiz;SC Freiburg;Gelson Fernandes;27;3000000.0;Defensives Mittelfeld;Reservebank
2384336;Schweiz;SSC Neapel;Blerim Dzemaili;28;11000000.0;Zentrales Mittelfeld;Reservebank
2384336;Schweiz;Eintracht Frankfurt;Tranquillo Barnetta;29;3000000.0;Linksaußen;Reservebank
2384336;Schweiz;SC Freiburg;Admir Mehmedi;23;5500000.0;Linksaußen;Reservebank
2384336;Schweiz;Real Sociedad San Sebastián;Haris Seferovic;22;4500000.0;Mittelstürmer;Reservebank
2384336;Schweiz;FC Zürich;Mario Gavranovic;24;1500000.0;Mittelstürmer;Reservebank
2384336;Ecuador;Barcelona SC Guayaquil;Máximo Banguera;28;1400000.0;Torwart;Reservebank
2384336;Ecuador;CD El Nacional;Adrián Bone;25;1000000.0;Torwart;Reservebank
2384336;Ecuador;CS Emelec;Gabriel Achilier;29;1600000.0;Innenverteidiger;Reservebank
2384336;Ecuador;CS Emelec;Óscar Bagüí;31;1000000.0;Linker Verteidiger;Reservebank
2384336;Ecuador;CD Chivas USA;Oswaldo Minda;30;125000.0;Zentrales Mittelfeld;Reservebank
2384336;Ecuador;Vereinslos;Édison Méndez;35;750000.0;Offensives Mittelfeld;Reservebank
2384336;Ecuador;Barcelona SC Guayaquil;Luis Saritama;30;1000000.0;Offensives Mittelfeld;Reservebank
2384336;Ecuador;Club Tijuana;Fidel Martínez;24;2500000.0;Linksaußen;Reservebank
2384336;Ecuador;CF Atlante;Michael Arroyo;27;1800000.0;Offensives Mittelfeld;Reservebank
2384336;Ecuador;Vitesse Arnheim;Renato Ibarra;23;3500000.0;Rechtsaußen;Reservebank
2384336;Ecuador;CD Cruz Azul;Joao Rojas;25;2300000.0;Linksaußen;Reservebank
2384336;Ecuador;Club Tijuana;Jaime Ayoví;26;1600000.0;Mittelstürmer;Reservebank
