GameId;team;club;name;age;value;position;role
2384335;England;Manchester City;Joe Hart;27;16000000.0;Torwart;Startaufstellung
2384335;England;FC Chelsea;Gary Cahill;28;19000000.0;Innenverteidiger;Startaufstellung
2384335;England;FC Everton;Phil Jagielka;31;7500000.0;Innenverteidiger;Startaufstellung
2384335;England;FC Everton;Leighton Baines;29;20000000.0;Linker Verteidiger;Startaufstellung
2384335;England;FC Liverpool;Glen Johnson;29;12000000.0;Rechter Verteidiger;Startaufstellung
2384335;England;FC Liverpool;Steven Gerrard;34;7500000.0;Defensives Mittelfeld;Startaufstellung
2384335;England;FC Liverpool;Jordan Henderson;23;15000000.0;Defensives Mittelfeld;Startaufstellung
2384335;England;Manchester United;Wayne Rooney;28;45000000.0;Linksaußen;Startaufstellung
2384335;England;Manchester United;Danny Welbeck;23;17000000.0;Rechtsaußen;Startaufstellung
2384335;England;FC Liverpool;Raheem Sterling;19;13000000.0;Hängende Spitze;Startaufstellung
2384335;England;FC Liverpool;Daniel Sturridge;24;20000000.0;Mittelstürmer;Startaufstellung
2384335;Italien;FC Paris Saint-Germain;Salvatore Sirigu;27;20500000.0;Torwart;Startaufstellung
2384335;Italien;Juventus Turin;Andrea Barzagli;33;10000000.0;Innenverteidiger;Startaufstellung
2384335;Italien;Parma FC;Gabriel Paletta;28;10000000.0;Innenverteidiger;Startaufstellung
2384335;Italien;Juventus Turin;Giorgio Chiellini;29;24000000.0;Linker Verteidiger;Startaufstellung
2384335;Italien;FC Turin;Matteo Darmian;24;4500000.0;Rechter Verteidiger;Startaufstellung
2384335;Italien;AS Rom;Daniele De Rossi;30;20000000.0;Defensives Mittelfeld;Startaufstellung
2384335;Italien;Juventus Turin;Andrea Pirlo;35;7500000.0;Zentrales Mittelfeld;Startaufstellung
2384335;Italien;FC Paris Saint-Germain;Marco Verratti;21;20000000.0;Zentrales Mittelfeld;Startaufstellung
2384335;Italien;Juventus Turin;Claudio Marchisio;28;28000000.0;Linkes Mittelfeld;Startaufstellung
2384335;Italien;Lazio Rom;Antonio Candreva;27;16500000.0;Rechtsaußen;Startaufstellung
2384335;Italien;AC Mailand;Mario Balotelli;23;30000000.0;Mittelstürmer;Startaufstellung
2384335;England;West Bromwich Albion;Ben Foster;31;4000000.0;Torwart;Reservebank
2384335;England;Celtic Glasgow;Fraser Forster;26;4500000.0;Torwart;Reservebank
2384335;England;Manchester United;Chris Smalling;24;12000000.0;Innenverteidiger;Reservebank
2384335;England;Manchester United;Phil Jones;22;18000000.0;Innenverteidiger;Reservebank
2384335;England;FC Southampton;Luke Shaw;18;13000000.0;Linker Verteidiger;Reservebank
2384335;England;FC Arsenal;Jack Wilshere;22;33000000.0;Zentrales Mittelfeld;Reservebank
2384335;England;FC Chelsea;Frank Lampard;35;2000000.0;Zentrales Mittelfeld;Reservebank
2384335;England;Manchester City;James Milner;28;15000000.0;Rechtes Mittelfeld;Reservebank
2384335;England;FC Southampton;Adam Lallana;26;7500000.0;Linkes Mittelfeld;Reservebank
2384335;England;FC Everton;Ross Barkley;20;11000000.0;Offensives Mittelfeld;Reservebank
2384335;England;FC Southampton;Rickie Lambert;32;5000000.0;Mittelstürmer;Reservebank
2384335;Italien;FC Genua 1893;Mattia Perin;21;10000000.0;Torwart;Reservebank
2384335;Italien;Juventus Turin;Leonardo Bonucci;27;20000000.0;Innenverteidiger;Reservebank
2384335;Italien;AC Mailand;Ignazio Abate;27;11000000.0;Rechter Verteidiger;Reservebank
2384335;Italien;FC Paris Saint-Germain;Thiago Motta;31;8500000.0;Defensives Mittelfeld;Reservebank
2384335;Italien;AC Florenz;Alberto Aquilani;29;9000000.0;Zentrales Mittelfeld;Reservebank
2384335;Italien;Parma FC;Marco Parolo;29;6000000.0;Zentrales Mittelfeld;Reservebank
2384335;Italien;SSC Neapel;Lorenzo Insigne;23;15000000.0;Linksaußen;Reservebank
2384335;Italien;FC Turin;Alessio Cerci;26;18000000.0;Hängende Spitze;Reservebank
2384335;Italien;Parma FC;Antonio Cassano;31;5500000.0;Mittelstürmer;Reservebank
2384335;Italien;FC Turin;Ciro Immobile;24;12000000.0;Mittelstürmer;Reservebank
