GameId;team;club;name;age;value;position;role
2384313;Kroatien;FK Rostov;Stipe Pletikosa;35;1800000.0;Torwart;Startaufstellung
2384313;Kroatien;FC Southampton;Dejan Lovren;24;12000000.0;Innenverteidiger;Startaufstellung
2384313;Kroatien;Lokomotiv Moskau;Vedran Corluka;28;10000000.0;Innenverteidiger;Startaufstellung
2384313;Kroatien;FC Genua 1893;Sime Vrsaljko;22;7500000.0;Linker Verteidiger;Startaufstellung
2384313;Kroatien;Shakhtar Donetsk;Darijo Srna;32;10000000.0;Rechter Verteidiger;Startaufstellung
2384313;Kroatien;Panathinaikos Athen;Danijel Pranjic;32;1000000.0;Defensives Mittelfeld;Startaufstellung
2384313;Kroatien;FC Sevilla;Ivan Rakitic;26;20000000.0;Defensives Mittelfeld;Startaufstellung
2384313;Kroatien;Real Madrid;Luka Modric;28;40000000.0;Offensives Mittelfeld;Startaufstellung
2384313;Kroatien;VfL Wolfsburg;Ivica Olic;34;2500000.0;Linksaußen;Startaufstellung
2384313;Kroatien;VfL Wolfsburg;Ivan Perisic;25;6000000.0;Rechtsaußen;Startaufstellung
2384313;Kroatien;FC Bayern München;Mario Mandzukic;28;30000000.0;Mittelstürmer;Startaufstellung
2384313;Mexiko;AC Ajaccio;Guillermo Ochoa;28;5000000.0;Torwart;Startaufstellung
2384313;Mexiko;Espanyol Barcelona;Héctor Moreno;26;7000000.0;Innenverteidiger;Startaufstellung
2384313;Mexiko;CF América;Maza;32;2500000.0;Innenverteidiger;Startaufstellung
2384313;Mexiko;Club León FC;Rafael Márquez;35;1000000.0;Innenverteidiger;Startaufstellung
2384313;Mexiko;CF América;Miguel Layún;25;2300000.0;Linker Verteidiger;Startaufstellung
2384313;Mexiko;CF América;Paul Aguilar;28;2500000.0;Rechter Verteidiger;Startaufstellung
2384313;Mexiko;Club León FC;José Juan Vázquez;26;1300000.0;Zentrales Mittelfeld;Startaufstellung
2384313;Mexiko;FC Porto;Héctor Herrera;24;7000000.0;Rechtes Mittelfeld;Startaufstellung
2384313;Mexiko;Bayer 04 Leverkusen;Andrés Guardado;27;6000000.0;Linkes Mittelfeld;Startaufstellung
2384313;Mexiko;FC Villarreal;Giovani dos Santos;25;10000000.0;Mittelstürmer;Startaufstellung
2384313;Mexiko;Santos Laguna;Oribe Peralta;30;4600000.0;Mittelstürmer;Startaufstellung
2384313;Kroatien;NK Lokomotiva Zagreb;Oliver Zelenika;21;750000.0;Torwart;Reservebank
2384313;Kroatien;AS Monaco;Danijel Subasic;29;3500000.0;Torwart;Reservebank
2384313;Kroatien;Panathinaikos Athen;Gordon Schildenfeld;29;1200000.0;Innenverteidiger;Reservebank
2384313;Kroatien;Dynamo Kiew;Domagoj Vida;25;5000000.0;Innenverteidiger;Reservebank
2384313;Kroatien;Dynamo Kiew;Ognjen Vukojevic;30;5000000.0;Defensives Mittelfeld;Reservebank
2384313;Kroatien;Hamburger SV;Milan Badelj;25;5000000.0;Defensives Mittelfeld;Reservebank
2384313;Kroatien;GNK Dinamo Zagreb;Marcelo Brozovic;21;3000000.0;Offensives Mittelfeld;Reservebank
2384313;Kroatien;FC Internazionale;Mateo Kovacic;20;15000000.0;Offensives Mittelfeld;Reservebank
2384313;Kroatien;FC Getafe;Sammir;27;3000000.0;Offensives Mittelfeld;Reservebank
2384313;Kroatien;AC Florenz;Ante Rebic;20;4500000.0;Linksaußen;Reservebank
2384313;Kroatien;Shakhtar Donetsk;Eduardo;31;4000000.0;Mittelstürmer;Reservebank
2384313;Kroatien;Hull City;Nikica Jelavic;28;6500000.0;Mittelstürmer;Reservebank
2384313;Mexiko;CD Cruz Azul;Jesús Corona;33;2500000.0;Torwart;Reservebank
2384313;Mexiko;Deportivo Toluca;Alfredo Talavera;31;2000000.0;Torwart;Reservebank
2384313;Mexiko;Tigres UANL;Carlos Salcido;34;1500000.0;Defensives Mittelfeld;Reservebank
2384313;Mexiko;FC Porto;Diego Reyes;21;7000000.0;Innenverteidiger;Reservebank
2384313;Mexiko;Deportivo Toluca;Miguel Ponce;25;1500000.0;Linker Verteidiger;Reservebank
2384313;Mexiko;Club León FC;Carlos Peña;24;2300000.0;Linkes Mittelfeld;Reservebank
2384313;Mexiko;CD Cruz Azul;Marco Fabián;24;5000000.0;Offensives Mittelfeld;Reservebank
2384313;Mexiko;FC Villarreal;Javier Aquino;24;3000000.0;Rechtsaußen;Reservebank
2384313;Mexiko;Deportivo Toluca;Isaac Brizuela;23;1750000.0;Hängende Spitze;Reservebank
2384313;Mexiko;CF América;Raúl Jiménez;23;3000000.0;Mittelstürmer;Reservebank
2384313;Mexiko;Tigres UANL;Alan Pulido;23;1800000.0;Mittelstürmer;Reservebank
2384313;Mexiko;Manchester United;Chicharito;26;16000000.0;Mittelstürmer;Reservebank
