GameId;team;club;name;age;value;position;role
2450330;Japan;Standard Lüttich;Eiji Kawashima;31;2000000.0;Torwart;Startaufstellung
2450330;Japan;FC Tokyo;Masato Morishige;27;1500000.0;Innenverteidiger;Startaufstellung
2450330;Japan;FC Southampton;Maya Yoshida;26;4500000.0;Innenverteidiger;Startaufstellung
2450330;Japan;Inter Mailand;Yuto Nagatomo;28;10000000.0;Linker Verteidiger;Startaufstellung
2450330;Japan;VfB Stuttgart;Gotoku Sakai;23;3000000.0;Rechter Verteidiger;Startaufstellung
2450330;Japan;Eintracht Frankfurt;Makoto Hasebe;31;2500000.0;Defensives Mittelfeld;Startaufstellung
2450330;Japan;Gamba Osaka;Yasuhito Endo;34;1250000.0;Offensives Mittelfeld;Startaufstellung
2450330;Japan;Borussia Dortmund;Shinji Kagawa;25;15000000.0;Offensives Mittelfeld;Startaufstellung
2450330;Japan;Eintracht Frankfurt;Takashi Inui;26;2250000.0;Linksaußen;Startaufstellung
2450330;Japan;AC Mailand;Keisuke Honda;28;14000000.0;Rechtsaußen;Startaufstellung
2450330;Japan;1.FSV Mainz 05;Shinji Okazaki;28;5500000.0;Mittelstürmer;Startaufstellung
2450330;Jordanien;Al-Wehdat;Amer Shafi;32;100000.0;Torwart;Startaufstellung
2450330;Jordanien;Al-Shabab Riad;Tareq Khattab;22;100000.0;Innenverteidiger;Startaufstellung
2450330;Jordanien;Al-Raed;Anas Bani Yassen;26;400000.0;Innenverteidiger;Startaufstellung
2450330;Jordanien;Al-Ittihad Dschidda;Mohamed Al-Dmeiri;27;100000.0;Linker Verteidiger;Startaufstellung
2450330;Jordanien;;Oday Zahran;23;100000.0;Rechter Verteidiger;Startaufstellung
2450330;Jordanien;Al Khor Sports Club;Mohammad Mustafa;25;100000.0;Defensives Mittelfeld;Startaufstellung
2450330;Jordanien;;Ahmed Elias;24;100000.0;Defensives Mittelfeld;Startaufstellung
2450330;Jordanien;Al-Ramtha;Yusuf Al-Rawashdeh;24;100000.0;Defensives Mittelfeld;Startaufstellung
2450330;Jordanien;Al-Salmiya Sports Club;Odai Al Saify;28;400000.0;Offensives Mittelfeld;Startaufstellung
2450330;Jordanien;Al-Riffa SC;Abdallah Deeb;27;200000.0;Mittelstürmer;Startaufstellung
2450330;Jordanien;Al-Khaleej;Hamza Al-Dardour;23;100000.0;Mittelstürmer;Startaufstellung
2450330;Japan;Urawa Red Diamonds;Shusaku Nishikawa;28;1500000.0;Torwart;Reservebank
2450330;Japan;Gamba Osaka;Masaaki Higashiguchi;28;800000.0;Torwart;Reservebank
2450330;Japan;Kashima Antlers;Naomichi Ueda;20;100000.0;Innenverteidiger;Reservebank
2450330;Japan;Sanfrecce Hiroshima;Tsukasa Shiotani;26;1000000.0;Innenverteidiger;Reservebank
2450330;Japan;Kashima Antlers;Gen Shoji;22;250000.0;Innenverteidiger;Reservebank
2450330;Japan;FC Tokyo;Kosuke Ota;27;1000000.0;Linker Verteidiger;Reservebank
2450330;Japan;Gamba Osaka;Yasuyuki Konno;31;1000000.0;Defensives Mittelfeld;Reservebank
2450330;Japan;Kashima Antlers;Gaku Shibasaki;22;1000000.0;Zentrales Mittelfeld;Reservebank
2450330;Japan;Hannover 96;Hiroshi Kiyotake;25;4500000.0;Offensives Mittelfeld;Reservebank
2450330;Japan;Sagan Tosu;Yohei Toyoda;29;1200000.0;Mittelstürmer;Reservebank
2450330;Japan;Kawasaki Frontale;Yu Kobayashi;27;850000.0;Mittelstürmer;Reservebank
2450330;Japan;FC Tokyo;Yoshinori Muto;22;800000.0;Mittelstürmer;Reservebank
2450330;Jordanien;That Ras Club;Moataz Yaseen;32;100000.0;Torwart;Reservebank
2450330;Jordanien;Al-Jazeera (Amman);Ahmed Abdel-Sattar;30;100000.0;Torwart;Reservebank
2450330;Jordanien;;Sameer Raja;20;100000.0;Mittelfeld;Reservebank
2450330;Jordanien;Al-Hidd Club;Mohammad Al-Daoud;22;100000.0;Mittelfeld;Reservebank
2450330;Jordanien;;Munther Abu Amara;22;100000.0;Mittelfeld;Reservebank
2450330;Jordanien;Al-Ramtha;Saeed Murjan;24;100000.0;Defensives Mittelfeld;Reservebank
2450330;Jordanien;;Raja'i Ayed;21;100000.0;Zentrales Mittelfeld;Reservebank
2450330;Jordanien;;Ahmed Sariweh;20;100000.0;Zentrales Mittelfeld;Reservebank
2450330;Jordanien;;Saleh Rateb;20;100000.0;Zentrales Mittelfeld;Reservebank
2450330;Jordanien;Al-Faisaly Harmah;Khalil Baniateyah;23;100000.0;Rechtes Mittelfeld;Reservebank
2450330;Jordanien;Al-Wehdat;Mahmoud Salim Za'tara;24;100000.0;Mittelstürmer;Reservebank
2450330;Jordanien;Al-Arabi Sporting Club;Ahmad Hayel;31;100000.0;Mittelstürmer;Reservebank
