GameId;team;club;name;age;value;position;role
2450328;Iran;FC Penafiel;Alireza Haghighi;26;450000.0;Torwart;Startaufstellung
2450328;Iran;Al Ahli Sports Club;Seyed Jalal Hosseini;32;1800000.0;Innenverteidiger;Startaufstellung
2450328;Iran;Naft Novin Teheran;Morteza Pouraliganji;22;500000.0;Innenverteidiger;Startaufstellung
2450328;Iran;Al-Shahania Sports Club;Mehrdad Pooladi;27;1000000.0;Linker Verteidiger;Startaufstellung
2450328;Iran;Esteghlal FC;Khosro Heydari;31;1000000.0;Rechter Verteidiger;Startaufstellung
2450328;Iran;CA Osasuna;Javad Nekounam;34;600000.0;Defensives Mittelfeld;Startaufstellung
2450328;Iran;Tractor Sazi FC;Andranik Teymourian;31;1900000.0;Defensives Mittelfeld;Startaufstellung
2450328;Iran;NEC Nijmegen;Alireza Jahanbakhsh;21;1250000.0;Rechtes Mittelfeld;Startaufstellung
2450328;Iran;Naft Novin Teheran;Vahid Amiri;26;700000.0;Linkes Mittelfeld;Startaufstellung
2450328;Iran;Foolad FC;Soroosh Rafiei;24;700000.0;Offensives Mittelfeld;Startaufstellung
2450328;Iran;Rubin Kazan;Sardar Azmoun;20;1000000.0;Mittelstürmer;Startaufstellung
2450328;Vereinigte Arabische Emirate;Al-Ahli Dubai Club;Majed Naser;30;100000.0;Torwart;Startaufstellung
2450328;Vereinigte Arabische Emirate;;Mohnad Salem;29;100000.0;Innenverteidiger;Startaufstellung
2450328;Vereinigte Arabische Emirate;Al-Ain FC;Mohamed Ahmad;25;125000.0;Innenverteidiger;Startaufstellung
2450328;Vereinigte Arabische Emirate;Al-Ahli Dubai Club;Walid Abbas;29;125000.0;Linker Verteidiger;Startaufstellung
2450328;Vereinigte Arabische Emirate;Al-Ahli Dubai Club;Abdelaziz Sanqour;25;100000.0;Rechter Verteidiger;Startaufstellung
2450328;Vereinigte Arabische Emirate;;Khamis Esmaeel;25;100000.0;Defensives Mittelfeld;Startaufstellung
2450328;Vereinigte Arabische Emirate;;Amer Abdulrahman;25;200000.0;Zentrales Mittelfeld;Startaufstellung
2450328;Vereinigte Arabische Emirate;;Ali Mabkhout;24;100000.0;Rechtes Mittelfeld;Startaufstellung
2450328;Vereinigte Arabische Emirate;Al-Ahli Dubai Club;Habib Al Fardan;24;100000.0;Linkes Mittelfeld;Startaufstellung
2450328;Vereinigte Arabische Emirate;Al-Ain FC;Omar Abdulrahman;23;1500000.0;Offensives Mittelfeld;Startaufstellung
2450328;Vereinigte Arabische Emirate;;Ahmed Khalil;23;100000.0;Mittelstürmer;Startaufstellung
2450328;Iran;Esteghlal FC;Mohsen Forouzan;26;300000.0;Torwart;Reservebank
2450328;Iran;Naft Novin Teheran;Alireza Beiranvand;22;600000.0;Torwart;Reservebank
2450328;Iran;Esteghlal FC;Amir Hossein Sadeghi;33;600000.0;Innenverteidiger;Reservebank
2450328;Iran;Persepolis FC;Mohammad Reza Khanzadeh;22;400000.0;Innenverteidiger;Reservebank
2450328;Iran;Sepahan FC;Ehsan Hajsafi;24;1500000.0;Linker Verteidiger;Reservebank
2450328;Iran;Sepahan FC;Vouria Ghafoori;27;800000.0;Rechter Verteidiger;Reservebank
2450328;Iran;Rah Ahan Yazdan FC;Ramin Rezaeian;24;400000.0;Rechter Verteidiger;Reservebank
2450328;Iran;Esteghlal FC;Omid Ebrahimi;27;1200000.0;Defensives Mittelfeld;Reservebank
2450328;Iran;Al-Shahania Sports Club;Masoud Shojaei;30;1200000.0;Offensives Mittelfeld;Reservebank
2450328;Iran;Al Arabi Sports Club;Ashkan Dejagah;28;3000000.0;Rechtsaußen;Reservebank
2450328;Iran;Al-Kuwait Sports Club;Reza Ghoochannejhad;27;1000000.0;Mittelstürmer;Reservebank
2450328;Iran;CA Osasuna;Karim Ansarifard;24;800000.0;Mittelstürmer;Reservebank
2450328;Vereinigte Arabische Emirate;Al-Ain FC;Khalid Eisa;25;100000.0;Torwart;Reservebank
2450328;Vereinigte Arabische Emirate;Sharjah Cultural Sports Club;Mohamed Yousef;23;100000.0;Torwart;Reservebank
2450328;Vereinigte Arabische Emirate;Valletta FC;Hamdan Al Kamali;25;150000.0;Innenverteidiger;Reservebank
2450328;Vereinigte Arabische Emirate;Al-Ain FC;Ismail Ahmed;31;100000.0;Innenverteidiger;Reservebank
2450328;Vereinigte Arabische Emirate;Al-Ahli Dubai Club;Abdulaziz Hussain;24;175000.0;Rechter Verteidiger;Reservebank
2450328;Vereinigte Arabische Emirate;;Majed Hassan;22;100000.0;Defensives Mittelfeld;Reservebank
2450328;Vereinigte Arabische Emirate;;Hassan Ibrahim;24;100000.0;Defensives Mittelfeld;Reservebank
2450328;Vereinigte Arabische Emirate;Al-Ain FC;Mohamed Abdulrahman;25;100000.0;Zentrales Mittelfeld;Reservebank
2450328;Vereinigte Arabische Emirate;;Haboosh Saleh;25;100000.0;Rechtes Mittelfeld;Reservebank
2450328;Vereinigte Arabische Emirate;;Ismail Al Hammadi;26;100000.0;Linksaußen;Reservebank
2450328;Vereinigte Arabische Emirate;;Salem Saleh;23;100000.0;Mittelstürmer;Reservebank
2450328;Vereinigte Arabische Emirate;Al-Ain FC;Saeed Al Kathiri;26;100000.0;Mittelstürmer;Reservebank
