GameId;team;club;name;age;value;position;role
2450323;Irak;Erbil SC;Jalal Hassan Hachim;23;100000.0;Torwart;Startaufstellung
2450323;Irak;Ajman Club;Ahmad Ibrahim Khalaf;22;100000.0;Innenverteidiger;Startaufstellung
2450323;Irak;Al-Fateh;Salam Shakir;28;125000.0;Innenverteidiger;Startaufstellung
2450323;Irak;Al-Shorta SC;Dhurgham Ismail;20;100000.0;Linker Verteidiger;Startaufstellung
2450323;Irak;Al-Shorta SC;Waleed Salim;23;100000.0;Rechter Verteidiger;Startaufstellung
2450323;Irak;Erbil SC;Saad Abdul-Amir;22;100000.0;Defensives Mittelfeld;Startaufstellung
2450323;Irak;Swindon Town;Yaser Kasim;23;150000.0;Defensives Mittelfeld;Startaufstellung
2450323;Irak;;Amjed Kalaf;23;100000.0;Rechtes Mittelfeld;Startaufstellung
2450323;Irak;Caykur Rizespor;Ali Adnan;21;3800000.0;Linkes Mittelfeld;Startaufstellung
2450323;Irak;Al-Zawraa;Alaa Abdul-Zahra;27;100000.0;Offensives Mittelfeld;Startaufstellung
2450323;Irak;Vereinslos;Younis Mahmoud;31;1000000.0;Mittelstürmer;Startaufstellung
2450323;Japan;Standard Lüttich;Eiji Kawashima;31;2000000.0;Torwart;Startaufstellung
2450323;Japan;FC Tokyo;Masato Morishige;27;1500000.0;Innenverteidiger;Startaufstellung
2450323;Japan;FC Southampton;Maya Yoshida;26;4500000.0;Innenverteidiger;Startaufstellung
2450323;Japan;Inter Mailand;Yuto Nagatomo;28;10000000.0;Linker Verteidiger;Startaufstellung
2450323;Japan;VfB Stuttgart;Gotoku Sakai;23;3000000.0;Rechter Verteidiger;Startaufstellung
2450323;Japan;Eintracht Frankfurt;Makoto Hasebe;30;2500000.0;Defensives Mittelfeld;Startaufstellung
2450323;Japan;Gamba Osaka;Yasuhito Endo;34;1250000.0;Offensives Mittelfeld;Startaufstellung
2450323;Japan;Borussia Dortmund;Shinji Kagawa;25;15000000.0;Offensives Mittelfeld;Startaufstellung
2450323;Japan;Eintracht Frankfurt;Takashi Inui;26;2250000.0;Linksaußen;Startaufstellung
2450323;Japan;AC Mailand;Keisuke Honda;28;14000000.0;Rechtsaußen;Startaufstellung
2450323;Japan;1.FSV Mainz 05;Shinji Okazaki;28;5500000.0;Mittelstürmer;Startaufstellung
2450323;Irak;;Ali Yaseen;21;100000.0;Torwart;Reservebank
2450323;Irak;Zakho FC;Mohammed Hameed;21;100000.0;Torwart;Reservebank
2450323;Irak;Al-Shorta SC;Ali Bahjat;22;100000.0;Innenverteidiger;Reservebank
2450323;Irak;;Ali Faez Atiyah;20;100000.0;Innenverteidiger;Reservebank
2450323;Irak;;Sameh Saeed;22;100000.0;Rechter Verteidiger;Reservebank
2450323;Irak;;Mahdi Kamil;20;100000.0;Zentrales Mittelfeld;Reservebank
2450323;Irak;Alphense Boys;Osama Rashid;23;100000.0;Zentrales Mittelfeld;Reservebank
2450323;Irak;Al-Dhafra SCC;Humam Tariq;18;100000.0;Linksaußen;Reservebank
2450323;Irak;Columbus Crew SC;Justin Meram;26;175000.0;Linksaußen;Reservebank
2450323;Irak;;Ali Husni Faisal;20;100000.0;Linksaußen;Reservebank
2450323;Irak;Örebro SK;Ahmed Yasin;23;300000.0;Rechtsaußen;Reservebank
2450323;Irak;Al-Shorta SC;Marwan Hussein;22;100000.0;Mittelstürmer;Reservebank
2450323;Japan;Urawa Red Diamonds;Shusaku Nishikawa;28;1500000.0;Torwart;Reservebank
2450323;Japan;Gamba Osaka;Masaaki Higashiguchi;28;800000.0;Torwart;Reservebank
2450323;Japan;Kashima Antlers;Naomichi Ueda;20;100000.0;Innenverteidiger;Reservebank
2450323;Japan;Sanfrecce Hiroshima;Tsukasa Shiotani;26;1000000.0;Innenverteidiger;Reservebank
2450323;Japan;Kashima Antlers;Gen Shoji;22;250000.0;Innenverteidiger;Reservebank
2450323;Japan;FC Tokyo;Kosuke Ota;27;1000000.0;Linker Verteidiger;Reservebank
2450323;Japan;Gamba Osaka;Yasuyuki Konno;31;1000000.0;Defensives Mittelfeld;Reservebank
2450323;Japan;Kashima Antlers;Gaku Shibasaki;22;1000000.0;Zentrales Mittelfeld;Reservebank
2450323;Japan;Hannover 96;Hiroshi Kiyotake;25;4500000.0;Offensives Mittelfeld;Reservebank
2450323;Japan;Sagan Tosu;Yohei Toyoda;29;1200000.0;Mittelstürmer;Reservebank
2450323;Japan;Kawasaki Frontale;Yu Kobayashi;27;850000.0;Mittelstürmer;Reservebank
2450323;Japan;FC Tokyo;Yoshinori Muto;22;800000.0;Mittelstürmer;Reservebank
