GameId;team;club;name;age;value;position;role
2450313;Saudi-Arabien;;Waleed Abdullah;28;400000.0;Torwart;Startaufstellung
2450313;Saudi-Arabien;Al-Ahli Dschidda;Osama Hawsawi;30;800000.0;Innenverteidiger;Startaufstellung
2450313;Saudi-Arabien;Al-Nasr Riad;Omar Hawsawi;29;100000.0;Innenverteidiger;Startaufstellung
2450313;Saudi-Arabien;Al-Hilal Riad;Yasir Al-Shahrani;22;200000.0;Linker Verteidiger;Startaufstellung
2450313;Saudi-Arabien;Al-Ittihad Dschidda;Saeed Al-Mowalad;23;100000.0;Rechter Verteidiger;Startaufstellung
2450313;Saudi-Arabien;Al-Hilal Riad;Saud Khariri;34;150000.0;Defensives Mittelfeld;Startaufstellung
2450313;Saudi-Arabien;Al-Ahli Dschidda;Mustafa Al-Bassas;21;100000.0;Defensives Mittelfeld;Startaufstellung
2450313;Saudi-Arabien;Al-Hilal Riad;Nawaf Al-Abed;24;500000.0;Offensives Mittelfeld;Startaufstellung
2450313;Saudi-Arabien;Al-Hilal Riad;Salman Al-Faraj;25;100000.0;Linksaußen;Startaufstellung
2450313;Saudi-Arabien;Al-Hilal Riad;Salem Al-Dawsari;23;100000.0;Rechtsaußen;Startaufstellung
2450313;Saudi-Arabien;Al-Shabab Riad;Naif Hazazi;26;1000000.0;Mittelstürmer;Startaufstellung
2450313;China;Shandong Luneng Taishan;Dalei Wang;26;500000.0;Torwart;Startaufstellung
2450313;China;Jiangsu Guoxin Sainty;Hang Ren;25;425000.0;Innenverteidiger;Startaufstellung
2450313;China;Guangzhou Evergrande Taobao;Linpeng Zhang;25;1000000.0;Innenverteidiger;Startaufstellung
2450313;China;Guangzhou Evergrande Taobao;Fang Mei;25;400000.0;Linker Verteidiger;Startaufstellung
2450313;China;Beijing Guoan;Chengdong Zhang;25;600000.0;Rechter Verteidiger;Startaufstellung
2450313;China;Guangzhou Evergrande Taobao;Zhi Zheng;34;400000.0;Defensives Mittelfeld;Startaufstellung
2450313;China;Jiangsu Guoxin Sainty;Xi Wu;25;600000.0;Defensives Mittelfeld;Startaufstellung
2450313;China;Shanghai SIPG;Lei Wu;23;1000000.0;Offensives Mittelfeld;Startaufstellung
2450313;China;Jiangsu Guoxin Sainty;Xiang Ji;24;150000.0;Linksaußen;Startaufstellung
2450313;China;Shandong Luneng Taishan;Junmin Hao;27;325000.0;Rechtsaußen;Startaufstellung
2450313;China;Guizhou Renhe;Hai Yu;27;500000.0;Mittelstürmer;Startaufstellung
2450313;Saudi-Arabien;Al-Nasr Riad;Abdullah Al-Enezi;24;350000.0;Torwart;Reservebank
2450313;Saudi-Arabien;;Abdullah Al-Sudairy;22;300000.0;Torwart;Reservebank
2450313;Saudi-Arabien;Al-Ahli Dschidda;Motaz Hawsawi;22;100000.0;Innenverteidiger;Reservebank
2450313;Saudi-Arabien;Al-Shabab Riad;Majed Ahmed Al-Marshadi;30;600000.0;Innenverteidiger;Reservebank
2450313;Saudi-Arabien;Al-Hilal Riad;Abdullah Al-Zoari;27;1000000.0;Linker Verteidiger;Reservebank
2450313;Saudi-Arabien;Al-Shabab Riad;Hassan Muath;28;700000.0;Rechter Verteidiger;Reservebank
2450313;Saudi-Arabien;Al-Ahli Dschidda;Waleed Bakshween;25;125000.0;Defensives Mittelfeld;Reservebank
2450313;Saudi-Arabien;Al-Nasr Riad;Ibrahim Ghaleb;24;600000.0;Zentrales Mittelfeld;Reservebank
2450313;Saudi-Arabien;;Abdullah Al-Jawaey;18;100000.0;Rechtes Mittelfeld;Reservebank
2450313;Saudi-Arabien;Al-Nasr Riad;Yahya Al-Shehri;24;600000.0;Offensives Mittelfeld;Reservebank
2450313;Saudi-Arabien;Al-Nasr Riad;Mohammed Al-Sahlawi;28;800000.0;Mittelstürmer;Reservebank
2450313;China;Guangzhou Evergrande Taobao;Cheng Zeng;28;500000.0;Torwart;Reservebank
2450313;China;Shanghai SIPG;Junling Yan;23;350000.0;Torwart;Reservebank
2450313;China;;Ang Li;21;325000.0;Innenverteidiger;Reservebank
2450313;China;Guangzhou R&F;Zhipeng Jiang;25;450000.0;Linker Verteidiger;Reservebank
2450313;China;Shanghai SIPG;Huikang Cai;25;425000.0;Defensives Mittelfeld;Reservebank
2450313;China;Jiangsu Guoxin Sainty;Jianye Liu;27;325000.0;Defensives Mittelfeld;Reservebank
2450313;China;Guangzhou Evergrande Taobao;Lisheng Liao;21;325000.0;Zentrales Mittelfeld;Reservebank
2450313;China;Shandong Luneng Taishan;Binbin Liu;21;350000.0;Linkes Mittelfeld;Reservebank
2450313;China;Guangzhou Evergrande Taobao;Hanchao Yu;27;600000.0;Linksaußen;Reservebank
2450313;China;Shandong Luneng Taishan;Xu Yang;26;325000.0;Mittelstürmer;Reservebank
2450313;China;Guangzhou Evergrande Taobao;Lin Gao;28;850000.0;Mittelstürmer;Reservebank
