GameId;team;club;name;age;value;position;role
2450310;Australien;FC Brügge;Mathew Ryan;22;4000000.0;Torwart;Startaufstellung
2450310;Australien;Western Sydney Wanderers;Matthew Spiranovic;26;500000.0;Innenverteidiger;Startaufstellung
2450310;Australien;PEC Zwolle;Trent Sainsbury;23;650000.0;Innenverteidiger;Startaufstellung
2450310;Australien;Bursaspor;Aziz Behich;24;500000.0;Linker Verteidiger;Startaufstellung
2450310;Australien;Torpedo Moskau;Ivan Franjic;27;600000.0;Rechter Verteidiger;Startaufstellung
2450310;Australien;Crystal Palace;Mile Jedinak;30;4000000.0;Defensives Mittelfeld;Startaufstellung
2450310;Australien;Swindon Town;Massimo Luongo;22;400000.0;Zentrales Mittelfeld;Startaufstellung
2450310;Australien;Al-Ittihad Dschidda;James Troisi;26;1500000.0;Offensives Mittelfeld;Startaufstellung
2450310;Australien;FC Ingolstadt 04;Mathew Leckie;23;1500000.0;Linksaußen;Startaufstellung
2450310;Australien;Bayer 04 Leverkusen;Robbie Kruse;26;2750000.0;Rechtsaußen;Startaufstellung
2450310;Australien;New York Red Bulls;Tim Cahill;35;1000000.0;Mittelstürmer;Startaufstellung
2450310;Kuwait;;Hameed Youssef;27;100000.0;Torwart;Startaufstellung
2450310;Kuwait;Al-Orubah;Musaed Neda;31;175000.0;Innenverteidiger;Startaufstellung
2450310;Kuwait;Al-Wahda FC Abu Dhabi;Hussain Fadhel Ali;30;100000.0;Innenverteidiger;Startaufstellung
2450310;Kuwait;;Khaled Ali Al Qahtani;29;100000.0;Linker Verteidiger;Startaufstellung
2450310;Kuwait;Al-Kuwait Sports Club;Fahad Al-Hajeri;23;100000.0;Rechter Verteidiger;Startaufstellung
2450310;Kuwait;;Ali Al Maqseed;28;100000.0;Defensives Mittelfeld;Startaufstellung
2450310;Kuwait;;Fahed Al-Ansari;27;100000.0;Zentrales Mittelfeld;Startaufstellung
2450310;Kuwait;;Sultan Al Enezi;22;100000.0;Offensives Mittelfeld;Startaufstellung
2450310;Kuwait;;Faisal Zaid Al Harbi;23;100000.0;Linksaußen;Startaufstellung
2450310;Kuwait;;Saleh Sheikh Al Hendi;32;100000.0;Rechtsaußen;Startaufstellung
2450310;Kuwait;Al-Qadisiya;Aziz;26;200000.0;Mittelstürmer;Startaufstellung
2450310;Australien;Adelaide United;Eugene Galekovic;33;1000000.0;Torwart;Reservebank
2450310;Australien;Borussia Dortmund;Mitchell Langerak;26;1500000.0;Torwart;Reservebank
2450310;Australien;Jeonbuk Hyundai Motors FC;Alex Wilkinson;30;650000.0;Innenverteidiger;Reservebank
2450310;Australien;West Bromwich Albion;Jason Davidson;23;750000.0;Linker Verteidiger;Reservebank
2450310;Australien;Melbourne Victory;Mark Milligan;29;750000.0;Defensives Mittelfeld;Reservebank
2450310;Australien;Aston Villa;Chris Herd;25;1000000.0;Defensives Mittelfeld;Reservebank
2450310;Australien;Sydney FC;Terry Antonis;21;600000.0;Defensives Mittelfeld;Reservebank
2450310;Australien;Brisbane Roar;Matt McKay;31;550000.0;Zentrales Mittelfeld;Reservebank
2450310;Australien;Al Gharafa Sports Club;Mark Bresciano;34;500000.0;Zentrales Mittelfeld;Reservebank
2450310;Australien;FC Utrecht;Tommy Oar;23;2000000.0;Linksaußen;Reservebank
2450310;Australien;Wellington Phoenix;Nathan Burns;26;750000.0;Mittelstürmer;Reservebank
2450310;Australien;Western Sydney Wanderers;Tomi Juric;23;500000.0;Mittelstürmer;Reservebank
2450310;Kuwait;Al-Salmiya Sports Club;Khaled Al Rashidi;27;200000.0;Torwart;Reservebank
2450310;Kuwait;;Sulaiman Abdulghafoor;23;100000.0;Torwart;Reservebank
2450310;Kuwait;;Amer Al Fadel;26;100000.0;Abwehr;Reservebank
2450310;Kuwait;;Talal Al Fadhel;24;100000.0;Mittelfeld;Reservebank
2450310;Kuwait;;Abdullah Salem Al-Buraiki;27;100000.0;Mittelfeld;Reservebank
2450310;Kuwait;;Talal Al Amer;27;100000.0;Mittelfeld;Reservebank
2450310;Kuwait;;Faisal Al Enezi;26;100000.0;Mittelfeld;Reservebank
2450310;Kuwait;;Jarah Al Ataiqi;33;100000.0;Mittelfeld;Reservebank
2450310;Kuwait;;Yousef Naser Al Sulaiman;24;100000.0;Mittelfeld;Reservebank
2450310;Kuwait;;Abdul Rahman Al Shammari;21;100000.0;Sturm;Reservebank
2450310;Kuwait;Al-Qadisiya;Bader Al Mutwa;29;500000.0;Mittelstürmer;Reservebank
