GameId;team;club;name;age;value;position;role
2450311;Südkorea;Cerezo Osaka;Jin-Hyeon Kim;27;1000000.0;Torwart;Startaufstellung
2450311;Südkorea;Shanghai SIPG;Ju-young Kim;26;750000.0;Innenverteidiger;Startaufstellung
2450311;Südkorea;Guangzhou R&F;Hyun-Soo Jang;23;850000.0;Innenverteidiger;Startaufstellung
2450311;Südkorea;TSG 1899 Hoffenheim;Jin-su Kim;22;1250000.0;Linker Verteidiger;Startaufstellung
2450311;Südkorea;Kashiwa Reysol;Chang-su Kim;29;750000.0;Rechter Verteidiger;Startaufstellung
2450311;Südkorea;1.FSV Mainz 05;Ju-ho Park;27;2500000.0;Defensives Mittelfeld;Startaufstellung
2450311;Südkorea;Swansea City;Sung-Yong Ki;25;6000000.0;Defensives Mittelfeld;Startaufstellung
2450311;Südkorea;1.FSV Mainz 05;Ja-Cheol Koo;25;5000000.0;Offensives Mittelfeld;Startaufstellung
2450311;Südkorea;Bayer 04 Leverkusen;Heung-Min Son;22;14000000.0;Linksaußen;Startaufstellung
2450311;Südkorea;Bolton Wanderers;Chung-Yong Lee;26;3000000.0;Rechtsaußen;Startaufstellung
2450311;Südkorea;Qatar Sports Club;Yeong-cheol Jo;25;900000.0;Mittelstürmer;Startaufstellung
2450311;Oman;Wigan Athletic;Ali Al-Habsi;33;1000000.0;Torwart;Startaufstellung
2450311;Oman;;Mohammed Al-Maslami;24;100000.0;Innenverteidiger;Startaufstellung
2450311;Oman;Al-Shabab;Jaber Al Owaisi;25;100000.0;Innenverteidiger;Startaufstellung
2450311;Oman;Al-Oruba Sur;Abdul Al Mukhaini;26;100000.0;Innenverteidiger;Startaufstellung
2450311;Oman;;Ali Al-Busaidi;23;100000.0;Linker Verteidiger;Startaufstellung
2450311;Oman;Fanja SC;Raed Ibrahim Saleh;22;100000.0;Rechter Verteidiger;Startaufstellung
2450311;Oman;;Eid Mohammed Al Farsi;24;100000.0;Defensives Mittelfeld;Startaufstellung
2450311;Oman;Al-Oruba Sur;Ahmed Mubarak Kano;29;100000.0;Offensives Mittelfeld;Startaufstellung
2450311;Oman;;Qasim Hardan;25;100000.0;Linksaußen;Startaufstellung
2450311;Oman;;Mohammed Al-Siyabi;26;100000.0;Rechtsaußen;Startaufstellung
2450311;Oman;Fanja SC;Abdulaziz Al Muqbali;25;100000.0;Mittelstürmer;Startaufstellung
2450311;Südkorea;Suwon Samsung Bluewings FC;Sung-Ryong Jung;30;1500000.0;Torwart;Reservebank
2450311;Südkorea;;Seung-Gyu Kim;24;1000000.0;Torwart;Reservebank
2450311;Südkorea;Guangzhou Evergrande Taobao;Young-gwon Kim;24;1200000.0;Innenverteidiger;Reservebank
2450311;Südkorea;Al-Hilal Riad;Tae-heui Kwak;33;900000.0;Innenverteidiger;Reservebank
2450311;Südkorea;FC Seoul;Du-Ri Cha;34;825000.0;Rechter Verteidiger;Reservebank
2450311;Südkorea;Qatar Sports Club;Guk-yeong Han;24;1000000.0;Defensives Mittelfeld;Reservebank
2450311;Südkorea;Al-Ain FC;Myeong-ju Lee;24;1000000.0;Defensives Mittelfeld;Reservebank
2450311;Südkorea;Sagan Tosu;Min-uh Kim;24;1000000.0;Linkes Mittelfeld;Reservebank
2450311;Südkorea;Al Duhail Sports Club;Tae-Hee Nam;23;1000000.0;Offensives Mittelfeld;Reservebank
2450311;Südkorea;El-Jaish Sports Club;Keun-ho Lee;29;1500000.0;Linksaußen;Reservebank
2450311;Südkorea;Jeonbuk Hyundai Motors FC;Kyo-won Han;24;750000.0;Rechtsaußen;Reservebank
2450311;Südkorea;Sangju Sangmu FC;Jeong-hyeob Lee;23;500000.0;Mittelstürmer;Reservebank
2450311;Oman;Fanja SC;Mazin Masoud Al-Kasbi;21;100000.0;Torwart;Reservebank
2450311;Oman;Al-Khaboora;Mahnad Obaid Al Zaabi;22;100000.0;Torwart;Reservebank
2450311;Oman;;Nasser Ali Saleh Al Shamli;25;100000.0;Abwehr;Reservebank
2450311;Oman;;Ali Salim Al Nahar;22;100000.0;Abwehr;Reservebank
2450311;Oman;;Ahmed Al-Mukhaini;29;100000.0;Abwehr;Reservebank
2450311;Oman;Saham Club;Hassan Mudhafar;34;250000.0;Linker Verteidiger;Reservebank
2450311;Oman;Fanja SC;Saad Suhail;27;100000.0;Rechter Verteidiger;Reservebank
2450311;Oman;Fanja SC;Ali Al Jabri;24;100000.0;Mittelfeld;Reservebank
2450311;Oman;;Yaqoob Abdulkarim Al Qasmi;24;100000.0;Mittelfeld;Reservebank
2450311;Oman;Saham Club;Mohsin Al-Khaldi;26;100000.0;Linkes Mittelfeld;Reservebank
2450311;Oman;Al-Suwaiq;Hassan Rabia Suwaidan Al Housni;30;100000.0;Mittelstürmer;Reservebank
2450311;Oman;Al-Nahda Muscat Club;Said Al Razaiqi;28;100000.0;Mittelstürmer;Reservebank
2450311;Oman;Saham Club;Emad Al-Hosni;30;350000.0;Mittelstürmer;Reservebank
