GameId;team;club;name;age;value;position;role
2450320;China;Shandong Luneng Taishan;Dalei Wang;26;500000.0;Torwart;Startaufstellung
2450320;China;Guangzhou Evergrande Taobao;Fang Mei;25;400000.0;Innenverteidiger;Startaufstellung
2450320;China;Jiangsu Guoxin Sainty;Hang Ren;25;425000.0;Innenverteidiger;Startaufstellung
2450320;China;Guangzhou Evergrande Taobao;Linpeng Zhang;25;1000000.0;Innenverteidiger;Startaufstellung
2450320;China;Guangzhou R&F;Zhipeng Jiang;25;450000.0;Linker Verteidiger;Startaufstellung
2450320;China;Beijing Guoan;Chengdong Zhang;25;600000.0;Rechter Verteidiger;Startaufstellung
2450320;China;Guangzhou Evergrande Taobao;Zhi Zheng;34;400000.0;Defensives Mittelfeld;Startaufstellung
2450320;China;Jiangsu Guoxin Sainty;Xi Wu;25;600000.0;Defensives Mittelfeld;Startaufstellung
2450320;China;Guizhou Renhe;Hai Yu;27;500000.0;Linksaußen;Startaufstellung
2450320;China;Shanghai SIPG;Lei Wu;23;1000000.0;Rechtsaußen;Startaufstellung
2450320;China;Guangzhou Evergrande Taobao;Lin Gao;28;850000.0;Mittelstürmer;Startaufstellung
2450320;Usbekistan;Lokomotiv Tashkent;Ignatiy Nesterov;31;1000000.0;Torwart;Startaufstellung
2450320;Usbekistan;Changchun Yatai;Anzur Ismailov;29;325000.0;Innenverteidiger;Startaufstellung
2450320;Usbekistan;Lokomotiv Tashkent;Shavkatjon Mulladjanov;28;150000.0;Innenverteidiger;Startaufstellung
2450320;Usbekistan;Lokomotiv Moskau;Vitali Denisov;27;5000000.0;Linker Verteidiger;Startaufstellung
2450320;Usbekistan;FC Bunyodkor;Akmal Shorakhmedov;28;350000.0;Rechter Verteidiger;Startaufstellung
2450320;Usbekistan;Al-Shabab Al-Arabi Club;Azizbek Haydarov;29;500000.0;Defensives Mittelfeld;Startaufstellung
2450320;Usbekistan;Lokomotiv Tashkent;Timur Kapadze;33;300000.0;Defensives Mittelfeld;Startaufstellung
2450320;Usbekistan;FK Krasnodar;Odil Akhmedov;27;6000000.0;Offensives Mittelfeld;Startaufstellung
2450320;Usbekistan;Ulsan Hyundai;Server Djeparov;32;1300000.0;Linksaußen;Startaufstellung
2450320;Usbekistan;Vorskla Poltava;Sanjar Tursunov;28;900000.0;Rechtsaußen;Startaufstellung
2450320;Usbekistan;Pakhtakor Tashkent;Igor Sergeev;21;300000.0;Mittelstürmer;Startaufstellung
2450320;China;Guangzhou Evergrande Taobao;Cheng Zeng;28;500000.0;Torwart;Reservebank
2450320;China;Shanghai SIPG;Junling Yan;23;350000.0;Torwart;Reservebank
2450320;China;;Ang Li;21;325000.0;Innenverteidiger;Reservebank
2450320;China;Jiangsu Guoxin Sainty;Xiang Ji;24;150000.0;Rechter Verteidiger;Reservebank
2450320;China;Shanghai SIPG;Huikang Cai;25;425000.0;Defensives Mittelfeld;Reservebank
2450320;China;Jiangsu Guoxin Sainty;Jianye Liu;27;325000.0;Defensives Mittelfeld;Reservebank
2450320;China;Shandong Luneng Taishan;Junmin Hao;27;325000.0;Zentrales Mittelfeld;Reservebank
2450320;China;Guangzhou Evergrande Taobao;Lisheng Liao;21;325000.0;Zentrales Mittelfeld;Reservebank
2450320;China;Shandong Luneng Taishan;Binbin Liu;21;350000.0;Linkes Mittelfeld;Reservebank
2450320;China;Guangzhou Evergrande Taobao;Hanchao Yu;27;600000.0;Linksaußen;Reservebank
2450320;China;Jiangsu Guoxin Sainty;Ke Sun;25;675000.0;Rechtsaußen;Reservebank
2450320;China;Shandong Luneng Taishan;Xu Yang;26;325000.0;Mittelstürmer;Reservebank
2450320;Usbekistan;;Eldorbek Suyunov;23;150000.0;Torwart;Reservebank
2450320;Usbekistan;;Akbar Turaev;25;150000.0;Torwart;Reservebank
2450320;Usbekistan;Pakhtakor Tashkent;Egor Krimets;22;350000.0;Innenverteidiger;Reservebank
2450320;Usbekistan;Lokomotiv Tashkent;Islom Tukhtakhujaev;25;350000.0;Innenverteidiger;Reservebank
2450320;Usbekistan;Nasaf Qarshi;Farrukh Sayfiev;23;150000.0;Linker Verteidiger;Reservebank
2450320;Usbekistan;Nasaf Qarshi;Shukhrat Mukhammadiev;25;150000.0;Rechter Verteidiger;Reservebank
2450320;Usbekistan;Lokomotiv Tashkent;Lutfulla Turaev;26;350000.0;Zentrales Mittelfeld;Reservebank
2450320;Usbekistan;Lokomotiv Tashkent;Jasur Khasanov;25;250000.0;Rechtes Mittelfeld;Reservebank
2450320;Usbekistan;;Jamshid Iskanderov;21;500000.0;Offensives Mittelfeld;Reservebank
2450320;Usbekistan;FC Bunyodkor;Sardor Rashidov;23;150000.0;Rechtsaußen;Reservebank
2450320;Usbekistan;FC Bunyodkor;Vokhid Shodiev;28;150000.0;Hängende Spitze;Reservebank
2450320;Usbekistan;Padideh Khorasan FC;Bakhodir Nasimov;27;350000.0;Mittelstürmer;Reservebank
