GameId;team;club;name;age;value;position;role
2450314;Iran;FC Penafiel;Alireza Haghighi;26;450000.0;Torwart;Startaufstellung
2450314;Iran;Al Ahli Sports Club;Seyed Jalal Hosseini;32;1800000.0;Innenverteidiger;Startaufstellung
2450314;Iran;Naft Novin Teheran;Morteza Pouraliganji;22;500000.0;Innenverteidiger;Startaufstellung
2450314;Iran;Al-Shahania Sports Club;Mehrdad Pooladi;27;1000000.0;Linker Verteidiger;Startaufstellung
2450314;Iran;Sepahan FC;Vouria Ghafoori;27;800000.0;Rechter Verteidiger;Startaufstellung
2450314;Iran;CA Osasuna;Javad Nekounam;34;600000.0;Defensives Mittelfeld;Startaufstellung
2450314;Iran;Tractor Sazi FC;Andranik Teymourian;31;1900000.0;Defensives Mittelfeld;Startaufstellung
2450314;Iran;Al Arabi Sports Club;Ashkan Dejagah;28;3000000.0;Rechtes Mittelfeld;Startaufstellung
2450314;Iran;Sepahan FC;Ehsan Hajsafi;24;1500000.0;Linkes Mittelfeld;Startaufstellung
2450314;Iran;Al-Shahania Sports Club;Masoud Shojaei;30;1200000.0;Offensives Mittelfeld;Startaufstellung
2450314;Iran;Al-Kuwait Sports Club;Reza Ghoochannejhad;27;1000000.0;Mittelstürmer;Startaufstellung
2450314;Bahrain;Al-Muharraq SC;Sayed Mohamed Abbas;29;275000.0;Torwart;Startaufstellung
2450314;Bahrain;Al-Nasr Riad;Mohammed Husain;34;100000.0;Innenverteidiger;Startaufstellung
2450314;Bahrain;Al-Fateh;Husain Ali Baba;32;600000.0;Innenverteidiger;Startaufstellung
2450314;Bahrain;;Waleed Al Hayam;26;100000.0;Linker Verteidiger;Startaufstellung
2450314;Bahrain;Al-Muharraq SC;Abdulla Omar;28;650000.0;Rechter Verteidiger;Startaufstellung
2450314;Bahrain;Al Qadisiyah FC;Ali Abdulwahab Al Safi;27;150000.0;Zentrales Mittelfeld;Startaufstellung
2450314;Bahrain;Al Sailiya Sport Club;Faouzi Aaish;29;500000.0;Zentrales Mittelfeld;Startaufstellung
2450314;Bahrain;Al-Riffa SC;Sayed Shubbar;22;100000.0;Linksaußen;Startaufstellung
2450314;Bahrain;Unbekannt;Sami Mohamed Al Husaini;25;100000.0;Rechtsaußen;Startaufstellung
2450314;Bahrain;Al-Muharraq SC;Ismaeel Abdulatif;28;450000.0;Mittelstürmer;Startaufstellung
2450314;Bahrain;Al-Mesaimeer Sports Club;Jaycee John;29;700000.0;Mittelstürmer;Startaufstellung
2450314;Iran;Esteghlal FC;Mohsen Forouzan;26;300000.0;Torwart;Reservebank
2450314;Iran;Naft Novin Teheran;Alireza Beiranvand;22;600000.0;Torwart;Reservebank
2450314;Iran;Esteghlal FC;Amir Hossein Sadeghi;33;600000.0;Innenverteidiger;Reservebank
2450314;Iran;Persepolis FC;Mohammad Reza Khanzadeh;22;400000.0;Innenverteidiger;Reservebank
2450314;Iran;Esteghlal FC;Khosro Heydari;31;1000000.0;Rechter Verteidiger;Reservebank
2450314;Iran;Rah Ahan Yazdan FC;Ramin Rezaeian;24;400000.0;Rechter Verteidiger;Reservebank
2450314;Iran;Esteghlal FC;Omid Ebrahimi;27;1200000.0;Defensives Mittelfeld;Reservebank
2450314;Iran;Foolad FC;Soroosh Rafiei;24;700000.0;Offensives Mittelfeld;Reservebank
2450314;Iran;Naft Novin Teheran;Vahid Amiri;26;700000.0;Linksaußen;Reservebank
2450314;Iran;NEC Nijmegen;Alireza Jahanbakhsh;21;1250000.0;Rechtsaußen;Reservebank
2450314;Iran;CA Osasuna;Karim Ansarifard;24;800000.0;Mittelstürmer;Reservebank
2450314;Iran;Rubin Kazan;Sardar Azmoun;20;1000000.0;Mittelstürmer;Reservebank
2450314;Bahrain;Al-Riffa SC;Hamad Mohamed Al-Doseri;25;100000.0;Torwart;Reservebank
2450314;Bahrain;;Ashraf Al Sebaie;23;100000.0;Torwart;Reservebank
2450314;Bahrain;;Abdulla Shallal;21;100000.0;Abwehr;Reservebank
2450314;Bahrain;;Abdulla Alhazaa;24;100000.0;Abwehr;Reservebank
2450314;Bahrain;Al-Riffa SC;Rashed Al Hooti;25;150000.0;Linker Verteidiger;Reservebank
2450314;Bahrain;Al-Riffa SC;Sayed Ahmed;23;100000.0;Mittelfeld;Reservebank
2450314;Bahrain;;Mohamed Mahorfi;33;100000.0;Mittelfeld;Reservebank
2450314;Bahrain;;Faisal Abudahoom;26;100000.0;Mittelfeld;Reservebank
2450314;Bahrain;Al-Muharraq SC;Abdulla Yasser;26;150000.0;Offensives Mittelfeld;Reservebank
2450314;Bahrain;Al-Hidd Club;Abdulwahab Al Malood;24;125000.0;Sturm;Reservebank
2450314;Bahrain;;Abdulla Yusuf Helal;21;100000.0;Sturm;Reservebank
2450314;Bahrain;Al-Riffa SC;Mohamed Tayeb;25;100000.0;Hängende Spitze;Reservebank
