GameId;team;club;name;age;value;position;role
2450317;Kuwait;;Hameed Youssef;27;100000.0;Torwart;Startaufstellung
2450317;Kuwait;Al-Orubah;Musaed Neda;31;175000.0;Innenverteidiger;Startaufstellung
2450317;Kuwait;Al-Kuwait Sports Club;Fahad Al-Hajeri;23;100000.0;Innenverteidiger;Startaufstellung
2450317;Kuwait;;Fahad Awadh Shaheen;29;100000.0;Linker Verteidiger;Startaufstellung
2450317;Kuwait;;Amer Al Fadel;26;100000.0;Rechter Verteidiger;Startaufstellung
2450317;Kuwait;;Fahed Al-Ansari;27;100000.0;Defensives Mittelfeld;Startaufstellung
2450317;Kuwait;;Abdullah Salem Al-Buraiki;27;100000.0;Rechtes Mittelfeld;Startaufstellung
2450317;Kuwait;;Sultan Al Enezi;22;100000.0;Linkes Mittelfeld;Startaufstellung
2450317;Kuwait;;Ali Al Maqseed;28;100000.0;Offensives Mittelfeld;Startaufstellung
2450317;Kuwait;Al-Qadisiya;Aziz;26;200000.0;Offensives Mittelfeld;Startaufstellung
2450317;Kuwait;;Yousef Naser Al Sulaiman;24;100000.0;Mittelstürmer;Startaufstellung
2450317;Südkorea;;Seung-Gyu Kim;24;1000000.0;Torwart;Startaufstellung
2450317;Südkorea;Guangzhou Evergrande Taobao;Young-gwon Kim;24;1200000.0;Innenverteidiger;Startaufstellung
2450317;Südkorea;Guangzhou R&F;Hyun-Soo Jang;23;850000.0;Innenverteidiger;Startaufstellung
2450317;Südkorea;TSG 1899 Hoffenheim;Jin-su Kim;22;1250000.0;Linker Verteidiger;Startaufstellung
2450317;Südkorea;FC Seoul;Du-Ri Cha;34;825000.0;Rechter Verteidiger;Startaufstellung
2450317;Südkorea;1.FSV Mainz 05;Ju-ho Park;27;2500000.0;Defensives Mittelfeld;Startaufstellung
2450317;Südkorea;Al-Ain FC;Myeong-ju Lee;24;1000000.0;Offensives Mittelfeld;Startaufstellung
2450317;Südkorea;Swansea City;Sung-Yong Ki;25;6000000.0;Offensives Mittelfeld;Startaufstellung
2450317;Südkorea;Sagan Tosu;Min-uh Kim;24;1000000.0;Linksaußen;Startaufstellung
2450317;Südkorea;Al Duhail Sports Club;Tae-Hee Nam;23;1000000.0;Rechtsaußen;Startaufstellung
2450317;Südkorea;El-Jaish Sports Club;Keun-ho Lee;29;1500000.0;Mittelstürmer;Startaufstellung
2450317;Kuwait;Al-Salmiya Sports Club;Khaled Al Rashidi;27;200000.0;Torwart;Reservebank
2450317;Kuwait;;Sulaiman Abdulghafoor;23;100000.0;Torwart;Reservebank
2450317;Kuwait;;Khaled Ali Al Qahtani;29;100000.0;Abwehr;Reservebank
2450317;Kuwait;Al-Wahda FC Abu Dhabi;Hussain Fadhel Ali;30;100000.0;Innenverteidiger;Reservebank
2450317;Kuwait;;Talal Al Fadhel;24;100000.0;Mittelfeld;Reservebank
2450317;Kuwait;;Talal Al Amer;27;100000.0;Mittelfeld;Reservebank
2450317;Kuwait;;Faisal Al Enezi;26;100000.0;Mittelfeld;Reservebank
2450317;Kuwait;;Faisal Zaid Al Harbi;23;100000.0;Offensives Mittelfeld;Reservebank
2450317;Kuwait;;Khaled Ebrahim Hajiah;22;100000.0;Sturm;Reservebank
2450317;Kuwait;;Abdul Rahman Al Shammari;21;100000.0;Sturm;Reservebank
2450317;Kuwait;;Saleh Sheikh Al Hendi;32;100000.0;Rechtsaußen;Reservebank
2450317;Kuwait;Al-Qadisiya;Bader Al Mutwa;30;500000.0;Mittelstürmer;Reservebank
2450317;Südkorea;Suwon Samsung Bluewings FC;Sung-Ryong Jung;30;1500000.0;Torwart;Reservebank
2450317;Südkorea;Shanghai SIPG;Ju-young Kim;26;750000.0;Innenverteidiger;Reservebank
2450317;Südkorea;Al-Hilal Riad;Tae-heui Kwak;33;900000.0;Innenverteidiger;Reservebank
2450317;Südkorea;Qatar Sports Club;Guk-yeong Han;24;1000000.0;Defensives Mittelfeld;Reservebank
2450317;Südkorea;Qatar Sports Club;Yeong-cheol Jo;25;900000.0;Linksaußen;Reservebank
2450317;Südkorea;Jeonbuk Hyundai Motors FC;Kyo-won Han;24;750000.0;Rechtsaußen;Reservebank
2450317;Südkorea;Sangju Sangmu FC;Jeong-hyeob Lee;23;500000.0;Mittelstürmer;Reservebank
