GameId;team;club;name;age;value;position;role
2462533;Argentinien;Sampdoria Genua;Sergio Romero;27;2000000.0;Torwart;Startaufstellung
2462533;Argentinien;Zenit St. Petersburg;Ezequiel Garay;27;20000000.0;Innenverteidiger;Startaufstellung
2462533;Argentinien;SSC Neapel;Federico Fernández;25;4000000.0;Innenverteidiger;Startaufstellung
2462533;Argentinien;Sporting Lissabon;Marcos Rojo;24;5500000.0;Linker Verteidiger;Startaufstellung
2462533;Argentinien;Manchester City;Pablo Zabaleta;29;19000000.0;Rechter Verteidiger;Startaufstellung
2462533;Argentinien;FC Barcelona;Javier Mascherano;30;15000000.0;Defensives Mittelfeld;Startaufstellung
2462533;Argentinien;Club Atlético Boca Juniors;Fernando Gago;28;4000000.0;Defensives Mittelfeld;Startaufstellung
2462533;Argentinien;FC Barcelona;Lionel Messi;27;120000000.0;Offensives Mittelfeld;Startaufstellung
2462533;Argentinien;Real Madrid;Ángel Di María;26;30000000.0;Linksaußen;Startaufstellung
2462533;Argentinien;FC Paris Saint-Germain;Ezequiel Lavezzi;29;21000000.0;Rechtsaußen;Startaufstellung
2462533;Argentinien;SSC Neapel;Gonzalo Higuaín;26;38000000.0;Mittelstürmer;Startaufstellung
2462533;Schweiz;VfL Wolfsburg;Diego Benaglio;30;6000000.0;Torwart;Startaufstellung
2462533;Schweiz;Hamburger SV;Johan Djourou;27;3000000.0;Innenverteidiger;Startaufstellung
2462533;Schweiz;FC Basel 1893;Fabian Schär;22;8000000.0;Innenverteidiger;Startaufstellung
2462533;Schweiz;VfL Wolfsburg;Ricardo Rodríguez;21;20000000.0;Linker Verteidiger;Startaufstellung
2462533;Schweiz;Juventus Turin;Stephan Lichtsteiner;30;17000000.0;Rechter Verteidiger;Startaufstellung
2462533;Schweiz;SSC Neapel;Valon Behrami;29;16000000.0;Defensives Mittelfeld;Startaufstellung
2462533;Schweiz;SSC Neapel;Gökhan Inler;30;14000000.0;Defensives Mittelfeld;Startaufstellung
2462533;Schweiz;FC Bayern München;Xherdan Shaqiri;22;20000000.0;Offensives Mittelfeld;Startaufstellung
2462533;Schweiz;SC Freiburg;Admir Mehmedi;23;5500000.0;Linksaußen;Startaufstellung
2462533;Schweiz;Borussia Mönchengladbach;Granit Xhaka;21;10000000.0;Rechtsaußen;Startaufstellung
2462533;Schweiz;Bayer 04 Leverkusen;Josip Drmic;21;10000000.0;Mittelstürmer;Startaufstellung
2462533;Argentinien;Club Atlético Boca Juniors;Agustín Orion;33;1000000.0;Torwart;Reservebank
2462533;Argentinien;SSC Neapel;Mariano Andújar;30;3800000.0;Torwart;Reservebank
2462533;Argentinien;CF Monterrey;José María Basanta;30;3500000.0;Linker Verteidiger;Reservebank
2462533;Argentinien;FC Internazionale;Hugo Campagnaro;34;4200000.0;Innenverteidiger;Reservebank
2462533;Argentinien;Manchester City;Martín Demichelis;33;2500000.0;Innenverteidiger;Reservebank
2462533;Argentinien;Lazio Rom;Lucas Biglia;28;7500000.0;Defensives Mittelfeld;Reservebank
2462533;Argentinien;Benfica Lissabon;Enzo Pérez;28;11000000.0;Zentrales Mittelfeld;Reservebank
2462533;Argentinien;Celta Vigo;Augusto Fernández;28;4000000.0;Rechtsaußen;Reservebank
2462533;Argentinien;FC Internazionale;Ricardo Álvarez;26;16500000.0;Offensives Mittelfeld;Reservebank
2462533;Argentinien;Club Atlético Newell's Old Boys;Maxi Rodríguez;33;2000000.0;Linksaußen;Reservebank
2462533;Argentinien;FC Internazionale;Rodrigo Palacio;32;12000000.0;Linksaußen;Reservebank
2462533;Schweiz;Borussia Mönchengladbach;Yann Sommer;25;8000000.0;Torwart;Reservebank
2462533;Schweiz;SC Freiburg;Roman Bürki;23;2500000.0;Torwart;Reservebank
2462533;Schweiz;Juventus Turin;Reto Ziegler;28;2500000.0;Linker Verteidiger;Reservebank
2462533;Schweiz;Aston Villa;Philippe Senderos;29;2500000.0;Innenverteidiger;Reservebank
2462533;Schweiz;Grasshopper Club Zürich;Michael Lang;23;1500000.0;Rechter Verteidiger;Reservebank
2462533;Schweiz;SC Freiburg;Gelson Fernandes;27;3000000.0;Rechtsaußen;Reservebank
2462533;Schweiz;SSC Neapel;Blerim Dzemaili;28;11000000.0;Linksaußen;Reservebank
2462533;Schweiz;Hertha BSC;Valentin Stocker;25;7000000.0;Linksaußen;Reservebank
2462533;Schweiz;FC Schalke 04;Tranquillo Barnetta;29;3000000.0;Linksaußen;Reservebank
2462533;Schweiz;Real Sociedad San Sebastián;Haris Seferovic;22;4500000.0;Mittelstürmer;Reservebank
