GameId;team;club;name;age;value;position;role
2462531;Costa Rica;UD Levante;Keylor Navas;27;4000000.0;Torwart;Startaufstellung
2462531;Costa Rica;Columbus Crew SC;Giancarlo González;26;600000.0;Innenverteidiger;Startaufstellung
2462531;Costa Rica;Deportivo Saprissa;Michael Umaña;31;275000.0;Innenverteidiger;Startaufstellung
2462531;Costa Rica;FC Brügge;Óscar Duarte;25;2500000.0;Innenverteidiger;Startaufstellung
2462531;Costa Rica;1.FSV Mainz 05;Júnior Díaz;30;1000000.0;Linker Verteidiger;Startaufstellung
2462531;Costa Rica;Rosenborg BK;Cristian Gamboa;24;1000000.0;Rechter Verteidiger;Startaufstellung
2462531;Costa Rica;Deportivo Saprissa;Yeltsin Tejeda;22;550000.0;Defensives Mittelfeld;Startaufstellung
2462531;Costa Rica;AIK Solna;Celso Borges;26;1600000.0;Defensives Mittelfeld;Startaufstellung
2462531;Costa Rica;FC Kopenhagen;Christian Bolaños;30;1000000.0;Linksaußen;Startaufstellung
2462531;Costa Rica;PSV Eindhoven;Bryan Ruíz;28;8000000.0;Rechtsaußen;Startaufstellung
2462531;Costa Rica;Olympiakos Piräus;Joel Campbell;22;5000000.0;Mittelstürmer;Startaufstellung
2462531;Griechenland;FC Granada;Orestis Karnezis;28;1500000.0;Torwart;Startaufstellung
2462531;Griechenland;Olympiakos Piräus;Konstantinos Manolas;23;6000000.0;Innenverteidiger;Startaufstellung
2462531;Griechenland;Borussia Dortmund;Sokratis;26;15000000.0;Innenverteidiger;Startaufstellung
2462531;Griechenland;Olympiakos Piräus;José Holebas;30;2500000.0;Linker Verteidiger;Startaufstellung
2462531;Griechenland;AS Rom;Vasilios Torosidis;29;5500000.0;Rechter Verteidiger;Startaufstellung
2462531;Griechenland;Olympiakos Piräus;Giannis Maniatis;27;4000000.0;Defensives Mittelfeld;Startaufstellung
2462531;Griechenland;Olympiakos Piräus;Andreas Samaris;25;2500000.0;Defensives Mittelfeld;Startaufstellung
2462531;Griechenland;FC Fulham;Georgios Karagounis;37;1000000.0;Offensives Mittelfeld;Startaufstellung
2462531;Griechenland;FC Bologna;Lazaros Christodoulopoulos;27;1600000.0;Linksaußen;Startaufstellung
2462531;Griechenland;PAOK Thessaloniki;Dimitrios Salpingidis;32;2500000.0;Rechtsaußen;Startaufstellung
2462531;Griechenland;Celtic Glasgow;Georgios Samaras;29;3000000.0;Mittelstürmer;Startaufstellung
2462531;Costa Rica;CS Herediano;Daniel Cambronero;28;250000.0;Torwart;Reservebank
2462531;Costa Rica;LD Alajuelense;Patrick Pemberton;32;500000.0;Torwart;Reservebank
2462531;Costa Rica;New York Red Bulls;Roy Miller;29;500000.0;Linker Verteidiger;Reservebank
2462531;Costa Rica;LD Alajuelense;Jhonny Acosta;30;250000.0;Innenverteidiger;Reservebank
2462531;Costa Rica;Columbus Crew SC;Waylon Francis;23;350000.0;Linker Verteidiger;Reservebank
2462531;Costa Rica;CS Herediano;Dave Myrie;26;300000.0;Rechter Verteidiger;Reservebank
2462531;Costa Rica;CS Herediano;Esteban Granados;28;350000.0;Defensives Mittelfeld;Reservebank
2462531;Costa Rica;CS Herediano;José Miguel Cubero;27;350000.0;Defensives Mittelfeld;Reservebank
2462531;Costa Rica;Aalesunds FK;Michael Barrantes;30;1300000.0;Offensives Mittelfeld;Reservebank
2462531;Costa Rica;Valerenga Oslo;Diego Calvo;23;400000.0;Linksaußen;Reservebank
2462531;Costa Rica;Kuban Krasnodar;Marcos Ureña;24;400000.0;Mittelstürmer;Reservebank
2462531;Costa Rica;CS Cartaginés;Randall Brenes;30;250000.0;Linksaußen;Reservebank
2462531;Griechenland;PAOK Thessaloniki;Panagiotis Glykos;27;1000000.0;Torwart;Reservebank
2462531;Griechenland;Panathinaikos Athen;Stefanos Kapino;20;2000000.0;Torwart;Reservebank
2462531;Griechenland;PAOK Thessaloniki;Georgios Tzavellas;26;2000000.0;Linker Verteidiger;Reservebank
2462531;Griechenland;Hellas Verona;Vangelis Moras;32;700000.0;Innenverteidiger;Reservebank
2462531;Griechenland;UD Levante;Loukas Vyntra;33;1000000.0;Innenverteidiger;Reservebank
2462531;Griechenland;FC Turin;Panagiotis Tachtsidis;23;3000000.0;Defensives Mittelfeld;Reservebank
2462531;Griechenland;Kayserispor;Alexandros Tziolis;29;2000000.0;Defensives Mittelfeld;Reservebank
2462531;Griechenland;PAOK Thessaloniki;Konstantinos Katsouranis;35;1500000.0;Defensives Mittelfeld;Reservebank
2462531;Griechenland;FC Bologna;Panagiotis Kone;26;5000000.0;Rechtsaußen;Reservebank
2462531;Griechenland;FC Genua 1893;Giannis Fetfatzidis;23;3800000.0;Rechtsaußen;Reservebank
2462531;Griechenland;FC Fulham;Konstantinos Mitroglou;26;12000000.0;Mittelstürmer;Reservebank
2462531;Griechenland;Konyaspor;Theofanis Gekas;34;800000.0;Mittelstürmer;Reservebank
