GameId;team;club;name;age;value;position;role
2462650;Brasilien;Toronto FC;Júlio César;34;2500000.0;Torwart;Startaufstellung
2462650;Brasilien;FC Paris Saint-Germain;David Luiz;27;26000000.0;Innenverteidiger;Startaufstellung
2462650;Brasilien;FC Paris Saint-Germain;Thiago Silva;29;40000000.0;Innenverteidiger;Startaufstellung
2462650;Brasilien;Real Madrid;Marcelo;26;25000000.0;Linker Verteidiger;Startaufstellung
2462650;Brasilien;AS Rom;Maicon;32;4000000.0;Rechter Verteidiger;Startaufstellung
2462650;Brasilien;Manchester City;Fernandinho;29;32000000.0;Defensives Mittelfeld;Startaufstellung
2462650;Brasilien;Tottenham Hotspur;Paulinho;25;16000000.0;Defensives Mittelfeld;Startaufstellung
2462650;Brasilien;Zenit St. Petersburg;Hulk;27;48000000.0;Linksaußen;Startaufstellung
2462650;Brasilien;FC Chelsea;Oscar;22;34000000.0;Rechtsaußen;Startaufstellung
2462650;Brasilien;FC Barcelona;Neymar;22;60000000.0;Hängende Spitze;Startaufstellung
2462650;Brasilien;Fluminense Rio de Janeiro;Fred;30;7000000.0;Mittelstürmer;Startaufstellung
2462650;Kolumbien;OGC Nizza;David Ospina;25;5000000.0;Torwart;Startaufstellung
2462650;Kolumbien;Vereinslos;Mario Yepes;38;300000.0;Innenverteidiger;Startaufstellung
2462650;Kolumbien;AC Mailand;Cristián Zapata;27;5000000.0;Innenverteidiger;Startaufstellung
2462650;Kolumbien;Udinese Calcio;Pablo Armero;27;7000000.0;Linker Verteidiger;Startaufstellung
2462650;Kolumbien;SSC Neapel;Camilo Zúñiga;28;11000000.0;Rechter Verteidiger;Startaufstellung
2462650;Kolumbien;FC Elche;Carlos Sánchez;28;2500000.0;Defensives Mittelfeld;Startaufstellung
2462650;Kolumbien;FC Internazionale;Fredy Guarín;28;18000000.0;Zentrales Mittelfeld;Startaufstellung
2462650;Kolumbien;AS Monaco;James Rodríguez;22;35000000.0;Offensives Mittelfeld;Startaufstellung
2462650;Kolumbien;Cagliari Calcio;Víctor Ibarbo;24;7000000.0;Linksaußen;Startaufstellung
2462650;Kolumbien;AC Florenz;Juan Cuadrado;26;24000000.0;Rechtsaußen;Startaufstellung
2462650;Kolumbien;Club Atlético River Plate;Teófilo Gutiérrez;29;1800000.0;Mittelstürmer;Startaufstellung
2462650;Brasilien;Botafogo Rio de Janeiro;Jefferson;31;3000000.0;Torwart;Reservebank
2462650;Brasilien;Clube Atlético Mineiro;Victor;31;4000000.0;Torwart;Reservebank
2462650;Brasilien;FC Bayern München;Dante;30;17000000.0;Innenverteidiger;Reservebank
2462650;Brasilien;SSC Neapel;Henrique;27;3500000.0;Innenverteidiger;Reservebank
2462650;Brasilien;FC Paris Saint-Germain;Maxwell;32;3500000.0;Linker Verteidiger;Reservebank
2462650;Brasilien;FC Barcelona;Dani Alves;31;18000000.0;Rechter Verteidiger;Reservebank
2462650;Brasilien;FC Chelsea;Ramires;27;30000000.0;Rechtes Mittelfeld;Reservebank
2462650;Brasilien;FC Internazionale;Hernanes;29;22000000.0;Zentrales Mittelfeld;Reservebank
2462650;Brasilien;Shakhtar Donetsk;Bernard;21;20000000.0;Linksaußen;Reservebank
2462650;Brasilien;FC Chelsea;Willian;25;30000000.0;Linksaußen;Reservebank
2462650;Brasilien;Clube Atlético Mineiro;Jô;27;4000000.0;Mittelstürmer;Reservebank
2462650;Kolumbien;Independiente Santa Fe;Camilo Vargas;25;900000.0;Torwart;Reservebank
2462650;Kolumbien;Deportivo Cali;Faryd Mondragón;43;250000.0;Torwart;Reservebank
2462650;Kolumbien;Club Atlético River Plate;Éder Balanta;21;3000000.0;Innenverteidiger;Reservebank
2462650;Kolumbien;Club Atlético San Lorenzo de Almagro;Carlos Valdés;29;600000.0;Innenverteidiger;Reservebank
2462650;Kolumbien;PSV Eindhoven;Santiago Arias;22;1500000.0;Rechter Verteidiger;Reservebank
2462650;Kolumbien;FC Toulouse;Abel Aguilar;29;2750000.0;Zentrales Mittelfeld;Reservebank
2462650;Kolumbien;Atlético Nacional;Alexander Mejía;25;850000.0;Defensives Mittelfeld;Reservebank
2462650;Kolumbien;Estudiantes de La Plata;Carlos Carbonero;23;3000000.0;Rechtsaußen;Reservebank
2462650;Kolumbien;FC Porto;Juan Quintero;21;9000000.0;Offensives Mittelfeld;Reservebank
2462650;Kolumbien;FC Porto;Jackson Martínez;27;30000000.0;Mittelstürmer;Reservebank
2462650;Kolumbien;FC Sevilla;Carlos Bacca;27;10000000.0;Mittelstürmer;Reservebank
2462650;Kolumbien;Borussia Dortmund;Adrián Ramos;28;11000000.0;Linksaußen;Reservebank
