GameId;team;club;name;age;value;position;role
2462532;Frankreich;Tottenham Hotspur;Hugo Lloris;27;16000000.0;Torwart;Startaufstellung
2462532;Frankreich;Real Madrid;Raphaël Varane;21;24000000.0;Innenverteidiger;Startaufstellung
2462532;Frankreich;FC Arsenal;Laurent Koscielny;28;18000000.0;Innenverteidiger;Startaufstellung
2462532;Frankreich;Manchester United;Patrice Evra;33;7500000.0;Linker Verteidiger;Startaufstellung
2462532;Frankreich;Newcastle United;Mathieu Debuchy;28;10000000.0;Rechter Verteidiger;Startaufstellung
2462532;Frankreich;FC Paris Saint-Germain;Yohan Cabaye;28;22000000.0;Defensives Mittelfeld;Startaufstellung
2462532;Frankreich;FC Paris Saint-Germain;Blaise Matuidi;27;20000000.0;Zentrales Mittelfeld;Startaufstellung
2462532;Frankreich;Juventus Turin;Paul Pogba;21;45000000.0;Zentrales Mittelfeld;Startaufstellung
2462532;Frankreich;Real Madrid;Karim Benzema;26;34000000.0;Linksaußen;Startaufstellung
2462532;Frankreich;Olympique Marseille;Mathieu Valbuena;29;14000000.0;Rechtsaußen;Startaufstellung
2462532;Frankreich;FC Arsenal;Olivier Giroud;27;20000000.0;Mittelstürmer;Startaufstellung
2462532;Nigeria;LOSC Lille;Vincent Enyeama;31;3500000.0;Torwart;Startaufstellung
2462532;Nigeria;Fenerbahce Istanbul;Joseph Yobo;33;2000000.0;Innenverteidiger;Startaufstellung
2462532;Nigeria;FC Chelsea;Kenneth Omeruo;20;1000000.0;Innenverteidiger;Startaufstellung
2462532;Nigeria;FC Ashdod;Juwon Oshaniwa;23;300000.0;Linker Verteidiger;Startaufstellung
2462532;Nigeria;Celtic Glasgow;Efe Ambrose;25;3000000.0;Rechter Verteidiger;Startaufstellung
2462532;Nigeria;FC Chelsea;John Mikel Obi;27;20000000.0;Defensives Mittelfeld;Startaufstellung
2462532;Nigeria;Lazio Rom;Ogenyi Onazi;21;6000000.0;Defensives Mittelfeld;Startaufstellung
2462532;Nigeria;ZSKA Moskau;Ahmed Musa;21;12000000.0;Linksaußen;Startaufstellung
2462532;Nigeria;Stoke City;Peter Odemwingie;32;2500000.0;Rechtsaußen;Startaufstellung
2462532;Nigeria;FC Chelsea;Victor Moses;23;11000000.0;Hängende Spitze;Startaufstellung
2462532;Nigeria;Fenerbahce Istanbul;Emmanuel Emenike;27;14000000.0;Mittelstürmer;Startaufstellung
2462532;Frankreich;AS Saint-Étienne;Stéphane Ruffier;27;9000000.0;Torwart;Reservebank
2462532;Frankreich;SC Bastia;Mickaël Landreau;35;1750000.0;Torwart;Reservebank
2462532;Frankreich;FC Liverpool;Mamadou Sakho;24;19000000.0;Innenverteidiger;Reservebank
2462532;Frankreich;FC Porto;Eliaquim Mangala;23;23000000.0;Innenverteidiger;Reservebank
2462532;Frankreich;FC Paris Saint-Germain;Lucas Digne;20;10000000.0;Linker Verteidiger;Reservebank
2462532;Frankreich;FC Arsenal;Bacary Sagna;31;12000000.0;Rechter Verteidiger;Reservebank
2462532;Frankreich;LOSC Lille;Rio Mavuba;30;7500000.0;Defensives Mittelfeld;Reservebank
2462532;Frankreich;FC Southampton;Morgan Schneiderlin;24;8500000.0;Defensives Mittelfeld;Reservebank
2462532;Frankreich;Newcastle United;Moussa Sissoko;24;11000000.0;Zentrales Mittelfeld;Reservebank
2462532;Frankreich;HSC Montpellier;Rémy Cabella;24;10000000.0;Offensives Mittelfeld;Reservebank
2462532;Frankreich;Real Sociedad San Sebastián;Antoine Griezmann;23;25000000.0;Linksaußen;Reservebank
2462532;Frankreich;Queens Park Rangers;Loïc Rémy;27;12000000.0;Mittelstürmer;Reservebank
2462532;Nigeria;Gombe United FC;Chigozie Agbim;29;250000.0;Torwart;Reservebank
2462532;Nigeria;Hapoel Beer Sheva;Austin Ejide;30;350000.0;Torwart;Reservebank
2462532;Nigeria;Warri Wolves FC;Azubuike Egwuekwe;24;300000.0;Innenverteidiger;Reservebank
2462532;Nigeria;Caykur Rizespor;Godfrey Oboabona;23;900000.0;Innenverteidiger;Reservebank
2462532;Nigeria;Waasland-Beveren;Reuben Gabriel;23;500000.0;Defensives Mittelfeld;Reservebank
2462532;Nigeria;UD Almería;Ramon Azeez;21;2000000.0;Zentrales Mittelfeld;Reservebank
2462532;Nigeria;Mamelodi Sundowns FC;Ejike Uzoenyi;22;250000.0;Linksaußen;Reservebank
2462532;Nigeria;VVV-Venlo;Uche Nwofor;22;900000.0;Mittelstürmer;Reservebank
2462532;Nigeria;Cercle Brügge;Michael Uchebo;23;700000.0;Rechtsaußen;Reservebank
2462532;Nigeria;Newcastle United;Shola Ameobi;32;1500000.0;Mittelstürmer;Reservebank
