GameId;team;club;name;age;value;position;role
2463354;Argentinien;Sampdoria Genua;Sergio Romero;27;2000000.0;Torwart;Startaufstellung
2463354;Argentinien;Zenit St. Petersburg;Ezequiel Garay;27;20000000.0;Innenverteidiger;Startaufstellung
2463354;Argentinien;Manchester City;Martín Demichelis;33;2500000.0;Innenverteidiger;Startaufstellung
2463354;Argentinien;CF Monterrey;José María Basanta;30;3500000.0;Linker Verteidiger;Startaufstellung
2463354;Argentinien;Manchester City;Pablo Zabaleta;29;19000000.0;Rechter Verteidiger;Startaufstellung
2463354;Argentinien;FC Barcelona;Javier Mascherano;30;15000000.0;Defensives Mittelfeld;Startaufstellung
2463354;Argentinien;Lazio Rom;Lucas Biglia;28;7500000.0;Defensives Mittelfeld;Startaufstellung
2463354;Argentinien;FC Paris Saint-Germain;Ezequiel Lavezzi;29;21000000.0;Linksaußen;Startaufstellung
2463354;Argentinien;Real Madrid;Ángel Di María;26;30000000.0;Rechtsaußen;Startaufstellung
2463354;Argentinien;FC Barcelona;Lionel Messi;27;120000000.0;Hängende Spitze;Startaufstellung
2463354;Argentinien;SSC Neapel;Gonzalo Higuaín;26;38000000.0;Mittelstürmer;Startaufstellung
2463354;Belgien;FC Chelsea;Thibaut Courtois;22;25000000.0;Torwart;Startaufstellung
2463354;Belgien;Manchester City;Vincent Kompany;28;35000000.0;Innenverteidiger;Startaufstellung
2463354;Belgien;FC Bayern München;Daniel Van Buyten;36;1000000.0;Innenverteidiger;Startaufstellung
2463354;Belgien;Tottenham Hotspur;Jan Vertonghen;27;22000000.0;Linker Verteidiger;Startaufstellung
2463354;Belgien;Atlético Madrid;Toby Alderweireld;25;10000000.0;Rechter Verteidiger;Startaufstellung
2463354;Belgien;Zenit St. Petersburg;Axel Witsel;25;35000000.0;Defensives Mittelfeld;Startaufstellung
2463354;Belgien;Manchester United;Marouane Fellaini;26;23000000.0;Defensives Mittelfeld;Startaufstellung
2463354;Belgien;VfL Wolfsburg;Kevin De Bruyne;23;17000000.0;Offensives Mittelfeld;Startaufstellung
2463354;Belgien;FC Chelsea;Eden Hazard;23;45000000.0;Linksaußen;Startaufstellung
2463354;Belgien;FC Everton;Kevin Mirallas;26;12000000.0;Rechtsaußen;Startaufstellung
2463354;Belgien;LOSC Lille;Divock Origi;19;1000000.0;Mittelstürmer;Startaufstellung
2463354;Argentinien;Club Atlético Boca Juniors;Agustín Orion;33;1000000.0;Torwart;Reservebank
2463354;Argentinien;SSC Neapel;Mariano Andújar;30;3800000.0;Torwart;Reservebank
2463354;Argentinien;FC Internazionale;Hugo Campagnaro;34;4200000.0;Innenverteidiger;Reservebank
2463354;Argentinien;SSC Neapel;Federico Fernández;25;4000000.0;Innenverteidiger;Reservebank
2463354;Argentinien;Club Atlético Boca Juniors;Fernando Gago;28;4000000.0;Zentrales Mittelfeld;Reservebank
2463354;Argentinien;Benfica Lissabon;Enzo Pérez;28;11000000.0;Rechtsaußen;Reservebank
2463354;Argentinien;Celta Vigo;Augusto Fernández;28;4000000.0;Rechtsaußen;Reservebank
2463354;Argentinien;FC Internazionale;Ricardo Álvarez;26;16500000.0;Offensives Mittelfeld;Reservebank
2463354;Argentinien;Club Atlético Newell's Old Boys;Maxi Rodríguez;33;2000000.0;Linksaußen;Reservebank
2463354;Argentinien;FC Internazionale;Rodrigo Palacio;32;12000000.0;Linksaußen;Reservebank
2463354;Argentinien;Manchester City;Sergio Agüero;26;45000000.0;Mittelstürmer;Reservebank
2463354;Belgien;SV Zulte Waregem;Sammy Bossut;28;2000000.0;Torwart;Reservebank
2463354;Belgien;FC Liverpool;Simon Mignolet;26;12000000.0;Torwart;Reservebank
2463354;Belgien;FC Arsenal;Thomas Vermaelen;28;14000000.0;Innenverteidiger;Reservebank
2463354;Belgien;Zenit St. Petersburg;Nicolas Lombaerts;29;9000000.0;Innenverteidiger;Reservebank
2463354;Belgien;Standard Lüttich;Laurent Ciman;28;3200000.0;Innenverteidiger;Reservebank
2463354;Belgien;Tottenham Hotspur;Mousa Dembélé;26;20000000.0;Zentrales Mittelfeld;Reservebank
2463354;Belgien;FC Porto;Steven Defour;26;7000000.0;Defensives Mittelfeld;Reservebank
2463354;Belgien;Tottenham Hotspur;Nacer Chadli;24;8000000.0;Offensives Mittelfeld;Reservebank
2463354;Belgien;Manchester United;Adnan Januzaj;19;6000000.0;Linksaußen;Reservebank
2463354;Belgien;FC Chelsea;Romelu Lukaku;21;25000000.0;Mittelstürmer;Reservebank
2463354;Belgien;SSC Neapel;Dries Mertens;27;14000000.0;Linksaußen;Reservebank
