GameId;team;club;name;age;value;position;role
2464545;Brasilien;Toronto FC;Júlio César;34;2500000.0;Torwart;Startaufstellung
2464545;Brasilien;FC Bayern München;Dante;30;17000000.0;Innenverteidiger;Startaufstellung
2464545;Brasilien;FC Paris Saint-Germain;David Luiz;27;26000000.0;Innenverteidiger;Startaufstellung
2464545;Brasilien;Real Madrid;Marcelo;26;25000000.0;Linker Verteidiger;Startaufstellung
2464545;Brasilien;AS Rom;Maicon;32;4000000.0;Rechter Verteidiger;Startaufstellung
2464545;Brasilien;VfL Wolfsburg;Luiz Gustavo;26;18000000.0;Defensives Mittelfeld;Startaufstellung
2464545;Brasilien;Manchester City;Fernandinho;29;32000000.0;Defensives Mittelfeld;Startaufstellung
2464545;Brasilien;FC Chelsea;Oscar;22;34000000.0;Offensives Mittelfeld;Startaufstellung
2464545;Brasilien;Zenit St. Petersburg;Hulk;27;48000000.0;Linksaußen;Startaufstellung
2464545;Brasilien;Shakhtar Donetsk;Bernard;21;20000000.0;Rechtsaußen;Startaufstellung
2464545;Brasilien;Fluminense Rio de Janeiro;Fred;30;7000000.0;Mittelstürmer;Startaufstellung
2464545;Deutschland;FC Bayern München;Manuel Neuer;28;35000000.0;Torwart;Startaufstellung
2464545;Deutschland;Borussia Dortmund;Mats Hummels;25;26000000.0;Innenverteidiger;Startaufstellung
2464545;Deutschland;FC Bayern München;Jérôme Boateng;25;28000000.0;Innenverteidiger;Startaufstellung
2464545;Deutschland;FC Schalke 04;Benedikt Höwedes;26;16000000.0;Linker Verteidiger;Startaufstellung
2464545;Deutschland;FC Bayern München;Philipp Lahm;30;30000000.0;Rechter Verteidiger;Startaufstellung
2464545;Deutschland;FC Bayern München;Bastian Schweinsteiger;29;40000000.0;Defensives Mittelfeld;Startaufstellung
2464545;Deutschland;FC Bayern München;Toni Kroos;24;40000000.0;Zentrales Mittelfeld;Startaufstellung
2464545;Deutschland;Real Madrid;Sami Khedira;27;22000000.0;Zentrales Mittelfeld;Startaufstellung
2464545;Deutschland;FC Arsenal;Mesut Özil;25;50000000.0;Linksaußen;Startaufstellung
2464545;Deutschland;FC Bayern München;Thomas Müller;24;45000000.0;Rechtsaußen;Startaufstellung
2464545;Deutschland;Lazio Rom;Miroslav Klose;36;1000000.0;Mittelstürmer;Startaufstellung
2464545;Brasilien;Botafogo Rio de Janeiro;Jefferson;31;3000000.0;Torwart;Reservebank
2464545;Brasilien;Clube Atlético Mineiro;Victor;31;4000000.0;Torwart;Reservebank
2464545;Brasilien;SSC Neapel;Henrique;27;3500000.0;Innenverteidiger;Reservebank
2464545;Brasilien;FC Paris Saint-Germain;Maxwell;32;3500000.0;Linker Verteidiger;Reservebank
2464545;Brasilien;FC Barcelona;Dani Alves;31;18000000.0;Rechter Verteidiger;Reservebank
2464545;Brasilien;Tottenham Hotspur;Paulinho;25;16000000.0;Zentrales Mittelfeld;Reservebank
2464545;Brasilien;FC Chelsea;Ramires;27;30000000.0;Rechtes Mittelfeld;Reservebank
2464545;Brasilien;FC Internazionale;Hernanes;29;22000000.0;Zentrales Mittelfeld;Reservebank
2464545;Brasilien;FC Chelsea;Willian;25;30000000.0;Offensives Mittelfeld;Reservebank
2464545;Brasilien;Clube Atlético Mineiro;Jô;27;4000000.0;Mittelstürmer;Reservebank
2464545;Deutschland;Borussia Dortmund;Roman Weidenfeller;33;5000000.0;Torwart;Reservebank
2464545;Deutschland;Hannover 96;Ron-Robert Zieler;25;9500000.0;Torwart;Reservebank
2464545;Deutschland;SC Freiburg;Matthias Ginter;20;10000000.0;Innenverteidiger;Reservebank
2464545;Deutschland;FC Arsenal;Per Mertesacker;29;18000000.0;Innenverteidiger;Reservebank
2464545;Deutschland;Borussia Dortmund;Kevin Großkreutz;25;10000000.0;Linksaußen;Reservebank
2464545;Deutschland;Borussia Dortmund;Erik Durm;22;3000000.0;Linker Verteidiger;Reservebank
2464545;Deutschland;Borussia Mönchengladbach;Christoph Kramer;23;5500000.0;Defensives Mittelfeld;Reservebank
2464545;Deutschland;FC Bayern München;Mario Götze;22;55000000.0;Offensives Mittelfeld;Reservebank
2464545;Deutschland;FC Chelsea;André Schürrle;23;20000000.0;Rechtsaußen;Reservebank
2464545;Deutschland;FC Schalke 04;Julian Draxler;20;30000000.0;Linksaußen;Reservebank
2464545;Deutschland;FC Arsenal;Lukas Podolski;29;23000000.0;Linksaußen;Reservebank
