GameId;team;club;name;age;value;position;role
2466308;Deutschland;FC Bayern München;Manuel Neuer;28;40000000.0;Torwart;Startaufstellung
2466308;Deutschland;Borussia Dortmund;Mats Hummels;25;35000000.0;Innenverteidiger;Startaufstellung
2466308;Deutschland;FC Bayern München;Jérôme Boateng;25;28000000.0;Innenverteidiger;Startaufstellung
2466308;Deutschland;FC Schalke 04;Benedikt Höwedes;26;16000000.0;Linker Verteidiger;Startaufstellung
2466308;Deutschland;FC Bayern München;Philipp Lahm;30;30000000.0;Rechter Verteidiger;Startaufstellung
2466308;Deutschland;FC Bayern München;Bastian Schweinsteiger;29;35000000.0;Defensives Mittelfeld;Startaufstellung
2466308;Deutschland;Borussia Mönchengladbach;Christoph Kramer;23;8000000.0;Zentrales Mittelfeld;Startaufstellung
2466308;Deutschland;FC Bayern München;Toni Kroos;24;42000000.0;Zentrales Mittelfeld;Startaufstellung
2466308;Deutschland;FC Arsenal;Mesut Özil;25;50000000.0;Linksaußen;Startaufstellung
2466308;Deutschland;FC Bayern München;Thomas Müller;24;50000000.0;Rechtsaußen;Startaufstellung
2466308;Deutschland;Lazio Rom;Miroslav Klose;36;1000000.0;Mittelstürmer;Startaufstellung
2466308;Argentinien;Sampdoria Genua;Sergio Romero;27;2000000.0;Torwart;Startaufstellung
2466308;Argentinien;Zenit St. Petersburg;Ezequiel Garay;27;20000000.0;Innenverteidiger;Startaufstellung
2466308;Argentinien;Manchester City;Martín Demichelis;33;2500000.0;Innenverteidiger;Startaufstellung
2466308;Argentinien;Sporting Lissabon;Marcos Rojo;24;5500000.0;Linker Verteidiger;Startaufstellung
2466308;Argentinien;Manchester City;Pablo Zabaleta;29;19000000.0;Rechter Verteidiger;Startaufstellung
2466308;Argentinien;FC Barcelona;Javier Mascherano;30;15000000.0;Defensives Mittelfeld;Startaufstellung
2466308;Argentinien;Lazio Rom;Lucas Biglia;28;7500000.0;Defensives Mittelfeld;Startaufstellung
2466308;Argentinien;Benfica Lissabon;Enzo Pérez;28;11000000.0;Linksaußen;Startaufstellung
2466308;Argentinien;FC Paris Saint-Germain;Ezequiel Lavezzi;29;21000000.0;Rechtsaußen;Startaufstellung
2466308;Argentinien;FC Barcelona;Lionel Messi;27;120000000.0;Hängende Spitze;Startaufstellung
2466308;Argentinien;SSC Neapel;Gonzalo Higuaín;26;40000000.0;Mittelstürmer;Startaufstellung
2466308;Deutschland;Borussia Dortmund;Roman Weidenfeller;33;5000000.0;Torwart;Reservebank
2466308;Deutschland;Hannover 96;Ron-Robert Zieler;25;9500000.0;Torwart;Reservebank
2466308;Deutschland;SC Freiburg;Matthias Ginter;20;12000000.0;Innenverteidiger;Reservebank
2466308;Deutschland;FC Arsenal;Per Mertesacker;29;18000000.0;Innenverteidiger;Reservebank
2466308;Deutschland;Borussia Dortmund;Kevin Großkreutz;25;10000000.0;Linksaußen;Reservebank
2466308;Deutschland;Borussia Dortmund;Erik Durm;22;6000000.0;Linker Verteidiger;Reservebank
2466308;Deutschland;Real Madrid;Sami Khedira;27;22000000.0;Defensives Mittelfeld;Reservebank
2466308;Deutschland;FC Bayern München;Mario Götze;22;48000000.0;Rechtsaußen;Reservebank
2466308;Deutschland;FC Chelsea;André Schürrle;23;20000000.0;Linksaußen;Reservebank
2466308;Deutschland;FC Schalke 04;Julian Draxler;20;30000000.0;Linksaußen;Reservebank
2466308;Deutschland;FC Arsenal;Lukas Podolski;29;23000000.0;Mittelstürmer;Reservebank
2466308;Argentinien;Club Atlético Boca Juniors;Agustín Orion;33;1000000.0;Torwart;Reservebank
2466308;Argentinien;SSC Neapel;Mariano Andújar;30;3000000.0;Torwart;Reservebank
2466308;Argentinien;CF Monterrey;José María Basanta;30;3500000.0;Linker Verteidiger;Reservebank
2466308;Argentinien;FC Internazionale;Hugo Campagnaro;34;2500000.0;Innenverteidiger;Reservebank
2466308;Argentinien;SSC Neapel;Federico Fernández;25;5000000.0;Innenverteidiger;Reservebank
2466308;Argentinien;Club Atlético Boca Juniors;Fernando Gago;28;4000000.0;Defensives Mittelfeld;Reservebank
2466308;Argentinien;Celta Vigo;Augusto Fernández;28;4000000.0;Rechtsaußen;Reservebank
2466308;Argentinien;FC Internazionale;Ricardo Álvarez;26;14500000.0;Offensives Mittelfeld;Reservebank
2466308;Argentinien;Club Atlético Newell's Old Boys;Maxi Rodríguez;33;2000000.0;Linksaußen;Reservebank
2466308;Argentinien;Real Madrid;Ángel Di María;26;30000000.0;Rechtsaußen;Reservebank
2466308;Argentinien;FC Internazionale;Rodrigo Palacio;32;10000000.0;Hängende Spitze;Reservebank
2466308;Argentinien;Manchester City;Sergio Agüero;26;45000000.0;Mittelstürmer;Reservebank
