GameId;team;club;name;age;value;position;role
2492811;Irak;Erbil SC;Jalal Hassan Hachim;23;100000.0;Torwart;Startaufstellung
2492811;Irak;Ajman Club;Ahmad Ibrahim Khalaf;22;100000.0;Innenverteidiger;Startaufstellung
2492811;Irak;Al-Fateh;Salam Shakir;28;125000.0;Innenverteidiger;Startaufstellung
2492811;Irak;Al-Shorta SC;Dhurgham Ismail;20;100000.0;Linker Verteidiger;Startaufstellung
2492811;Irak;Al-Shorta SC;Waleed Salim;23;100000.0;Rechter Verteidiger;Startaufstellung
2492811;Irak;Erbil SC;Saad Abdul-Amir;23;100000.0;Defensives Mittelfeld;Startaufstellung
2492811;Irak;Swindon Town;Yaser Kasim;23;150000.0;Defensives Mittelfeld;Startaufstellung
2492811;Irak;Columbus Crew SC;Justin Meram;26;175000.0;Offensives Mittelfeld;Startaufstellung
2492811;Irak;Örebro SK;Ahmed Yasin;23;300000.0;Linksaußen;Startaufstellung
2492811;Irak;;Amjed Kalaf;23;100000.0;Rechtsaußen;Startaufstellung
2492811;Irak;Vereinslos;Younis Mahmoud;31;1000000.0;Mittelstürmer;Startaufstellung
2492811;Palästina;;Toufic Ali Abuhammad;24;100000.0;Torwart;Startaufstellung
2492811;Palästina;Al-Wehdat;Abdelatif Al Bahdari;30;250000.0;Innenverteidiger;Startaufstellung
2492811;Palästina;;Khaled Salem;25;100000.0;Innenverteidiger;Startaufstellung
2492811;Palästina;;Abdallah Jaber;21;100000.0;Linker Verteidiger;Startaufstellung
2492811;Palästina;Markaz Shabab Al-Am'ari;Ahmed Harbi;28;100000.0;Rechter Verteidiger;Startaufstellung
2492811;Palästina;;Hesham Salhe;27;100000.0;Defensives Mittelfeld;Startaufstellung
2492811;Palästina;;Khader Youssef Abuhammad;30;100000.0;Defensives Mittelfeld;Startaufstellung
2492811;Palästina;Jabal Al Mokaber;Ismail Al-Amour;30;100000.0;Rechtes Mittelfeld;Startaufstellung
2492811;Palästina;;Ahmad Maher Wridat;23;100000.0;Linkes Mittelfeld;Startaufstellung
2492811;Palästina;Al-Faisaly Harmah;Ashraf Nu'man;28;100000.0;Offensives Mittelfeld;Startaufstellung
2492811;Palästina;Nyköpings BIS;Mahmoud Eid;21;100000.0;Mittelstürmer;Startaufstellung
2492811;Irak;;Ali Yaseen;21;100000.0;Torwart;Reservebank
2492811;Irak;Zakho FC;Mohammed Hameed;21;100000.0;Torwart;Reservebank
2492811;Irak;Al-Shorta SC;Ali Bahjat;22;100000.0;Innenverteidiger;Reservebank
2492811;Irak;;Ali Faez Atiyah;20;100000.0;Innenverteidiger;Reservebank
2492811;Irak;Caykur Rizespor;Ali Adnan;21;3800000.0;Linker Verteidiger;Reservebank
2492811;Irak;;Sameh Saeed;22;100000.0;Rechter Verteidiger;Reservebank
2492811;Irak;;Mahdi Kamil;20;100000.0;Zentrales Mittelfeld;Reservebank
2492811;Irak;Alphense Boys;Osama Rashid;23;100000.0;Zentrales Mittelfeld;Reservebank
2492811;Irak;Al-Dhafra SCC;Humam Tariq;18;100000.0;Linksaußen;Reservebank
2492811;Irak;;Ali Husni Faisal;20;100000.0;Linksaußen;Reservebank
2492811;Irak;Al-Shorta SC;Marwan Hussein;22;100000.0;Mittelstürmer;Reservebank
2492811;Palästina;Alassiouty Sport;Ramzi Saleh;34;100000.0;Torwart;Reservebank
2492811;Palästina;;Rami Hamada;20;100000.0;Torwart;Reservebank
2492811;Palästina;;Tamer Salah;28;100000.0;Abwehr;Reservebank
2492811;Palästina;;Mus'ab Al-Batat;21;100000.0;Abwehr;Reservebank
2492811;Palästina;;Raed Fares;32;100000.0;Linker Verteidiger;Reservebank
2492811;Palästina;;Mousa Abu Jazar;27;100000.0;Zentrales Mittelfeld;Reservebank
2492811;Palästina;;Abdelhamid Abuhabib;25;100000.0;Offensives Mittelfeld;Reservebank
2492811;Palästina;NK Krka;Jaka Ihbeisheh;28;200000.0;Rechtsaußen;Reservebank
