GameId;team;club;name;age;value;position;role
2492812;Palästina;Masr El Makasa;Ramzi Saleh;34;100000.0;Torwart;Startaufstellung
2492812;Palästina;;Tamer Salah;28;100000.0;Innenverteidiger;Startaufstellung
2492812;Palästina;Al-Wehdat;Abdelatif Al Bahdari;30;250000.0;Innenverteidiger;Startaufstellung
2492812;Palästina;;Abdallah Jaber;21;100000.0;Linker Verteidiger;Startaufstellung
2492812;Palästina;;Mus'ab Al-Batat;21;100000.0;Rechter Verteidiger;Startaufstellung
2492812;Palästina;;Hesham Salhe;27;100000.0;Defensives Mittelfeld;Startaufstellung
2492812;Palästina;;Murad Said;32;100000.0;Defensives Mittelfeld;Startaufstellung
2492812;Palästina;Jerusalem Hilal Al-Quds;Hussam Abu Saleh;32;100000.0;Rechtes Mittelfeld;Startaufstellung
2492812;Palästina;NK Krka;Jaka Ihbeisheh;28;200000.0;Linkes Mittelfeld;Startaufstellung
2492812;Palästina;;Abdelhamid Abuhabib;25;100000.0;Offensives Mittelfeld;Startaufstellung
2492812;Palästina;Al-Faisaly Harmah;Ashraf Nu'man;28;100000.0;Mittelstürmer;Startaufstellung
2492812;Jordanien;Al-Wehdat;Amer Shafi;32;100000.0;Torwart;Startaufstellung
2492812;Jordanien;Al-Shabab Riad;Tareq Khattab;22;100000.0;Innenverteidiger;Startaufstellung
2492812;Jordanien;Al Khor Sports Club;Mohammad Mustafa;25;100000.0;Innenverteidiger;Startaufstellung
2492812;Jordanien;Al-Ittihad Dschidda;Mohamed Al-Dmeiri;27;100000.0;Linker Verteidiger;Startaufstellung
2492812;Jordanien;;Oday Zahran;23;100000.0;Rechter Verteidiger;Startaufstellung
2492812;Jordanien;;Ahmed Elias;24;100000.0;Defensives Mittelfeld;Startaufstellung
2492812;Jordanien;Al-Ramtha;Yusuf Al-Rawashdeh;24;100000.0;Defensives Mittelfeld;Startaufstellung
2492812;Jordanien;Al-Salmiya Sports Club;Odai Al Saify;28;400000.0;Defensives Mittelfeld;Startaufstellung
2492812;Jordanien;Al-Ramtha;Saeed Murjan;24;100000.0;Offensives Mittelfeld;Startaufstellung
2492812;Jordanien;Al-Khaleej;Hamza Al-Dardour;23;100000.0;Rechtsaußen;Startaufstellung
2492812;Jordanien;Al-Riffa SC;Abdallah Deeb;27;200000.0;Mittelstürmer;Startaufstellung
2492812;Palästina;;Toufic Ali Abuhammad;24;100000.0;Torwart;Reservebank
2492812;Palästina;;Rami Hamada;20;100000.0;Torwart;Reservebank
2492812;Palästina;;Raed Fares;32;100000.0;Linker Verteidiger;Reservebank
2492812;Palästina;;Ahmad Maher Wridat;23;100000.0;Mittelfeld;Reservebank
2492812;Palästina;;Khader Youssef Abuhammad;30;100000.0;Mittelfeld;Reservebank
2492812;Palästina;;Mousa Abu Jazar;27;100000.0;Zentrales Mittelfeld;Reservebank
2492812;Palästina;Jabal Al Mokaber;Ismail Al-Amour;30;100000.0;Offensives Mittelfeld;Reservebank
2492812;Palästina;;Khaled Salem;25;100000.0;Sturm;Reservebank
2492812;Palästina;Nyköpings BIS;Mahmoud Eid;21;100000.0;Mittelstürmer;Reservebank
2492812;Jordanien;That Ras Club;Moataz Yaseen;32;100000.0;Torwart;Reservebank
2492812;Jordanien;Al-Jazeera (Amman);Ahmed Abdel-Sattar;30;100000.0;Torwart;Reservebank
2492812;Jordanien;;Sameer Raja;20;100000.0;Mittelfeld;Reservebank
2492812;Jordanien;Al-Hidd Club;Mohammad Al-Daoud;22;100000.0;Mittelfeld;Reservebank
2492812;Jordanien;;Munther Abu Amara;22;100000.0;Mittelfeld;Reservebank
2492812;Jordanien;;Raja'i Ayed;21;100000.0;Zentrales Mittelfeld;Reservebank
2492812;Jordanien;;Ahmed Sariweh;20;100000.0;Zentrales Mittelfeld;Reservebank
2492812;Jordanien;;Saleh Rateb;20;100000.0;Zentrales Mittelfeld;Reservebank
2492812;Jordanien;Al-Faisaly Harmah;Khalil Baniateyah;23;100000.0;Rechtes Mittelfeld;Reservebank
2492812;Jordanien;Al-Wehdat;Mahmoud Salim Za'tara;24;100000.0;Mittelstürmer;Reservebank
