GameId;team;club;name;age;value;position;role
2515878;Sambia;Mamelodi Sundowns FC;Kennedy Mweene;30;550000.0;Torwart;Startaufstellung
2515878;Sambia;Shanghai Greenland Shenhua;Stoppila Sunzu;25;1200000.0;Innenverteidiger;Startaufstellung
2515878;Sambia;ZESCO United FC;Kondwani Mtonga;30;150000.0;Innenverteidiger;Startaufstellung
2515878;Sambia;Hapoel Raanana;Emmanuel Mbola;21;500000.0;Linker Verteidiger;Startaufstellung
2515878;Sambia;Bloemfontein Celtic;Davies Nkausu;29;225000.0;Rechter Verteidiger;Startaufstellung
2515878;Sambia;TP Mazembe;Nathan Sinkala;24;500000.0;Defensives Mittelfeld;Startaufstellung
2515878;Sambia;TP Mazembe;Given Singuluma;28;400000.0;Zentrales Mittelfeld;Startaufstellung
2515878;Sambia;Nkana FC;Ronald Kampamba;20;150000.0;Offensives Mittelfeld;Startaufstellung
2515878;Sambia;TP Mazembe;Rainford Kalaba;28;600000.0;Linksaußen;Startaufstellung
2515878;Sambia;Ural Ekaterinburg;Chisamba Lungu;23;1000000.0;Rechtsaußen;Startaufstellung
2515878;Sambia;FC Southampton;Emmanuel Mayuka;24;2000000.0;Mittelstürmer;Startaufstellung
2515878;Demokratische Republik Kongo;TP Mazembe;Robert Muteba Kidiaba;38;500000.0;Torwart;Startaufstellung
2515878;Demokratische Republik Kongo;TP Mazembe;Joël Kimwaki;28;400000.0;Innenverteidiger;Startaufstellung
2515878;Demokratische Republik Kongo;FC Évian Thonon Gaillard;Cédric Mongongu;25;2000000.0;Innenverteidiger;Startaufstellung
2515878;Demokratische Republik Kongo;TP Mazembe;Kilitcho Kasusula;32;300000.0;Linker Verteidiger;Startaufstellung
2515878;Demokratische Republik Kongo;Kabuscorp SC do Palanca;Issama Mpeko;28;150000.0;Rechter Verteidiger;Startaufstellung
2515878;Demokratische Republik Kongo;RSC Anderlecht;Chancel Mbemba;20;6000000.0;Defensives Mittelfeld;Startaufstellung
2515878;Demokratische Republik Kongo;West Bromwich Albion;Youssouf Mulumbu;27;5000000.0;Defensives Mittelfeld;Startaufstellung
2515878;Demokratische Republik Kongo;KRC Genk;Hervé Kage;25;1200000.0;Offensives Mittelfeld;Startaufstellung
2515878;Demokratische Republik Kongo;Crystal Palace;Yannick Bolasie;25;4000000.0;Linksaußen;Startaufstellung
2515878;Demokratische Republik Kongo;;Firmin Mubele;20;100000.0;Rechtsaußen;Startaufstellung
2515878;Demokratische Republik Kongo;Dynamo Kiew;Dieumerci Mbokani;29;10000000.0;Mittelstürmer;Startaufstellung
2515878;Sambia;;Danny Munyao;27;150000.0;Torwart;Reservebank
2515878;Sambia;Power Dynamos FC;Joshua Titima;22;150000.0;Torwart;Reservebank
2515878;Sambia;Power Dynamos FC;Christopher Munthali;23;150000.0;Innenverteidiger;Reservebank
2515878;Sambia;FC Ulisses Erewan;Lubambo Musonda;19;200000.0;Rechtes Mittelfeld;Reservebank
2515878;Sambia;;Spencer Sautu;20;150000.0;Offensives Mittelfeld;Reservebank
2515878;Sambia;Bloemfontein Celtic;Mukuka Mulenga;21;225000.0;Offensives Mittelfeld;Reservebank
2515878;Sambia;Zanaco FC;Rodrick Kabwe;22;150000.0;Offensives Mittelfeld;Reservebank
2515878;Sambia;Hapoel Raanana;Evans Kangwa;22;150000.0;Mittelstürmer;Reservebank
2515878;Sambia;Nkana FC;Bruce Musakanya;21;150000.0;Rechtsaußen;Reservebank
2515878;Sambia;ZESCO United FC;Jackson Mwanza;27;150000.0;Mittelstürmer;Reservebank
2515878;Sambia;;Patrick Ngoma;17;150000.0;Mittelstürmer;Reservebank
2515878;Demokratische Republik Kongo;RSC Charleroi;Parfait Mandanda;25;800000.0;Torwart;Reservebank
2515878;Demokratische Republik Kongo;RSC Anderlecht;Nicaise Kudimbana;27;300000.0;Torwart;Reservebank
2515878;Demokratische Republik Kongo;Peterborough United;Gabriel Zakuani;28;400000.0;Innenverteidiger;Reservebank
2515878;Demokratische Republik Kongo;Académica Coimbra;Christopher Oualembo;27;300000.0;Rechter Verteidiger;Reservebank
2515878;Demokratische Republik Kongo;AS Vita Club Kinshasa;Bawaka Mabele;25;100000.0;Rechter Verteidiger;Reservebank
2515878;Demokratische Republik Kongo;;Nelson Munganga;21;100000.0;Defensives Mittelfeld;Reservebank
2515878;Demokratische Republik Kongo;SV Werder Bremen;Cédric Makiadi;30;1500000.0;Zentrales Mittelfeld;Reservebank
2515878;Demokratische Republik Kongo;Club Sportif Sfaxien;Chikito Lema Mabidi;21;100000.0;Zentrales Mittelfeld;Reservebank
2515878;Demokratische Republik Kongo;RSC Charleroi;Neeskens Kebano;22;2000000.0;Offensives Mittelfeld;Reservebank
2515878;Demokratische Republik Kongo;CA Osasuna;Cedrick;22;1200000.0;Rechtsaußen;Reservebank
2515878;Demokratische Republik Kongo;Cercle Brügge;Junior Kabananga;25;1000000.0;Mittelstürmer;Reservebank
2515878;Demokratische Republik Kongo;Terek Grozny;Jeremy Bokila;26;1500000.0;Mittelstürmer;Reservebank
