GameId;team;club;name;age;value;position;role
2515885;Äquatorialguinea;Vereinslos;Felipe Ovono;21;75000.0;Torwart;Startaufstellung
2515885;Äquatorialguinea;Hibernians FC;Rui;29;75000.0;Innenverteidiger;Startaufstellung
2515885;Äquatorialguinea;;Diosdado Mbele;17;75000.0;Innenverteidiger;Startaufstellung
2515885;Äquatorialguinea;AEK Larnaka;Sipo;26;200000.0;Linker Verteidiger;Startaufstellung
2515885;Äquatorialguinea;Iraklis Psachna;Randy;27;250000.0;Rechter Verteidiger;Startaufstellung
2515885;Äquatorialguinea;Hong Kong Rangers;Iván Zarandona;34;75000.0;Defensives Mittelfeld;Startaufstellung
2515885;Äquatorialguinea;The Panthers FC;Viera Ellong;27;150000.0;Zentrales Mittelfeld;Startaufstellung
2515885;Äquatorialguinea;GD Estoril Praia;Javier Balboa;29;2000000.0;Offensives Mittelfeld;Startaufstellung
2515885;Äquatorialguinea;RCD Mallorca B;Kike Boula;21;75000.0;Linksaußen;Startaufstellung
2515885;Äquatorialguinea;FC Valencia B (Mestalla);Iban Salvador;19;75000.0;Rechtsaußen;Startaufstellung
2515885;Äquatorialguinea;FC Middlesbrough;Emilio Nsue;25;2000000.0;Mittelstürmer;Startaufstellung
2515885;Burkina Faso;AS Beauvais Oise;Germain Sanou;22;50000.0;Torwart;Startaufstellung
2515885;Burkina Faso;FC Toulouse;Steeve Yago;22;1750000.0;Innenverteidiger;Startaufstellung
2515885;Burkina Faso;Olympique Lyon;Bakary Koné;26;2000000.0;Innenverteidiger;Startaufstellung
2515885;Burkina Faso;AS Kaloum;Issa Gouo;25;50000.0;Linker Verteidiger;Startaufstellung
2515885;Burkina Faso;Zamalek SC;Mohamed Koffi;28;400000.0;Rechter Verteidiger;Startaufstellung
2515885;Burkina Faso;FC Évian Thonon Gaillard;Djakaridja Koné;28;1000000.0;Defensives Mittelfeld;Startaufstellung
2515885;Burkina Faso;Kuban Krasnodar;Charles Kaboré;26;7000000.0;Defensives Mittelfeld;Startaufstellung
2515885;Burkina Faso;FC Lorient;Alain Traoré;26;2000000.0;Offensives Mittelfeld;Startaufstellung
2515885;Burkina Faso;Al-Jazira (Abu Dhabi);Jonathan Pitroipa;28;4000000.0;Linksaußen;Startaufstellung
2515885;Burkina Faso;Vitesse Arnheim;Bertrand Traoré;19;1500000.0;Rechtsaußen;Startaufstellung
2515885;Burkina Faso;HJK Helsinki;Aristide Bancé;30;200000.0;Mittelstürmer;Startaufstellung
2515885;Äquatorialguinea;Málaga CF Juvenil A;Aitor Embela;18;75000.0;Torwart;Reservebank
2515885;Äquatorialguinea;;Carlos Mosibe;23;75000.0;Torwart;Reservebank
2515885;Äquatorialguinea;Vereinslos;Evuy;29;75000.0;Innenverteidiger;Reservebank
2515885;Äquatorialguinea;CD Tropezón;Igor Engonga;20;75000.0;Innenverteidiger;Reservebank
2515885;Äquatorialguinea;Europa FC;Charly;24;75000.0;Innenverteidiger;Reservebank
2515885;Äquatorialguinea;Vegetarianos FC;Miguel Ángel Mayé;24;75000.0;Rechter Verteidiger;Reservebank
2515885;Äquatorialguinea;FC Santa Coloma;Juvenal Edjogo;35;100000.0;Zentrales Mittelfeld;Reservebank
2515885;Äquatorialguinea;UD San Sebastián de los Reyes;Pablo Ganet;20;75000.0;Offensives Mittelfeld;Reservebank
2515885;Äquatorialguinea;Real Madrid Castilla;Rubén Belima;22;75000.0;Linksaußen;Reservebank
2515885;Äquatorialguinea;The Panthers FC;Rubén Darío;21;75000.0;Rechtsaußen;Reservebank
2515885;Äquatorialguinea;Olímpic Xàtiva;Raúl Fabiani;30;75000.0;Mittelstürmer;Reservebank
2515885;Äquatorialguinea;Vereinslos;Iván Bolado;25;75000.0;Mittelstürmer;Reservebank
2515885;Burkina Faso;Rail Club du Kadiogo;Moussa Fofana;22;50000.0;Torwart;Reservebank
2515885;Burkina Faso;Hearts of Oak;Abdoulaye Soulama;35;100000.0;Torwart;Reservebank
2515885;Burkina Faso;Horoya AC;Paul Koulibaly;28;250000.0;Innenverteidiger;Reservebank
2515885;Burkina Faso;Universitatea Cluj;Narcisse Bambara;25;450000.0;Linker Verteidiger;Reservebank
2515885;Burkina Faso;Sheriff Tiraspol;Wilfried Balima;29;400000.0;Rechter Verteidiger;Reservebank
2515885;Burkina Faso;CA Bastia;Florent Rouamba;28;250000.0;Defensives Mittelfeld;Reservebank
2515885;Burkina Faso;SönderjyskE;Adama Guira;26;400000.0;Zentrales Mittelfeld;Reservebank
2515885;Burkina Faso;El Ahly Kairo;Moussa Yedan;25;300000.0;Offensives Mittelfeld;Reservebank
2515885;Burkina Faso;UD Almería;Jonathan Zongo;25;800000.0;Rechtsaußen;Reservebank
2515885;Burkina Faso;Kardemir Karabükspor;Abdou Traoré;26;3500000.0;Hängende Spitze;Reservebank
2515885;Burkina Faso;FC Admira Wacker Mödling;Issiaka Ouédraogo;26;400000.0;Mittelstürmer;Reservebank
2515885;Burkina Faso;Mersin Idmanyurdu;Prejuce Nakoulma;27;700000.0;Linksaußen;Reservebank
