GameId;team;club;name;age;value;position;role
2515890;Kamerun;FC Barcelona B;Fabrice Ondoa;19;100000.0;Torwart;Startaufstellung
2515890;Kamerun;Olympique Marseille;Nicolas N'Koulou;24;13000000.0;Innenverteidiger;Startaufstellung
2515890;Kamerun;Galatasaray Istanbul;Aurélien Chedjou;29;9000000.0;Innenverteidiger;Startaufstellung
2515890;Kamerun;Olympique Lyon;Henri Bedimo;30;3500000.0;Linker Verteidiger;Startaufstellung
2515890;Kamerun;New York Red Bulls;Ambroise Oyongo;23;100000.0;Rechter Verteidiger;Startaufstellung
2515890;Kamerun;CA Osasuna;Raoul Loé;25;1800000.0;Defensives Mittelfeld;Startaufstellung
2515890;Kamerun;FC Sevilla;Stéphane Mbia;28;10000000.0;Defensives Mittelfeld;Startaufstellung
2515890;Kamerun;Académica Coimbra;Edgar Salli;22;750000.0;Linksaußen;Startaufstellung
2515890;Kamerun;Stade Reims;Benjamin Moukandjo;26;2000000.0;Rechtsaußen;Startaufstellung
2515890;Kamerun;FC Schalke 04;Eric Maxim Choupo-Moting;25;7500000.0;Hängende Spitze;Startaufstellung
2515890;Kamerun;FC Porto;Vincent Aboubakar;23;5500000.0;Mittelstürmer;Startaufstellung
2515890;Guinea;Athlétic Club Arlésien;Naby-Moussa Yattara;31;250000.0;Torwart;Startaufstellung
2515890;Guinea;;Fode Camara;26;100000.0;Innenverteidiger;Startaufstellung
2515890;Guinea;AS Saint-Étienne;Florentin Pogba;24;2000000.0;Innenverteidiger;Startaufstellung
2515890;Guinea;FC Toulouse;Issiaga Sylla;21;2500000.0;Linker Verteidiger;Startaufstellung
2515890;Guinea;EA Guingamp;Baissama Sankoh;22;500000.0;Rechter Verteidiger;Startaufstellung
2515890;Guinea;CD Nacional;Boubacar Fofana;25;100000.0;Defensives Mittelfeld;Startaufstellung
2515890;Guinea;Trabzonspor;Kévin Constant;27;4500000.0;Zentrales Mittelfeld;Startaufstellung
2515890;Guinea;Slovan Bratislava;Seydouba Soumah;23;350000.0;Offensives Mittelfeld;Startaufstellung
2515890;Guinea;RSC Anderlecht;Ibrahima Conté;23;3000000.0;Linksaußen;Startaufstellung
2515890;Guinea;Borussia Mönchengladbach;Ibrahima Traoré;26;5000000.0;Rechtsaußen;Startaufstellung
2515890;Guinea;Olympique Lyon;Mohamed Yattara;21;1500000.0;Mittelstürmer;Startaufstellung
2515890;Kamerun;;Pierre Sylvain Abogo;16;100000.0;Torwart;Reservebank
2515890;Kamerun;AS Nancy-Lorraine;Guy Ndy Assembé;28;800000.0;Torwart;Reservebank
2515890;Kamerun;Valenciennes FC ;Jérôme Guihoata;20;300000.0;Rechter Verteidiger;Reservebank
2515890;Kamerun;FC Barcelona B;Macky Bagnack;19;1000000.0;Innenverteidiger;Reservebank
2515890;Kamerun;;Cedric Djeugoue;22;100000.0;Innenverteidiger;Reservebank
2515890;Kamerun;Kayseri Erciyesspor;Georges Mandjeck;26;1000000.0;Defensives Mittelfeld;Reservebank
2515890;Kamerun;Etoile Sportive du Sahel;Franck Kom;23;650000.0;Defensives Mittelfeld;Reservebank
2515890;Kamerun;FC Córdoba;Patrick Ekeng †;24;800000.0;Zentrales Mittelfeld;Reservebank
2515890;Kamerun;Caykur Rizespor;Léonard Kweuke;27;3000000.0;Mittelstürmer;Reservebank
2515890;Kamerun;Olympique Lyon;Clinton N'Jie;21;3000000.0;Mittelstürmer;Reservebank
2515890;Kamerun;FC Zürich;Franck Etoundi;24;1000000.0;Mittelstürmer;Reservebank
2515890;Guinea;AS Kaloum;Abdul Aziz Keita;24;150000.0;Torwart;Reservebank
2515890;Guinea;UCAM Murcia;Buba Camara;21;100000.0;Torwart;Reservebank
2515890;Guinea;Odense Boldklub;Mohammed Diarra;22;400000.0;Innenverteidiger;Reservebank
2515890;Guinea;Sheffield Wednesday;Kamil Zayatte;29;1000000.0;Innenverteidiger;Reservebank
2515890;Guinea;SCO Angers B;Abdoulaye Cissé;20;100000.0;Innenverteidiger;Reservebank
2515890;Guinea;RC Mechelen;Lanfia Camara;28;150000.0;Linker Verteidiger;Reservebank
2515890;Guinea;SV Zulte Waregem;Djibril Tamsir Paye;24;350000.0;Linker Verteidiger;Reservebank
2515890;Guinea;Genclerbirligi Ankara;Guy-Michel Landel;24;700000.0;Zentrales Mittelfeld;Reservebank
2515890;Guinea;Red Bull Salzburg;Naby Keïta;19;1500000.0;Zentrales Mittelfeld;Reservebank
2515890;Guinea;SCO Angers;Abdoul Camara;24;1000000.0;Linksaußen;Reservebank
2515890;Guinea;SC Bastia;François Kamano;18;500000.0;Linksaußen;Reservebank
2515890;Guinea;SV Zulte Waregem;Idrissa Sylla;24;1500000.0;Mittelstürmer;Reservebank
