GameId;team;club;name;age;value;position;role
2515897;Senegal;Ethnikos Achnas;Bouna Coundoul;32;250000.0;Torwart;Startaufstellung
2515897;Senegal;FC Nantes;Papy Djilobodji;26;6000000.0;Innenverteidiger;Startaufstellung
2515897;Senegal;KRC Genk;Kara;25;4000000.0;Innenverteidiger;Startaufstellung
2515897;Senegal;FC Girondins Bordeaux;Lamine Sané;27;5000000.0;Innenverteidiger;Startaufstellung
2515897;Senegal;UD Levante;Pape Diop;28;3500000.0;Defensives Mittelfeld;Startaufstellung
2515897;Senegal;West Ham United;Cheikhou Kouyaté;25;7000000.0;Defensives Mittelfeld;Startaufstellung
2515897;Senegal;LOSC Lille;Idrissa Gueye;25;6000000.0;Zentrales Mittelfeld;Startaufstellung
2515897;Senegal;Brann Bergen;Stéphane Badji;25;900000.0;Rechtes Mittelfeld;Startaufstellung
2515897;Senegal;FC Stade Rennes;Cheikh M'Bengue;26;2500000.0;Linkes Mittelfeld;Startaufstellung
2515897;Senegal;FC Southampton;Sadio Mané;22;10000000.0;Hängende Spitze;Startaufstellung
2515897;Senegal;Stoke City;Mame Diouf;27;9000000.0;Mittelstürmer;Startaufstellung
2515897;Algerien;Philadelphia Union;Raïs M'Bolhi;28;1000000.0;Torwart;Startaufstellung
2515897;Algerien;Al-Fujairah SC;Madjid Bougherra;32;1200000.0;Innenverteidiger;Startaufstellung
2515897;Algerien;Trabzonspor;Carl Medjani;29;4000000.0;Innenverteidiger;Startaufstellung
2515897;Algerien;SSC Neapel;Faouzi Ghoulam;23;7000000.0;Linker Verteidiger;Startaufstellung
2515897;Algerien;Stade Reims;Aïssa Mandi;23;3000000.0;Rechter Verteidiger;Startaufstellung
2515897;Algerien;US Sassuolo;Saphir Taider;22;8000000.0;Defensives Mittelfeld;Startaufstellung
2515897;Algerien;Tottenham Hotspur;Nabil Bentaleb;20;3000000.0;Zentrales Mittelfeld;Startaufstellung
2515897;Algerien;Leicester City;Riyad Mahrez;23;2000000.0;Linksaußen;Startaufstellung
2515897;Algerien;FC Valencia;Sofiane Feghouli;25;15000000.0;Rechtsaußen;Startaufstellung
2515897;Algerien;FC Porto;Yacine Brahimi;24;7500000.0;Hängende Spitze;Startaufstellung
2515897;Algerien;GNK Dinamo Zagreb;El Arbi Hillel Soudani;27;6000000.0;Mittelstürmer;Startaufstellung
2515897;Senegal;Trapani Calcio;Lys Gomis;25;100000.0;Torwart;Reservebank
2515897;Senegal;FC Sochaux-Montbéliard;Papa Demba Camara;22;250000.0;Torwart;Reservebank
2515897;Senegal;AC Le Havre;Zargo Touré;25;800000.0;Innenverteidiger;Reservebank
2515897;Senegal;Hannover 96;Salif Sané;24;1000000.0;Innenverteidiger;Reservebank
2515897;Senegal;LOSC Lille;Pape Souaré;24;3500000.0;Linkes Mittelfeld;Reservebank
2515897;Senegal;FC Lorient;Lamine Gassama;25;1250000.0;Rechter Verteidiger;Reservebank
2515897;Senegal;Real Betis Sevilla;Alfred N'Diaye;24;3500000.0;Defensives Mittelfeld;Reservebank
2515897;Senegal;FC Girondins Bordeaux;Henri Saivet;24;4000000.0;Offensives Mittelfeld;Reservebank
2515897;Senegal;Fenerbahce Istanbul;Moussa Sow;29;14000000.0;Mittelstürmer;Reservebank
2515897;Senegal;Lokomotiv Moskau;Dame N'Doye;29;10000000.0;Mittelstürmer;Reservebank
2515897;Senegal;Newcastle United;Papiss Demba Cissé;29;7000000.0;Mittelstürmer;Reservebank
2515897;Senegal;FC Sion;Moussa Konaté;21;1000000.0;Mittelstürmer;Reservebank
2515897;Algerien;JS Kabylie;Azzedine Doukha;28;550000.0;Torwart;Reservebank
2515897;Algerien;CS Constantine;Cédric;30;500000.0;Torwart;Reservebank
2515897;Algerien;CA Osasuna;Liassine Cadamuro;26;700000.0;Innenverteidiger;Reservebank
2515897;Algerien;Qatar Sports Club;Rafik Halliche;28;1200000.0;Innenverteidiger;Reservebank
2515897;Algerien;Sampdoria Genua;Djamel Mesbah;30;700000.0;Linker Verteidiger;Reservebank
2515897;Algerien;Olympique Lyon;Mehdi Zeffane;22;1250000.0;Rechter Verteidiger;Reservebank
2515897;Algerien;FC Getafe;Mehdi Lacen;30;2000000.0;Defensives Mittelfeld;Reservebank
2515897;Algerien;FC Metz;Ahmed Kashi;26;1000000.0;Defensives Mittelfeld;Reservebank
2515897;Algerien;Real Betis Sevilla;Foued Kadir;31;1500000.0;Offensives Mittelfeld;Reservebank
2515897;Algerien;Club Africain Tunis;Abdelmoumene Djabou;27;1400000.0;Rechtsaußen;Reservebank
2515897;Algerien;Parma FC;Ishak Belfodil;23;4000000.0;Mittelstürmer;Reservebank
2515897;Algerien;Sporting Lissabon;Islam Slimani;26;6000000.0;Mittelstürmer;Reservebank
