GameId;team;club;name;age;value;position;role
2515876;Äquatorialguinea;Vereinslos;Felipe Ovono;21;75000.0;Torwart;Startaufstellung
2515876;Äquatorialguinea;Hibernians FC;Rui;29;75000.0;Innenverteidiger;Startaufstellung
2515876;Äquatorialguinea;;Diosdado Mbele;17;75000.0;Innenverteidiger;Startaufstellung
2515876;Äquatorialguinea;AEK Larnaka;Sipo;26;200000.0;Linker Verteidiger;Startaufstellung
2515876;Äquatorialguinea;Iraklis Psachna;Randy;27;250000.0;Rechter Verteidiger;Startaufstellung
2515876;Äquatorialguinea;Hong Kong Rangers;Iván Zarandona;34;75000.0;Defensives Mittelfeld;Startaufstellung
2515876;Äquatorialguinea;UD San Sebastián de los Reyes;Pablo Ganet;20;75000.0;Defensives Mittelfeld;Startaufstellung
2515876;Äquatorialguinea;FC Valencia B (Mestalla);Iban Salvador;19;75000.0;Linksaußen;Startaufstellung
2515876;Äquatorialguinea;RCD Mallorca B;Kike Boula;21;75000.0;Rechtsaußen;Startaufstellung
2515876;Äquatorialguinea;GD Estoril Praia;Javier Balboa;29;2000000.0;Hängende Spitze;Startaufstellung
2515876;Äquatorialguinea;FC Middlesbrough;Emilio Nsue;25;2000000.0;Mittelstürmer;Startaufstellung
2515876;Republik Kongo;US Le Pontet;Christoffer Mafoumbi;20;100000.0;Torwart;Startaufstellung
2515876;Republik Kongo;;Boris Moubio;26;100000.0;Innenverteidiger;Startaufstellung
2515876;Republik Kongo;AC Léopards de Dolisie;Sagesse Babélé;21;100000.0;Innenverteidiger;Startaufstellung
2515876;Republik Kongo;RSC Charleroi;Francis N'Ganga;29;600000.0;Linker Verteidiger;Startaufstellung
2515876;Republik Kongo;SC Amiens;Marvin Baudry;24;100000.0;Rechter Verteidiger;Startaufstellung
2515876;Republik Kongo;Olympiakos Piräus;Delvin N'Dinga;26;3500000.0;Defensives Mittelfeld;Startaufstellung
2515876;Republik Kongo;Stade Reims;Prince Oniangué;26;3500000.0;Zentrales Mittelfeld;Startaufstellung
2515876;Republik Kongo;;Césaire Gandzé;25;100000.0;Rechtes Mittelfeld;Startaufstellung
2515876;Republik Kongo;SCO Angers;Arnold Bouka Moutou;26;500000.0;Linkes Mittelfeld;Startaufstellung
2515876;Republik Kongo;UD Almería;Thievy Bifouma;22;2000000.0;Mittelstürmer;Startaufstellung
2515876;Republik Kongo;CFR Cluj;Férébory Doré;25;900000.0;Mittelstürmer;Startaufstellung
2515876;Äquatorialguinea;Málaga CF Juvenil A;Aitor Embela;18;75000.0;Torwart;Reservebank
2515876;Äquatorialguinea;;Carlos Mosibe;23;75000.0;Torwart;Reservebank
2515876;Äquatorialguinea;Vereinslos;Evuy;29;75000.0;Innenverteidiger;Reservebank
2515876;Äquatorialguinea;CD Tropezón;Igor Engonga;20;75000.0;Innenverteidiger;Reservebank
2515876;Äquatorialguinea;Europa FC;Charly;24;75000.0;Innenverteidiger;Reservebank
2515876;Äquatorialguinea;Vegetarianos FC;Miguel Ángel Mayé;24;75000.0;Rechter Verteidiger;Reservebank
2515876;Äquatorialguinea;FC Santa Coloma;Juvenal Edjogo;35;100000.0;Zentrales Mittelfeld;Reservebank
2515876;Äquatorialguinea;The Panthers FC;Viera Ellong;27;150000.0;Defensives Mittelfeld;Reservebank
2515876;Äquatorialguinea;Real Madrid Castilla;Rubén Belima;22;75000.0;Linksaußen;Reservebank
2515876;Äquatorialguinea;The Panthers FC;Rubén Darío;21;75000.0;Rechtsaußen;Reservebank
2515876;Äquatorialguinea;Olímpic Xàtiva;Raúl Fabiani;30;75000.0;Mittelstürmer;Reservebank
2515876;Äquatorialguinea;Vereinslos;Iván Bolado;25;75000.0;Hängende Spitze;Reservebank
2515876;Republik Kongo;;Chancel Massa;31;100000.0;Torwart;Reservebank
2515876;Republik Kongo;;Pavelh Ndzila;20;100000.0;Torwart;Reservebank
2515876;Republik Kongo;;Cosme Andrely Atoni Mavoungou;18;100000.0;Innenverteidiger;Reservebank
2515876;Republik Kongo;;Dimitri Magnoléké Bissiki;23;100000.0;Linker Verteidiger;Reservebank
2515876;Republik Kongo;FC Aarau;Igor Nganga;27;750000.0;Rechter Verteidiger;Reservebank
2515876;Republik Kongo;CARA Brazzaville;Hardy Binguila;18;100000.0;Zentrales Mittelfeld;Reservebank
2515876;Republik Kongo;FK Teplice;Francis Litsingi;28;600000.0;Linkes Mittelfeld;Reservebank
2515876;Republik Kongo;FC Lausanne-Sport;Chris Malonga;27;600000.0;Linksaußen;Reservebank
2515876;Republik Kongo;EA Guingamp;Ladislas Douniama;28;500000.0;Rechtsaußen;Reservebank
2515876;Republik Kongo;Raja Casablanca;Silvere Ganvoula;18;100000.0;Mittelstürmer;Reservebank
2515876;Republik Kongo;Wydad Athletic Club Casablanca;Fabrice Ondama;26;550000.0;Mittelstürmer;Reservebank
2515876;Republik Kongo;Hibernian FC;Dominique Malonga;26;350000.0;Mittelstürmer;Reservebank
