GameId;team;club;name;age;value;position;role
2515887;Sambia;Mamelodi Sundowns FC;Kennedy Mweene;30;550000.0;Torwart;Startaufstellung
2515887;Sambia;Power Dynamos FC;Christopher Munthali;23;150000.0;Innenverteidiger;Startaufstellung
2515887;Sambia;Shanghai Greenland Shenhua;Stoppila Sunzu;25;1200000.0;Innenverteidiger;Startaufstellung
2515887;Sambia;Hapoel Raanana;Emmanuel Mbola;21;500000.0;Linker Verteidiger;Startaufstellung
2515887;Sambia;Bloemfontein Celtic;Davies Nkausu;29;225000.0;Rechter Verteidiger;Startaufstellung
2515887;Sambia;ZESCO United FC;Kondwani Mtonga;30;150000.0;Defensives Mittelfeld;Startaufstellung
2515887;Sambia;TP Mazembe;Given Singuluma;28;400000.0;Zentrales Mittelfeld;Startaufstellung
2515887;Sambia;TP Mazembe;Rainford Kalaba;28;600000.0;Linksaußen;Startaufstellung
2515887;Sambia;FC Ulisses Erewan;Lubambo Musonda;19;200000.0;Rechtsaußen;Startaufstellung
2515887;Sambia;Hapoel Raanana;Evans Kangwa;22;150000.0;Hängende Spitze;Startaufstellung
2515887;Sambia;FC Southampton;Emmanuel Mayuka;24;2000000.0;Mittelstürmer;Startaufstellung
2515887;Tunesien;Etoile Sportive du Sahel;Balbouli;30;450000.0;Torwart;Startaufstellung
2515887;Tunesien;AS Monaco;Aymen Abdennour;25;10000000.0;Innenverteidiger;Startaufstellung
2515887;Tunesien;Astra Giurgiu;Syam Ben Youssef;25;1600000.0;Innenverteidiger;Startaufstellung
2515887;Tunesien;Club Sportif Sfaxien;Ali Maâloul;25;700000.0;Linker Verteidiger;Startaufstellung
2515887;Tunesien;Etoile Sportive du Sahel;Rami Bedoui;25;400000.0;Rechter Verteidiger;Startaufstellung
2515887;Tunesien;Esperance Tunis;Hocine Ragued;31;700000.0;Defensives Mittelfeld;Startaufstellung
2515887;Tunesien;HSC Montpellier;Jamel Saihi;27;2000000.0;Defensives Mittelfeld;Startaufstellung
2515887;Tunesien;FC Zürich;Yassine Chikhaoui;28;2000000.0;Offensives Mittelfeld;Startaufstellung
2515887;Tunesien;Al Duhail Sports Club;Youssef Msakni;24;2500000.0;Linksaußen;Startaufstellung
2515887;Tunesien;FC Girondins Bordeaux;Wahbi Khazri;23;6000000.0;Rechtsaußen;Startaufstellung
2515887;Tunesien;Esperance Tunis;Ahmed Akaichi;25;950000.0;Mittelstürmer;Startaufstellung
2515887;Sambia;;Danny Munyao;27;150000.0;Torwart;Reservebank
2515887;Sambia;Power Dynamos FC;Joshua Titima;22;150000.0;Torwart;Reservebank
2515887;Sambia;Nkana FC;Donashano Malama;23;150000.0;Innenverteidiger;Reservebank
2515887;Sambia;;Spencer Sautu;20;150000.0;Offensives Mittelfeld;Reservebank
2515887;Sambia;Bloemfontein Celtic;Mukuka Mulenga;21;225000.0;Offensives Mittelfeld;Reservebank
2515887;Sambia;Zanaco FC;Rodrick Kabwe;22;150000.0;Offensives Mittelfeld;Reservebank
2515887;Sambia;Ural Ekaterinburg;Chisamba Lungu;23;1000000.0;Linksaußen;Reservebank
2515887;Sambia;Nkana FC;Ronald Kampamba;20;150000.0;Rechtsaußen;Reservebank
2515887;Sambia;Nkana FC;Bruce Musakanya;21;150000.0;Rechtsaußen;Reservebank
2515887;Sambia;ZESCO United FC;Jackson Mwanza;27;150000.0;Mittelstürmer;Reservebank
2515887;Sambia;;Patrick Ngoma;17;150000.0;Mittelstürmer;Reservebank
2515887;Tunesien;Club Africain Tunis;Farouk Ben Mustapha;25;800000.0;Torwart;Reservebank
2515887;Tunesien;Esperance Tunis;Moez Ben Cherifia;23;900000.0;Torwart;Reservebank
2515887;Tunesien;Stade Laval;Selim Ben Djemia;25;300000.0;Innenverteidiger;Reservebank
2515887;Tunesien;Glasgow Rangers;Bilel Mohsni;27;250000.0;Innenverteidiger;Reservebank
2515887;Tunesien;Esperance Tunis;Mohamed Ali Yaakoubi;24;550000.0;Innenverteidiger;Reservebank
2515887;Tunesien;Club Bizertin;Hamza Mathlouthi;22;500000.0;Rechter Verteidiger;Reservebank
2515887;Tunesien;Club Africain Tunis;Stéphane Nater;31;750000.0;Defensives Mittelfeld;Reservebank
2515887;Tunesien;FC Metz;Ferjani Sassi;22;800000.0;Zentrales Mittelfeld;Reservebank
2515887;Tunesien;Club Sportif Sfaxien;Mohamed Ali Moncer;23;500000.0;Rechtsaußen;Reservebank
2515887;Tunesien;Club Bizertin;Adam Rejaibi;20;800000.0;Linksaußen;Reservebank
2515887;Tunesien;FC Zürich;Amine Chermiti;27;800000.0;Mittelstürmer;Reservebank
2515887;Tunesien;PFK Ludogorets Razgrad;Hamza Younes;28;2400000.0;Mittelstürmer;Reservebank
