GameId;team;club;name;age;value;position;role
2515899;Guinea;Athlétic Club Arlésien;Naby-Moussa Yattara;31;250000.0;Torwart;Startaufstellung
2515899;Guinea;;Fode Camara;26;100000.0;Innenverteidiger;Startaufstellung
2515899;Guinea;SCO Angers B;Abdoulaye Cissé;20;100000.0;Innenverteidiger;Startaufstellung
2515899;Guinea;FC Toulouse;Issiaga Sylla;21;2500000.0;Linker Verteidiger;Startaufstellung
2515899;Guinea;EA Guingamp;Baissama Sankoh;22;500000.0;Rechter Verteidiger;Startaufstellung
2515899;Guinea;CD Nacional;Boubacar Fofana;25;100000.0;Defensives Mittelfeld;Startaufstellung
2515899;Guinea;Trabzonspor;Kévin Constant;27;4500000.0;Zentrales Mittelfeld;Startaufstellung
2515899;Guinea;Red Bull Salzburg;Naby Keïta;19;1500000.0;Zentrales Mittelfeld;Startaufstellung
2515899;Guinea;RSC Anderlecht;Ibrahima Conté;23;3000000.0;Linksaußen;Startaufstellung
2515899;Guinea;Borussia Mönchengladbach;Ibrahima Traoré;26;5000000.0;Rechtsaußen;Startaufstellung
2515899;Guinea;Olympique Lyon;Mohamed Yattara;21;1500000.0;Mittelstürmer;Startaufstellung
2515899;Mali;AS Onze Créateurs de Niaréla;Germain Berthe;21;75000.0;Torwart;Startaufstellung
2515899;Mali;TP Mazembe;Salif Coulibaly;26;250000.0;Innenverteidiger;Startaufstellung
2515899;Mali;Udinese Calcio;Molla Wagué;23;600000.0;Innenverteidiger;Startaufstellung
2515899;Mali;Randers FC;Adama Tamboura;29;450000.0;Linker Verteidiger;Startaufstellung
2515899;Mali;SC Bastia;Drissa Diakité;29;1000000.0;Rechter Verteidiger;Startaufstellung
2515899;Mali;Kayseri Erciyesspor;Yacouba Sylla;24;1200000.0;Defensives Mittelfeld;Startaufstellung
2515899;Mali;SV Zulte Waregem;Mamoutou N'Diaye;24;800000.0;Defensives Mittelfeld;Startaufstellung
2515899;Mali;AS Rom;Seydou Keita;35;1000000.0;Offensives Mittelfeld;Startaufstellung
2515899;Mali;Royal Mouscron-Péruwelz;Abdoulay Diaby;23;2000000.0;Linksaußen;Startaufstellung
2515899;Mali;FC Metz;Modibo Maïga;27;1750000.0;Rechtsaußen;Startaufstellung
2515899;Mali;Trabzonspor;Mustapha Yatabaré;29;3000000.0;Mittelstürmer;Startaufstellung
2515899;Guinea;AS Kaloum;Abdul Aziz Keita;24;150000.0;Torwart;Reservebank
2515899;Guinea;UCAM Murcia;Buba Camara;21;100000.0;Torwart;Reservebank
2515899;Guinea;Odense Boldklub;Mohammed Diarra;22;400000.0;Innenverteidiger;Reservebank
2515899;Guinea;Sheffield Wednesday;Kamil Zayatte;29;1000000.0;Innenverteidiger;Reservebank
2515899;Guinea;RC Mechelen;Lanfia Camara;28;150000.0;Linker Verteidiger;Reservebank
2515899;Guinea;SV Zulte Waregem;Djibril Tamsir Paye;24;350000.0;Linker Verteidiger;Reservebank
2515899;Guinea;Genclerbirligi Ankara;Guy-Michel Landel;24;700000.0;Zentrales Mittelfeld;Reservebank
2515899;Guinea;SCO Angers;Abdoul Camara;24;1000000.0;Linksaußen;Reservebank
2515899;Guinea;SC Bastia;François Kamano;18;500000.0;Linksaußen;Reservebank
2515899;Guinea;Slovan Bratislava;Seydouba Soumah;23;350000.0;Hängende Spitze;Reservebank
2515899;Guinea;SV Zulte Waregem;Idrissa Sylla;24;1500000.0;Mittelstürmer;Reservebank
2515899;Mali;Cercle Olympique Bamako;Abdoulaye Samake;28;75000.0;Torwart;Reservebank
2515899;Mali;FC Tours;Fousseni Diawara;34;250000.0;Innenverteidiger;Reservebank
2515899;Mali;Hassania d'Agadir;Idrissa Coulibaly;27;150000.0;Innenverteidiger;Reservebank
2515899;Mali;Al-Ahly Tripoli;Mohamed Konate;22;75000.0;Innenverteidiger;Reservebank
2515899;Mali;Platanias Chania;Ousmane Coulibaly;25;1000000.0;Rechter Verteidiger;Reservebank
2515899;Mali;FC Toulouse;Tongo Doumbia;25;2000000.0;Defensives Mittelfeld;Reservebank
2515899;Mali;EA Guingamp;Sambou Yatabaré;25;1750000.0;Rechtsaußen;Reservebank
2515899;Mali;FC Girondins Bordeaux;Abdou Traoré;27;1000000.0;Zentrales Mittelfeld;Reservebank
2515899;Mali;Valenciennes FC ;Sigamary Diarra;31;800000.0;Linkes Mittelfeld;Reservebank
2515899;Mali;Wolverhampton Wanderers;Bakary Sako;26;4000000.0;Linksaußen;Reservebank
2515899;Mali;Al Merreikh Omdurman;Mohamed Traoré;26;200000.0;Mittelstürmer;Reservebank
