GameId;team;club;name;age;value;position;role
2515893;Republik Kongo;US Le Pontet;Christoffer Mafoumbi;20;100000.0;Torwart;Startaufstellung
2515893;Republik Kongo;AC Léopards de Dolisie;Sagesse Babélé;21;100000.0;Innenverteidiger;Startaufstellung
2515893;Republik Kongo;;Dimitri Magnoléké Bissiki;23;100000.0;Innenverteidiger;Startaufstellung
2515893;Republik Kongo;RSC Charleroi;Francis N'Ganga;29;600000.0;Linker Verteidiger;Startaufstellung
2515893;Republik Kongo;SC Amiens;Marvin Baudry;24;100000.0;Rechter Verteidiger;Startaufstellung
2515893;Republik Kongo;Olympiakos Piräus;Delvin N'Dinga;26;3500000.0;Defensives Mittelfeld;Startaufstellung
2515893;Republik Kongo;Stade Reims;Prince Oniangué;26;3500000.0;Zentrales Mittelfeld;Startaufstellung
2515893;Republik Kongo;SCO Angers;Arnold Bouka Moutou;26;500000.0;Linkes Mittelfeld;Startaufstellung
2515893;Republik Kongo;FK Teplice;Francis Litsingi;28;600000.0;Rechtsaußen;Startaufstellung
2515893;Republik Kongo;UD Almería;Thievy Bifouma;22;2000000.0;Mittelstürmer;Startaufstellung
2515893;Republik Kongo;CFR Cluj;Férébory Doré;26;900000.0;Mittelstürmer;Startaufstellung
2515893;Burkina Faso;AS Beauvais Oise;Germain Sanou;22;50000.0;Torwart;Startaufstellung
2515893;Burkina Faso;FC Toulouse;Steeve Yago;22;1750000.0;Innenverteidiger;Startaufstellung
2515893;Burkina Faso;Olympique Lyon;Bakary Koné;26;2000000.0;Innenverteidiger;Startaufstellung
2515893;Burkina Faso;AS Kaloum;Issa Gouo;25;50000.0;Linker Verteidiger;Startaufstellung
2515893;Burkina Faso;Zamalek SC;Mohamed Koffi;28;400000.0;Rechter Verteidiger;Startaufstellung
2515893;Burkina Faso;FC Évian Thonon Gaillard;Djakaridja Koné;28;1000000.0;Defensives Mittelfeld;Startaufstellung
2515893;Burkina Faso;Kuban Krasnodar;Charles Kaboré;26;7000000.0;Defensives Mittelfeld;Startaufstellung
2515893;Burkina Faso;FC Lorient;Alain Traoré;26;2000000.0;Offensives Mittelfeld;Startaufstellung
2515893;Burkina Faso;Kardemir Karabükspor;Abdou Traoré;26;3500000.0;Linksaußen;Startaufstellung
2515893;Burkina Faso;Mersin Idmanyurdu;Prejuce Nakoulma;27;700000.0;Rechtsaußen;Startaufstellung
2515893;Burkina Faso;Al-Jazira (Abu Dhabi);Jonathan Pitroipa;28;4000000.0;Mittelstürmer;Startaufstellung
2515893;Republik Kongo;;Chancel Massa;32;100000.0;Torwart;Reservebank
2515893;Republik Kongo;;Pavelh Ndzila;20;100000.0;Torwart;Reservebank
2515893;Republik Kongo;;Cosme Andrely Atoni Mavoungou;18;100000.0;Innenverteidiger;Reservebank
2515893;Republik Kongo;FC Aarau;Igor Nganga;27;750000.0;Rechter Verteidiger;Reservebank
2515893;Republik Kongo;;Césaire Gandzé;25;100000.0;Rechtes Mittelfeld;Reservebank
2515893;Republik Kongo;CARA Brazzaville;Hardy Binguila;18;100000.0;Zentrales Mittelfeld;Reservebank
2515893;Republik Kongo;FC Lausanne-Sport;Chris Malonga;27;600000.0;Linksaußen;Reservebank
2515893;Republik Kongo;EA Guingamp;Ladislas Douniama;28;500000.0;Hängende Spitze;Reservebank
2515893;Republik Kongo;Raja Casablanca;Silvere Ganvoula;18;100000.0;Mittelstürmer;Reservebank
2515893;Republik Kongo;Wydad Athletic Club Casablanca;Fabrice Ondama;26;550000.0;Mittelstürmer;Reservebank
2515893;Republik Kongo;Hibernian FC;Dominique Malonga;26;350000.0;Mittelstürmer;Reservebank
2515893;Burkina Faso;Rail Club du Kadiogo;Moussa Fofana;22;50000.0;Torwart;Reservebank
2515893;Burkina Faso;Hearts of Oak;Abdoulaye Soulama;35;100000.0;Torwart;Reservebank
2515893;Burkina Faso;Horoya AC;Paul Koulibaly;28;250000.0;Innenverteidiger;Reservebank
2515893;Burkina Faso;Universitatea Cluj;Narcisse Bambara;25;450000.0;Linker Verteidiger;Reservebank
2515893;Burkina Faso;Sheriff Tiraspol;Wilfried Balima;29;400000.0;Rechter Verteidiger;Reservebank
2515893;Burkina Faso;CA Bastia;Florent Rouamba;28;250000.0;Defensives Mittelfeld;Reservebank
2515893;Burkina Faso;SönderjyskE;Adama Guira;26;400000.0;Zentrales Mittelfeld;Reservebank
2515893;Burkina Faso;El Ahly Kairo;Moussa Yedan;25;300000.0;Offensives Mittelfeld;Reservebank
2515893;Burkina Faso;Vitesse Arnheim;Bertrand Traoré;19;1500000.0;Rechtsaußen;Reservebank
2515893;Burkina Faso;UD Almería;Jonathan Zongo;25;1500000.0;Rechtsaußen;Reservebank
2515893;Burkina Faso;FC Admira Wacker Mödling;Issiaka Ouédraogo;26;400000.0;Mittelstürmer;Reservebank
2515893;Burkina Faso;HJK Helsinki;Aristide Bancé;30;200000.0;Mittelstürmer;Reservebank
