GameId;team;club;name;age;value;position;role
2515896;Südafrika;Kaizer Chiefs;Nhlanhla Khuzwayo;24;150000.0;Torwart;Startaufstellung
2515896;Südafrika;Ajax Cape Town;Rivaldo Coetzee;18;250000.0;Innenverteidiger;Startaufstellung
2515896;Südafrika;Kaizer Chiefs;Eric Mathoho;24;600000.0;Innenverteidiger;Startaufstellung
2515896;Südafrika;Orlando Pirates;Thabo Matlaba;27;375000.0;Linker Verteidiger;Startaufstellung
2515896;Südafrika;KRC Genk;Anele Ngcongca;27;3000000.0;Rechter Verteidiger;Startaufstellung
2515896;Südafrika;KV Oostende;Andile Jali;24;1200000.0;Defensives Mittelfeld;Startaufstellung
2515896;Südafrika;Doncaster Rovers;Dean Furman;26;450000.0;Zentrales Mittelfeld;Startaufstellung
2515896;Südafrika;SuperSport United;Thuso Phala;28;450000.0;Linksaußen;Startaufstellung
2515896;Südafrika;Kaizer Chiefs;Mandla Masango;25;275000.0;Rechtsaußen;Startaufstellung
2515896;Südafrika;AmaZulu FC;Bongani Ndulula;25;250000.0;Mittelstürmer;Startaufstellung
2515896;Südafrika;AFC Bournemouth;Tokelo Rantie;24;2500000.0;Mittelstürmer;Startaufstellung
2515896;Ghana;CD Mirandés;Brimah Razak;27;500000.0;Torwart;Startaufstellung
2515896;Ghana;FC Évian Thonon Gaillard;Jonathan Mensah;24;1500000.0;Innenverteidiger;Startaufstellung
2515896;Ghana;FC Kopenhagen;Daniel Amartey;20;1000000.0;Innenverteidiger;Startaufstellung
2515896;Ghana;FC Augsburg;Abdul Rahman Baba;20;3000000.0;Linker Verteidiger;Startaufstellung
2515896;Ghana;Esperance Tunis;Harrison Afful;28;1100000.0;Rechter Verteidiger;Startaufstellung
2515896;Ghana;Parma FC;Afriyie Acquah;23;3000000.0;Defensives Mittelfeld;Startaufstellung
2515896;Ghana;Celtic Glasgow;Mubarak Wakaso;24;5000000.0;Zentrales Mittelfeld;Startaufstellung
2515896;Ghana;Olympique Marseille;André Ayew;25;12000000.0;Linksaußen;Startaufstellung
2515896;Ghana;FC Everton;Christian Atsu;23;6000000.0;Rechtsaußen;Startaufstellung
2515896;Ghana;Al-Ain FC;Asamoah Gyan;29;4000000.0;Mittelstürmer;Startaufstellung
2515896;Ghana;FC Lorient;Jordan Ayew;23;4500000.0;Mittelstürmer;Startaufstellung
2515896;Südafrika;KV Kortrijk;Darren Keet;25;1200000.0;Torwart;Reservebank
2515896;Südafrika;Mpumalanga Black Aces FC;Jackson Mabokgwane;27;175000.0;Torwart;Reservebank
2515896;Südafrika;Orlando Pirates;Ayanda Gcaba;28;250000.0;Innenverteidiger;Reservebank
2515896;Südafrika;Bidvest Wits FC;Siyabonga Nhlapo;26;225000.0;Rechter Verteidiger;Reservebank
2515896;Südafrika;Chippa United;Thamsanqa Sangweni;25;250000.0;Defensives Mittelfeld;Reservebank
2515896;Südafrika;Mamelodi Sundowns FC;Bongani Zungu;22;300000.0;Zentrales Mittelfeld;Reservebank
2515896;Südafrika;Kaizer Chiefs;Reneilwe Letsholonyane;32;450000.0;Zentrales Mittelfeld;Reservebank
2515896;Südafrika;Bidvest Wits FC;Sibusiso Vilakazi;25;500000.0;Offensives Mittelfeld;Reservebank
2515896;Südafrika;Mamelodi Sundowns FC;Themba Zwane;25;250000.0;Offensives Mittelfeld;Reservebank
2515896;Südafrika;Kaizer Chiefs;Bernard Parker;28;1000000.0;Mittelstürmer;Reservebank
2515896;Ghana;CS Don Bosco;Ernest Sowah;26;150000.0;Torwart;Reservebank
2515896;Ghana;Ashanti Gold SC;Fatau Dauda;29;250000.0;Torwart;Reservebank
2515896;Ghana;Maritzburg United FC;Mohamed Awal;26;350000.0;Innenverteidiger;Reservebank
2515896;Ghana;Kayseri Erciyesspor;John Boye;27;2200000.0;Innenverteidiger;Reservebank
2515896;Ghana;Mpumalanga Black Aces FC;Edwin Gyimah;23;350000.0;Defensives Mittelfeld;Reservebank
2515896;Ghana;Kuban Krasnodar;Rabiu Mohammed;25;3000000.0;Defensives Mittelfeld;Reservebank
2515896;Ghana;Udinese Calcio;Emmanuel Badu;24;5000000.0;Defensives Mittelfeld;Reservebank
2515896;Ghana;RSC Anderlecht;Frank Acheampong;21;4000000.0;Linksaußen;Reservebank
2515896;Ghana;Chicago Fire;David Accam;24;1500000.0;Linksaußen;Reservebank
2515896;Ghana;TP Mazembe;Solomon Asanté;24;250000.0;Rechtsaußen;Reservebank
2515896;Ghana;Crystal Palace;Kwesi Appiah;24;150000.0;Mittelstürmer;Reservebank
2515896;Ghana;Sogndal IL;Mahatma Otoo;22;500000.0;Mittelstürmer;Reservebank
