GameId;team;club;name;age;value;position;role
2515886;Kap Verde;Progresso do Sambizanga;Vozinha;28;100000.0;Torwart;Startaufstellung
2515886;Kap Verde;Steaua Bukarest;Fernando Varela;27;3000000.0;Innenverteidiger;Startaufstellung
2515886;Kap Verde;CS Marítimo;Gegé;26;1200000.0;Innenverteidiger;Startaufstellung
2515886;Kap Verde;Videoton FC;Stopira;26;600000.0;Linker Verteidiger;Startaufstellung
2515886;Kap Verde;AEL Limassol;Carlitos;29;400000.0;Rechter Verteidiger;Startaufstellung
2515886;Kap Verde;Progresso do Sambizanga;Calu;31;100000.0;Defensives Mittelfeld;Startaufstellung
2515886;Kap Verde;GD Estoril Praia;Babanco;29;1500000.0;Zentrales Mittelfeld;Startaufstellung
2515886;Kap Verde;CS U Craiova;Nuno Rocha;22;550000.0;Zentrales Mittelfeld;Startaufstellung
2515886;Kap Verde;Kardemir Karabükspor;Kuca;25;300000.0;Linksaußen;Startaufstellung
2515886;Kap Verde;LOSC Lille;Ryan Mendes;25;2500000.0;Rechtsaußen;Startaufstellung
2515886;Kap Verde;FCO Dijon;Julio Tavarès;26;800000.0;Mittelstürmer;Startaufstellung
2515886;Demokratische Republik Kongo;TP Mazembe;Robert Muteba Kidiaba;38;500000.0;Torwart;Startaufstellung
2515886;Demokratische Republik Kongo;TP Mazembe;Joël Kimwaki;28;400000.0;Innenverteidiger;Startaufstellung
2515886;Demokratische Republik Kongo;FC Évian Thonon Gaillard;Cédric Mongongu;25;2000000.0;Innenverteidiger;Startaufstellung
2515886;Demokratische Republik Kongo;TP Mazembe;Kilitcho Kasusula;32;300000.0;Linker Verteidiger;Startaufstellung
2515886;Demokratische Republik Kongo;Kabuscorp SC do Palanca;Issama Mpeko;28;150000.0;Rechter Verteidiger;Startaufstellung
2515886;Demokratische Republik Kongo;RSC Anderlecht;Chancel Mbemba;20;6000000.0;Defensives Mittelfeld;Startaufstellung
2515886;Demokratische Republik Kongo;West Bromwich Albion;Youssouf Mulumbu;27;5000000.0;Defensives Mittelfeld;Startaufstellung
2515886;Demokratische Republik Kongo;Club Sportif Sfaxien;Chikito Lema Mabidi;21;100000.0;Offensives Mittelfeld;Startaufstellung
2515886;Demokratische Republik Kongo;Crystal Palace;Yannick Bolasie;25;4000000.0;Linksaußen;Startaufstellung
2515886;Demokratische Republik Kongo;CA Osasuna;Cedrick;22;1200000.0;Rechtsaußen;Startaufstellung
2515886;Demokratische Republik Kongo;Dynamo Kiew;Dieumerci Mbokani;29;10000000.0;Mittelstürmer;Startaufstellung
2515886;Kap Verde;CD Nacional;Kevin Sousa;20;100000.0;Torwart;Reservebank
2515886;Kap Verde;;Ivan Cruz;18;100000.0;Torwart;Reservebank
2515886;Kap Verde;CS U Craiova;Kay;27;600000.0;Innenverteidiger;Reservebank
2515886;Kap Verde;CS Marítimo;Semedo;26;400000.0;Defensives Mittelfeld;Reservebank
2515886;Kap Verde;FC Dordrecht;Jeffry Fortes;25;250000.0;Defensives Mittelfeld;Reservebank
2515886;Kap Verde;Excelsior Rotterdam;Toni Varela;28;300000.0;Zentrales Mittelfeld;Reservebank
2515886;Kap Verde;ZSKA Sofia;Platini;28;1200000.0;Linksaußen;Reservebank
2515886;Kap Verde;Sporting Lissabon;Héldon;26;3300000.0;Linksaußen;Reservebank
2515886;Kap Verde;FC Elche;Garry Rodrigues;24;1800000.0;Linksaußen;Reservebank
2515886;Kap Verde;Stade Reims;Odaïr Fortes;27;2500000.0;Rechtsaußen;Reservebank
2515886;Demokratische Republik Kongo;RSC Charleroi;Parfait Mandanda;25;800000.0;Torwart;Reservebank
2515886;Demokratische Republik Kongo;RSC Anderlecht;Nicaise Kudimbana;28;300000.0;Torwart;Reservebank
2515886;Demokratische Republik Kongo;Peterborough United;Gabriel Zakuani;28;400000.0;Innenverteidiger;Reservebank
2515886;Demokratische Republik Kongo;Académica Coimbra;Christopher Oualembo;27;300000.0;Rechter Verteidiger;Reservebank
2515886;Demokratische Republik Kongo;AS Vita Club Kinshasa;Bawaka Mabele;25;100000.0;Rechter Verteidiger;Reservebank
2515886;Demokratische Republik Kongo;;Nelson Munganga;21;100000.0;Defensives Mittelfeld;Reservebank
2515886;Demokratische Republik Kongo;SV Werder Bremen;Cédric Makiadi;30;1500000.0;Zentrales Mittelfeld;Reservebank
2515886;Demokratische Republik Kongo;RSC Charleroi;Neeskens Kebano;22;2000000.0;Offensives Mittelfeld;Reservebank
2515886;Demokratische Republik Kongo;KRC Genk;Hervé Kage;25;1200000.0;Rechtsaußen;Reservebank
2515886;Demokratische Republik Kongo;Cercle Brügge;Junior Kabananga;25;1000000.0;Mittelstürmer;Reservebank
2515886;Demokratische Republik Kongo;Terek Grozny;Jeremy Bokila;26;1500000.0;Mittelstürmer;Reservebank
2515886;Demokratische Republik Kongo;;Firmin Mubele;20;100000.0;Mittelstürmer;Reservebank
