GameId;team;club;name;age;value;position;role
2515888;Südafrika;Mpumalanga Black Aces FC;Jackson Mabokgwane;27;175000.0;Torwart;Startaufstellung
2515888;Südafrika;Bidvest Wits FC;Thulani Hlatshwayo;25;500000.0;Innenverteidiger;Startaufstellung
2515888;Südafrika;Kaizer Chiefs;Eric Mathoho;24;600000.0;Innenverteidiger;Startaufstellung
2515888;Südafrika;Orlando Pirates;Thabo Matlaba;27;375000.0;Linker Verteidiger;Startaufstellung
2515888;Südafrika;KRC Genk;Anele Ngcongca;27;3000000.0;Rechter Verteidiger;Startaufstellung
2515888;Südafrika;Doncaster Rovers;Dean Furman;26;450000.0;Defensives Mittelfeld;Startaufstellung
2515888;Südafrika;KV Oostende;Andile Jali;24;1200000.0;Zentrales Mittelfeld;Startaufstellung
2515888;Südafrika;Orlando Pirates;Oupa Manyisa;26;500000.0;Linkes Mittelfeld;Startaufstellung
2515888;Südafrika;Bidvest Wits FC;Sibusiso Vilakazi;25;500000.0;Offensives Mittelfeld;Startaufstellung
2515888;Südafrika;SuperSport United;Thuso Phala;28;450000.0;Rechtsaußen;Startaufstellung
2515888;Südafrika;AFC Bournemouth;Tokelo Rantie;24;2500000.0;Mittelstürmer;Startaufstellung
2515888;Senegal;Ethnikos Achnas;Bouna Coundoul;32;250000.0;Torwart;Startaufstellung
2515888;Senegal;KRC Genk;Kara;25;4000000.0;Innenverteidiger;Startaufstellung
2515888;Senegal;FC Girondins Bordeaux;Lamine Sané;27;5000000.0;Innenverteidiger;Startaufstellung
2515888;Senegal;FC Stade Rennes;Cheikh M'Bengue;26;2500000.0;Linker Verteidiger;Startaufstellung
2515888;Senegal;FC Lorient;Lamine Gassama;25;1250000.0;Rechter Verteidiger;Startaufstellung
2515888;Senegal;Real Betis Sevilla;Alfred N'Diaye;24;3500000.0;Defensives Mittelfeld;Startaufstellung
2515888;Senegal;LOSC Lille;Idrissa Gueye;25;6000000.0;Defensives Mittelfeld;Startaufstellung
2515888;Senegal;UD Levante;Pape Diop;28;3500000.0;Zentrales Mittelfeld;Startaufstellung
2515888;Senegal;FC Southampton;Sadio Mané;22;10000000.0;Linksaußen;Startaufstellung
2515888;Senegal;Fenerbahce Istanbul;Moussa Sow;29;16000000.0;Rechtsaußen;Startaufstellung
2515888;Senegal;Stoke City;Mame Diouf;27;9000000.0;Mittelstürmer;Startaufstellung
2515888;Südafrika;KV Kortrijk;Darren Keet;25;1200000.0;Torwart;Reservebank
2515888;Südafrika;Kaizer Chiefs;Nhlanhla Khuzwayo;24;150000.0;Torwart;Reservebank
2515888;Südafrika;Orlando Pirates;Ayanda Gcaba;28;250000.0;Innenverteidiger;Reservebank
2515888;Südafrika;Bidvest Wits FC;Siyabonga Nhlapo;26;225000.0;Rechter Verteidiger;Reservebank
2515888;Südafrika;Chippa United;Thamsanqa Sangweni;25;250000.0;Defensives Mittelfeld;Reservebank
2515888;Südafrika;Mamelodi Sundowns FC;Bongani Zungu;22;300000.0;Zentrales Mittelfeld;Reservebank
2515888;Südafrika;Kaizer Chiefs;Reneilwe Letsholonyane;32;450000.0;Zentrales Mittelfeld;Reservebank
2515888;Südafrika;Mamelodi Sundowns FC;Themba Zwane;25;250000.0;Offensives Mittelfeld;Reservebank
2515888;Südafrika;Kaizer Chiefs;Mandla Masango;25;275000.0;Rechtsaußen;Reservebank
2515888;Südafrika;Kaizer Chiefs;Bernard Parker;28;1000000.0;Mittelstürmer;Reservebank
2515888;Südafrika;AmaZulu FC;Bongani Ndulula;25;250000.0;Mittelstürmer;Reservebank
2515888;Senegal;Trapani Calcio;Lys Gomis;25;100000.0;Torwart;Reservebank
2515888;Senegal;FC Sochaux-Montbéliard;Papa Demba Camara;22;250000.0;Torwart;Reservebank
2515888;Senegal;FC Nantes;Papy Djilobodji;26;6000000.0;Innenverteidiger;Reservebank
2515888;Senegal;AC Le Havre;Zargo Touré;25;800000.0;Innenverteidiger;Reservebank
2515888;Senegal;Hannover 96;Salif Sané;24;1000000.0;Innenverteidiger;Reservebank
2515888;Senegal;LOSC Lille;Pape Souaré;24;3500000.0;Linker Verteidiger;Reservebank
2515888;Senegal;West Ham United;Cheikhou Kouyaté;25;7000000.0;Defensives Mittelfeld;Reservebank
2515888;Senegal;Brann Bergen;Stéphane Badji;25;900000.0;Zentrales Mittelfeld;Reservebank
2515888;Senegal;FC Girondins Bordeaux;Henri Saivet;24;4000000.0;Offensives Mittelfeld;Reservebank
2515888;Senegal;Lokomotiv Moskau;Dame N'Doye;29;10000000.0;Mittelstürmer;Reservebank
2515888;Senegal;Newcastle United;Papiss Demba Cissé;29;7000000.0;Mittelstürmer;Reservebank
2515888;Senegal;FC Sion;Moussa Konaté;21;1000000.0;Mittelstürmer;Reservebank
