GameId;team;club;name;age;value;position;role
2528974;Iran;FC Penafiel;Alireza Haghighi;26;450000.0;Torwart;Startaufstellung
2528974;Iran;Al Ahli Sports Club;Seyed Jalal Hosseini;32;1800000.0;Innenverteidiger;Startaufstellung
2528974;Iran;Naft Novin Teheran;Morteza Pouraliganji;22;500000.0;Innenverteidiger;Startaufstellung
2528974;Iran;Al-Shahania Sports Club;Mehrdad Pooladi;27;1000000.0;Linker Verteidiger;Startaufstellung
2528974;Iran;Sepahan FC;Vouria Ghafoori;27;800000.0;Rechter Verteidiger;Startaufstellung
2528974;Iran;CA Osasuna;Javad Nekounam;34;600000.0;Defensives Mittelfeld;Startaufstellung
2528974;Iran;Tractor Sazi FC;Andranik Teymourian;31;1900000.0;Defensives Mittelfeld;Startaufstellung
2528974;Iran;Al-Shahania Sports Club;Masoud Shojaei;30;1200000.0;Rechtes Mittelfeld;Startaufstellung
2528974;Iran;Al Arabi Sports Club;Ashkan Dejagah;28;3000000.0;Linkes Mittelfeld;Startaufstellung
2528974;Iran;Sepahan FC;Ehsan Hajsafi;24;1500000.0;Offensives Mittelfeld;Startaufstellung
2528974;Iran;Rubin Kazan;Sardar Azmoun;20;1000000.0;Mittelstürmer;Startaufstellung
2528974;Irak;Erbil SC;Jalal Hassan Hachim;23;100000.0;Torwart;Startaufstellung
2528974;Irak;Ajman Club;Ahmad Ibrahim Khalaf;22;100000.0;Innenverteidiger;Startaufstellung
2528974;Irak;Al-Fateh;Salam Shakir;28;125000.0;Innenverteidiger;Startaufstellung
2528974;Irak;Al-Shorta SC;Dhurgham Ismail;20;100000.0;Linker Verteidiger;Startaufstellung
2528974;Irak;Al-Shorta SC;Waleed Salim;23;100000.0;Rechter Verteidiger;Startaufstellung
2528974;Irak;Erbil SC;Saad Abdul-Amir;23;100000.0;Defensives Mittelfeld;Startaufstellung
2528974;Irak;Swindon Town;Yaser Kasim;23;150000.0;Defensives Mittelfeld;Startaufstellung
2528974;Irak;Örebro SK;Ahmed Yasin;23;300000.0;Rechtes Mittelfeld;Startaufstellung
2528974;Irak;Al-Zawraa;Alaa Abdul-Zahra;27;100000.0;Offensives Mittelfeld;Startaufstellung
2528974;Irak;Columbus Crew SC;Justin Meram;26;175000.0;Linksaußen;Startaufstellung
2528974;Irak;Vereinslos;Younis Mahmoud;31;1000000.0;Mittelstürmer;Startaufstellung
2528974;Iran;Esteghlal FC;Mohsen Forouzan;26;300000.0;Torwart;Reservebank
2528974;Iran;Naft Novin Teheran;Alireza Beiranvand;22;600000.0;Torwart;Reservebank
2528974;Iran;Esteghlal FC;Amir Hossein Sadeghi;33;600000.0;Innenverteidiger;Reservebank
2528974;Iran;Persepolis FC;Mohammad Reza Khanzadeh;23;400000.0;Innenverteidiger;Reservebank
2528974;Iran;Esteghlal FC;Khosro Heydari;31;1000000.0;Rechter Verteidiger;Reservebank
2528974;Iran;Rah Ahan Yazdan FC;Ramin Rezaeian;24;400000.0;Rechter Verteidiger;Reservebank
2528974;Iran;Esteghlal FC;Omid Ebrahimi;27;1200000.0;Defensives Mittelfeld;Reservebank
2528974;Iran;Foolad FC;Soroosh Rafiei;24;700000.0;Offensives Mittelfeld;Reservebank
2528974;Iran;Naft Novin Teheran;Vahid Amiri;26;700000.0;Linksaußen;Reservebank
2528974;Iran;NEC Nijmegen;Alireza Jahanbakhsh;21;1250000.0;Rechtsaußen;Reservebank
2528974;Iran;Al-Kuwait Sports Club;Reza Ghoochannejhad;27;1000000.0;Mittelstürmer;Reservebank
2528974;Iran;CA Osasuna;Karim Ansarifard;24;800000.0;Mittelstürmer;Reservebank
2528974;Irak;;Ali Yaseen;21;100000.0;Torwart;Reservebank
2528974;Irak;Zakho FC;Mohammed Hameed;21;100000.0;Torwart;Reservebank
2528974;Irak;Al-Shorta SC;Ali Bahjat;22;100000.0;Innenverteidiger;Reservebank
2528974;Irak;;Ali Faez Atiyah;20;100000.0;Innenverteidiger;Reservebank
2528974;Irak;Caykur Rizespor;Ali Adnan;21;3800000.0;Linker Verteidiger;Reservebank
2528974;Irak;;Sameh Saeed;22;100000.0;Rechter Verteidiger;Reservebank
2528974;Irak;;Mahdi Kamil;20;100000.0;Zentrales Mittelfeld;Reservebank
2528974;Irak;Alphense Boys;Osama Rashid;23;100000.0;Zentrales Mittelfeld;Reservebank
2528974;Irak;Al-Dhafra SCC;Humam Tariq;18;100000.0;Linksaußen;Reservebank
2528974;Irak;;Ali Husni Faisal;20;100000.0;Linksaußen;Reservebank
2528974;Irak;Al-Shorta SC;Marwan Hussein;22;100000.0;Mittelstürmer;Reservebank
2528974;Irak;;Amjed Kalaf;23;100000.0;Mittelstürmer;Reservebank
