GameId;team;club;name;age;value;position;role
2528972;Südkorea;Cerezo Osaka;Jin-Hyeon Kim;27;1000000.0;Torwart;Startaufstellung
2528972;Südkorea;Guangzhou Evergrande Taobao;Young-gwon Kim;24;1200000.0;Innenverteidiger;Startaufstellung
2528972;Südkorea;Al-Hilal Riad;Tae-heui Kwak;33;900000.0;Innenverteidiger;Startaufstellung
2528972;Südkorea;TSG 1899 Hoffenheim;Jin-su Kim;22;1250000.0;Linker Verteidiger;Startaufstellung
2528972;Südkorea;Kashiwa Reysol;Chang-su Kim;29;750000.0;Rechter Verteidiger;Startaufstellung
2528972;Südkorea;1.FSV Mainz 05;Ju-ho Park;28;2500000.0;Defensives Mittelfeld;Startaufstellung
2528972;Südkorea;Swansea City;Sung-Yong Ki;25;6000000.0;Defensives Mittelfeld;Startaufstellung
2528972;Südkorea;Al Duhail Sports Club;Tae-Hee Nam;23;1000000.0;Offensives Mittelfeld;Startaufstellung
2528972;Südkorea;Bayer 04 Leverkusen;Heung-Min Son;22;14000000.0;Linksaußen;Startaufstellung
2528972;Südkorea;El-Jaish Sports Club;Keun-ho Lee;29;1500000.0;Rechtsaußen;Startaufstellung
2528972;Südkorea;Sangju Sangmu FC;Jeong-hyeob Lee;23;500000.0;Mittelstürmer;Startaufstellung
2528972;Usbekistan;Lokomotiv Tashkent;Ignatiy Nesterov;31;1000000.0;Torwart;Startaufstellung
2528972;Usbekistan;Changchun Yatai;Anzur Ismailov;29;325000.0;Innenverteidiger;Startaufstellung
2528972;Usbekistan;Lokomotiv Tashkent;Shavkatjon Mulladjanov;29;150000.0;Innenverteidiger;Startaufstellung
2528972;Usbekistan;Lokomotiv Moskau;Vitali Denisov;27;5000000.0;Linker Verteidiger;Startaufstellung
2528972;Usbekistan;Nasaf Qarshi;Shukhrat Mukhammadiev;25;150000.0;Rechter Verteidiger;Startaufstellung
2528972;Usbekistan;Al-Shabab Al-Arabi Club;Azizbek Haydarov;29;500000.0;Defensives Mittelfeld;Startaufstellung
2528972;Usbekistan;FK Krasnodar;Odil Akhmedov;27;6000000.0;Defensives Mittelfeld;Startaufstellung
2528972;Usbekistan;Lokomotiv Tashkent;Lutfulla Turaev;26;350000.0;Offensives Mittelfeld;Startaufstellung
2528972;Usbekistan;Vorskla Poltava;Sanjar Tursunov;28;900000.0;Linksaußen;Startaufstellung
2528972;Usbekistan;FC Bunyodkor;Sardor Rashidov;23;150000.0;Rechtsaußen;Startaufstellung
2528972;Usbekistan;Padideh Khorasan FC;Bakhodir Nasimov;27;350000.0;Mittelstürmer;Startaufstellung
2528972;Südkorea;Suwon Samsung Bluewings FC;Sung-Ryong Jung;30;1500000.0;Torwart;Reservebank
2528972;Südkorea;;Seung-Gyu Kim;24;1000000.0;Torwart;Reservebank
2528972;Südkorea;Shanghai SIPG;Ju-young Kim;26;750000.0;Innenverteidiger;Reservebank
2528972;Südkorea;Guangzhou R&F;Hyun-Soo Jang;23;850000.0;Innenverteidiger;Reservebank
2528972;Südkorea;FC Seoul;Du-Ri Cha;34;825000.0;Rechter Verteidiger;Reservebank
2528972;Südkorea;Qatar Sports Club;Guk-yeong Han;24;1000000.0;Defensives Mittelfeld;Reservebank
2528972;Südkorea;Al-Ain FC;Myeong-ju Lee;24;1000000.0;Defensives Mittelfeld;Reservebank
2528972;Südkorea;Sagan Tosu;Min-uh Kim;24;1000000.0;Linkes Mittelfeld;Reservebank
2528972;Südkorea;Qatar Sports Club;Yeong-cheol Jo;25;900000.0;Linksaußen;Reservebank
2528972;Südkorea;Jeonbuk Hyundai Motors FC;Kyo-won Han;24;750000.0;Rechtsaußen;Reservebank
2528972;Usbekistan;;Eldorbek Suyunov;23;150000.0;Torwart;Reservebank
2528972;Usbekistan;;Akbar Turaev;25;150000.0;Torwart;Reservebank
2528972;Usbekistan;Pakhtakor Tashkent;Egor Krimets;22;350000.0;Innenverteidiger;Reservebank
2528972;Usbekistan;Nasaf Qarshi;Farrukh Sayfiev;24;150000.0;Linker Verteidiger;Reservebank
2528972;Usbekistan;FC Bunyodkor;Akmal Shorakhmedov;28;350000.0;Rechter Verteidiger;Reservebank
2528972;Usbekistan;Lokomotiv Tashkent;Timur Kapadze;33;300000.0;Zentrales Mittelfeld;Reservebank
2528972;Usbekistan;Lokomotiv Tashkent;Jasur Khasanov;25;250000.0;Rechtes Mittelfeld;Reservebank
2528972;Usbekistan;Ulsan Hyundai;Server Djeparov;32;1300000.0;Offensives Mittelfeld;Reservebank
2528972;Usbekistan;;Jamshid Iskanderov;21;500000.0;Offensives Mittelfeld;Reservebank
2528972;Usbekistan;Lokomotiv Tashkent;Jasur Khasanov;31;275000.0;Offensives Mittelfeld;Reservebank
2528972;Usbekistan;FC Bunyodkor;Vokhid Shodiev;28;150000.0;Hängende Spitze;Reservebank
2528972;Usbekistan;Pakhtakor Tashkent;Igor Sergeev;21;300000.0;Mittelstürmer;Reservebank
