GameId;team;club;name;age;value;position;role
2529903;Australien;FC Brügge;Mathew Ryan;22;4000000.0;Torwart;Startaufstellung
2529903;Australien;Western Sydney Wanderers;Matthew Spiranovic;26;500000.0;Innenverteidiger;Startaufstellung
2529903;Australien;PEC Zwolle;Trent Sainsbury;23;650000.0;Innenverteidiger;Startaufstellung
2529903;Australien;West Bromwich Albion;Jason Davidson;23;750000.0;Linker Verteidiger;Startaufstellung
2529903;Australien;Torpedo Moskau;Ivan Franjic;27;600000.0;Rechter Verteidiger;Startaufstellung
2529903;Australien;Crystal Palace;Mile Jedinak;30;4000000.0;Defensives Mittelfeld;Startaufstellung
2529903;Australien;Melbourne Victory;Mark Milligan;29;750000.0;Zentrales Mittelfeld;Startaufstellung
2529903;Australien;Swindon Town;Massimo Luongo;22;400000.0;Zentrales Mittelfeld;Startaufstellung
2529903;Australien;FC Ingolstadt 04;Mathew Leckie;23;1700000.0;Linksaußen;Startaufstellung
2529903;Australien;Bayer 04 Leverkusen;Robbie Kruse;26;2750000.0;Rechtsaußen;Startaufstellung
2529903;Australien;New York Red Bulls;Tim Cahill;35;1000000.0;Mittelstürmer;Startaufstellung
2529903;Vereinigte Arabische Emirate;Al-Ahli Dubai Club;Majed Naser;30;100000.0;Torwart;Startaufstellung
2529903;Vereinigte Arabische Emirate;;Mohnad Salem;29;100000.0;Innenverteidiger;Startaufstellung
2529903;Vereinigte Arabische Emirate;Al-Ain FC;Mohamed Ahmad;25;125000.0;Innenverteidiger;Startaufstellung
2529903;Vereinigte Arabische Emirate;Al-Ahli Dubai Club;Walid Abbas;29;125000.0;Linker Verteidiger;Startaufstellung
2529903;Vereinigte Arabische Emirate;Al-Ahli Dubai Club;Abdelaziz Sanqour;25;100000.0;Rechter Verteidiger;Startaufstellung
2529903;Vereinigte Arabische Emirate;;Amer Abdulrahman;25;200000.0;Defensives Mittelfeld;Startaufstellung
2529903;Vereinigte Arabische Emirate;;Khamis Esmaeel;25;100000.0;Defensives Mittelfeld;Startaufstellung
2529903;Vereinigte Arabische Emirate;Al-Ain FC;Mohamed Abdulrahman;25;100000.0;Offensives Mittelfeld;Startaufstellung
2529903;Vereinigte Arabische Emirate;;Ali Mabkhout;24;100000.0;Linksaußen;Startaufstellung
2529903;Vereinigte Arabische Emirate;Al-Ain FC;Omar Abdulrahman;23;1500000.0;Rechtsaußen;Startaufstellung
2529903;Vereinigte Arabische Emirate;;Ahmed Khalil;23;100000.0;Mittelstürmer;Startaufstellung
2529903;Australien;Adelaide United;Eugene Galekovic;33;1000000.0;Torwart;Reservebank
2529903;Australien;Borussia Dortmund;Mitchell Langerak;26;1500000.0;Torwart;Reservebank
2529903;Australien;Jeonbuk Hyundai Motors FC;Alex Wilkinson;30;650000.0;Innenverteidiger;Reservebank
2529903;Australien;Bursaspor;Aziz Behich;24;2000000.0;Linker Verteidiger;Reservebank
2529903;Australien;Sydney FC;Terry Antonis;21;600000.0;Defensives Mittelfeld;Reservebank
2529903;Australien;Brisbane Roar;Matt McKay;32;550000.0;Zentrales Mittelfeld;Reservebank
2529903;Australien;Al Gharafa Sports Club;Mark Bresciano;34;500000.0;Zentrales Mittelfeld;Reservebank
2529903;Australien;Al-Ittihad Dschidda;James Troisi;26;1500000.0;Offensives Mittelfeld;Reservebank
2529903;Australien;FC Utrecht;Tommy Oar;23;2000000.0;Linksaußen;Reservebank
2529903;Australien;Wellington Phoenix;Nathan Burns;26;750000.0;Mittelstürmer;Reservebank
2529903;Australien;Western Sydney Wanderers;Tomi Juric;23;500000.0;Mittelstürmer;Reservebank
2529903;Vereinigte Arabische Emirate;Al-Ain FC;Khalid Eisa;25;100000.0;Torwart;Reservebank
2529903;Vereinigte Arabische Emirate;Sharjah Cultural Sports Club;Mohamed Yousef;23;100000.0;Torwart;Reservebank
2529903;Vereinigte Arabische Emirate;Valletta FC;Hamdan Al Kamali;25;150000.0;Innenverteidiger;Reservebank
2529903;Vereinigte Arabische Emirate;Al-Ain FC;Ismail Ahmed;31;100000.0;Innenverteidiger;Reservebank
2529903;Vereinigte Arabische Emirate;Al-Ahli Dubai Club;Abdulaziz Hussain;24;175000.0;Rechter Verteidiger;Reservebank
2529903;Vereinigte Arabische Emirate;;Majed Hassan;22;100000.0;Defensives Mittelfeld;Reservebank
2529903;Vereinigte Arabische Emirate;;Hassan Ibrahim;24;100000.0;Defensives Mittelfeld;Reservebank
2529903;Vereinigte Arabische Emirate;Al-Ahli Dubai Club;Habib Al Fardan;24;100000.0;Zentrales Mittelfeld;Reservebank
2529903;Vereinigte Arabische Emirate;;Haboosh Saleh;25;100000.0;Rechtes Mittelfeld;Reservebank
2529903;Vereinigte Arabische Emirate;;Ismail Al Hammadi;26;100000.0;Linksaußen;Reservebank
2529903;Vereinigte Arabische Emirate;;Salem Saleh;23;100000.0;Mittelstürmer;Reservebank
2529903;Vereinigte Arabische Emirate;Al-Ain FC;Saeed Al Kathiri;26;100000.0;Mittelstürmer;Reservebank
