GameId;team;club;name;age;value;position;role
2531004;Tunesien;Etoile Sportive du Sahel;Balbouli;30;450000.0;Torwart;Startaufstellung
2531004;Tunesien;AS Monaco;Aymen Abdennour;25;10000000.0;Innenverteidiger;Startaufstellung
2531004;Tunesien;Astra Giurgiu;Syam Ben Youssef;25;1600000.0;Innenverteidiger;Startaufstellung
2531004;Tunesien;Esperance Tunis;Mohamed Ali Yaakoubi;24;550000.0;Innenverteidiger;Startaufstellung
2531004;Tunesien;Club Sportif Sfaxien;Ali Maâloul;25;700000.0;Linker Verteidiger;Startaufstellung
2531004;Tunesien;Club Bizertin;Hamza Mathlouthi;22;500000.0;Rechter Verteidiger;Startaufstellung
2531004;Tunesien;Esperance Tunis;Hocine Ragued;31;700000.0;Defensives Mittelfeld;Startaufstellung
2531004;Tunesien;FC Metz;Ferjani Sassi;22;800000.0;Zentrales Mittelfeld;Startaufstellung
2531004;Tunesien;FC Zürich;Yassine Chikhaoui;28;2000000.0;Linksaußen;Startaufstellung
2531004;Tunesien;FC Girondins Bordeaux;Wahbi Khazri;23;6000000.0;Rechtsaußen;Startaufstellung
2531004;Tunesien;Esperance Tunis;Ahmed Akaichi;25;950000.0;Mittelstürmer;Startaufstellung
2531004;Äquatorialguinea;Vereinslos;Felipe Ovono;21;75000.0;Torwart;Startaufstellung
2531004;Äquatorialguinea;Hibernians FC;Rui;29;75000.0;Innenverteidiger;Startaufstellung
2531004;Äquatorialguinea;;Diosdado Mbele;17;75000.0;Innenverteidiger;Startaufstellung
2531004;Äquatorialguinea;AEK Larnaka;Sipo;26;200000.0;Linker Verteidiger;Startaufstellung
2531004;Äquatorialguinea;Iraklis Psachna;Randy;27;250000.0;Rechter Verteidiger;Startaufstellung
2531004;Äquatorialguinea;Hong Kong Rangers;Iván Zarandona;34;75000.0;Defensives Mittelfeld;Startaufstellung
2531004;Äquatorialguinea;The Panthers FC;Viera Ellong;27;150000.0;Zentrales Mittelfeld;Startaufstellung
2531004;Äquatorialguinea;GD Estoril Praia;Javier Balboa;29;2000000.0;Linksaußen;Startaufstellung
2531004;Äquatorialguinea;RCD Mallorca B;Kike Boula;21;75000.0;Rechtsaußen;Startaufstellung
2531004;Äquatorialguinea;FC Middlesbrough;Emilio Nsue;25;2000000.0;Hängende Spitze;Startaufstellung
2531004;Äquatorialguinea;Olímpic Xàtiva;Raúl Fabiani;30;75000.0;Mittelstürmer;Startaufstellung
2531004;Tunesien;Club Africain Tunis;Farouk Ben Mustapha;25;800000.0;Torwart;Reservebank
2531004;Tunesien;Esperance Tunis;Moez Ben Cherifia;23;900000.0;Torwart;Reservebank
2531004;Tunesien;Stade Laval;Selim Ben Djemia;26;300000.0;Innenverteidiger;Reservebank
2531004;Tunesien;Glasgow Rangers;Bilel Mohsni;27;250000.0;Innenverteidiger;Reservebank
2531004;Tunesien;Etoile Sportive du Sahel;Rami Bedoui;25;400000.0;Innenverteidiger;Reservebank
2531004;Tunesien;Club Africain Tunis;Stéphane Nater;31;750000.0;Defensives Mittelfeld;Reservebank
2531004;Tunesien;HSC Montpellier;Jamel Saihi;28;2000000.0;Defensives Mittelfeld;Reservebank
2531004;Tunesien;Club Sportif Sfaxien;Mohamed Ali Moncer;23;500000.0;Rechtsaußen;Reservebank
2531004;Tunesien;Al Duhail Sports Club;Youssef Msakni;24;2500000.0;Linksaußen;Reservebank
2531004;Tunesien;Club Bizertin;Adam Rejaibi;20;800000.0;Linksaußen;Reservebank
2531004;Tunesien;FC Zürich;Amine Chermiti;27;800000.0;Mittelstürmer;Reservebank
2531004;Tunesien;PFK Ludogorets Razgrad;Hamza Younes;28;2400000.0;Mittelstürmer;Reservebank
2531004;Äquatorialguinea;Málaga CF Juvenil A;Aitor Embela;18;75000.0;Torwart;Reservebank
2531004;Äquatorialguinea;;Carlos Mosibe;23;75000.0;Torwart;Reservebank
2531004;Äquatorialguinea;Vereinslos;Evuy;29;75000.0;Innenverteidiger;Reservebank
2531004;Äquatorialguinea;CD Tropezón;Igor Engonga;20;75000.0;Innenverteidiger;Reservebank
2531004;Äquatorialguinea;Europa FC;Charly;24;75000.0;Innenverteidiger;Reservebank
2531004;Äquatorialguinea;Vegetarianos FC;Miguel Ángel Mayé;24;75000.0;Rechter Verteidiger;Reservebank
2531004;Äquatorialguinea;FC Santa Coloma;Juvenal Edjogo;35;100000.0;Zentrales Mittelfeld;Reservebank
2531004;Äquatorialguinea;UD San Sebastián de los Reyes;Pablo Ganet;20;75000.0;Offensives Mittelfeld;Reservebank
2531004;Äquatorialguinea;Real Madrid Castilla;Rubén Belima;22;75000.0;Linker Verteidiger;Reservebank
2531004;Äquatorialguinea;FC Valencia B (Mestalla);Iban Salvador;19;75000.0;Rechtsaußen;Reservebank
2531004;Äquatorialguinea;The Panthers FC;Rubén Darío;21;75000.0;Rechtsaußen;Reservebank
2531004;Äquatorialguinea;Vereinslos;Iván Bolado;25;75000.0;Mittelstürmer;Reservebank
