GameId;team;club;name;age;value;position;role
2532170;Ghana;CD Mirandés;Brimah Razak;27;500000.0;Torwart;Startaufstellung
2532170;Ghana;FC Évian Thonon Gaillard;Jonathan Mensah;24;1500000.0;Innenverteidiger;Startaufstellung
2532170;Ghana;Kayseri Erciyesspor;John Boye;27;2200000.0;Innenverteidiger;Startaufstellung
2532170;Ghana;FC Augsburg;Abdul Rahman Baba;20;5000000.0;Linker Verteidiger;Startaufstellung
2532170;Ghana;Esperance Tunis;Harrison Afful;28;1100000.0;Rechter Verteidiger;Startaufstellung
2532170;Ghana;Sampdoria Genua;Afriyie Acquah;23;3000000.0;Defensives Mittelfeld;Startaufstellung
2532170;Ghana;Celtic Glasgow;Mubarak Wakaso;24;5000000.0;Zentrales Mittelfeld;Startaufstellung
2532170;Ghana;Olympique Marseille;André Ayew;25;12000000.0;Linksaußen;Startaufstellung
2532170;Ghana;FC Everton;Christian Atsu;23;6000000.0;Rechtsaußen;Startaufstellung
2532170;Ghana;Crystal Palace;Kwesi Appiah;24;150000.0;Mittelstürmer;Startaufstellung
2532170;Ghana;FC Lorient;Jordan Ayew;23;4500000.0;Mittelstürmer;Startaufstellung
2532170;Äquatorialguinea;Vereinslos;Felipe Ovono;21;75000.0;Torwart;Startaufstellung
2532170;Äquatorialguinea;Hibernians FC;Rui;29;75000.0;Innenverteidiger;Startaufstellung
2532170;Äquatorialguinea;;Diosdado Mbele;17;75000.0;Innenverteidiger;Startaufstellung
2532170;Äquatorialguinea;Real Madrid Castilla;Rubén Belima;22;75000.0;Linker Verteidiger;Startaufstellung
2532170;Äquatorialguinea;Vereinslos;Evuy;29;75000.0;Rechter Verteidiger;Startaufstellung
2532170;Äquatorialguinea;Hong Kong Rangers;Iván Zarandona;34;75000.0;Defensives Mittelfeld;Startaufstellung
2532170;Äquatorialguinea;The Panthers FC;Viera Ellong;27;150000.0;Zentrales Mittelfeld;Startaufstellung
2532170;Äquatorialguinea;GD Estoril Praia;Javier Balboa;29;2000000.0;Offensives Mittelfeld;Startaufstellung
2532170;Äquatorialguinea;FC Valencia B (Mestalla);Iban Salvador;19;75000.0;Linksaußen;Startaufstellung
2532170;Äquatorialguinea;RCD Mallorca B;Kike Boula;21;75000.0;Rechtsaußen;Startaufstellung
2532170;Äquatorialguinea;FC Middlesbrough;Emilio Nsue;25;2000000.0;Mittelstürmer;Startaufstellung
2532170;Ghana;CS Don Bosco;Ernest Sowah;26;150000.0;Torwart;Reservebank
2532170;Ghana;Ashanti Gold SC;Fatau Dauda;29;250000.0;Torwart;Reservebank
2532170;Ghana;Al-Shabab Riad;Mohamed Awal;26;350000.0;Innenverteidiger;Reservebank
2532170;Ghana;Mpumalanga Black Aces FC;Edwin Gyimah;23;350000.0;Defensives Mittelfeld;Reservebank
2532170;Ghana;Kuban Krasnodar;Rabiu Mohammed;25;3000000.0;Defensives Mittelfeld;Reservebank
2532170;Ghana;FC Kopenhagen;Daniel Amartey;20;1000000.0;Defensives Mittelfeld;Reservebank
2532170;Ghana;Udinese Calcio;Emmanuel Badu;24;5000000.0;Defensives Mittelfeld;Reservebank
2532170;Ghana;RSC Anderlecht;Frank Acheampong;21;4000000.0;Linksaußen;Reservebank
2532170;Ghana;Chicago Fire;David Accam;24;1500000.0;Linksaußen;Reservebank
2532170;Ghana;TP Mazembe;Solomon Asanté;24;250000.0;Rechtsaußen;Reservebank
2532170;Ghana;Al-Ain FC;Asamoah Gyan;29;4000000.0;Mittelstürmer;Reservebank
2532170;Ghana;Sogndal IL;Mahatma Otoo;22;500000.0;Mittelstürmer;Reservebank
2532170;Äquatorialguinea;Málaga CF Juvenil A;Aitor Embela;18;75000.0;Torwart;Reservebank
2532170;Äquatorialguinea;;Carlos Mosibe;23;75000.0;Torwart;Reservebank
2532170;Äquatorialguinea;CD Tropezón;Igor Engonga;20;75000.0;Innenverteidiger;Reservebank
2532170;Äquatorialguinea;Europa FC;Charly;24;75000.0;Innenverteidiger;Reservebank
2532170;Äquatorialguinea;AEK Larnaka;Sipo;27;200000.0;Linker Verteidiger;Reservebank
2532170;Äquatorialguinea;Vegetarianos FC;Miguel Ángel Mayé;24;75000.0;Rechter Verteidiger;Reservebank
2532170;Äquatorialguinea;FC Santa Coloma;Juvenal Edjogo;35;100000.0;Zentrales Mittelfeld;Reservebank
2532170;Äquatorialguinea;UD San Sebastián de los Reyes;Pablo Ganet;20;75000.0;Zentrales Mittelfeld;Reservebank
2532170;Äquatorialguinea;Iraklis Psachna;Randy;27;250000.0;Rechtsaußen;Reservebank
2532170;Äquatorialguinea;Olímpic Xàtiva;Raúl Fabiani;30;75000.0;Mittelstürmer;Reservebank
2532170;Äquatorialguinea;Vereinslos;Iván Bolado;25;75000.0;Mittelstürmer;Reservebank
