GameId;team;club;name;age;value;position;role
2532169;Demokratische Republik Kongo;TP Mazembe;Robert Muteba Kidiaba;39;500000.0;Torwart;Startaufstellung
2532169;Demokratische Republik Kongo;Peterborough United;Gabriel Zakuani;28;400000.0;Innenverteidiger;Startaufstellung
2532169;Demokratische Republik Kongo;TP Mazembe;Joël Kimwaki;28;400000.0;Innenverteidiger;Startaufstellung
2532169;Demokratische Republik Kongo;TP Mazembe;Kilitcho Kasusula;32;300000.0;Linker Verteidiger;Startaufstellung
2532169;Demokratische Republik Kongo;Kabuscorp SC do Palanca;Issama Mpeko;28;150000.0;Rechter Verteidiger;Startaufstellung
2532169;Demokratische Republik Kongo;RSC Anderlecht;Chancel Mbemba;20;6000000.0;Defensives Mittelfeld;Startaufstellung
2532169;Demokratische Republik Kongo;SV Werder Bremen;Cédric Makiadi;30;1000000.0;Zentrales Mittelfeld;Startaufstellung
2532169;Demokratische Republik Kongo;Crystal Palace;Yannick Bolasie;25;4000000.0;Linksaußen;Startaufstellung
2532169;Demokratische Republik Kongo;CA Osasuna;Cedrick;22;1200000.0;Rechtsaußen;Startaufstellung
2532169;Demokratische Republik Kongo;Terek Grozny;Jeremy Bokila;26;1500000.0;Mittelstürmer;Startaufstellung
2532169;Demokratische Republik Kongo;Dynamo Kiew;Dieumerci Mbokani;29;10000000.0;Mittelstürmer;Startaufstellung
2532169;Elfenbeinküste;TP Mazembe;Sylvain Gbohouo;26;500000.0;Torwart;Startaufstellung
2532169;Elfenbeinküste;ADO Den Haag;Wilfried Kanon;21;500000.0;Innenverteidiger;Startaufstellung
2532169;Elfenbeinküste;FC Liverpool;Kolo Touré;33;3000000.0;Innenverteidiger;Startaufstellung
2532169;Elfenbeinküste;FC Villarreal;Eric Bailly;20;1000000.0;Innenverteidiger;Startaufstellung
2532169;Elfenbeinküste;VfB Stuttgart;Geoffroy Serey Dié;30;2000000.0;Defensives Mittelfeld;Startaufstellung
2532169;Elfenbeinküste;Manchester City;Yaya Touré;31;30000000.0;Zentrales Mittelfeld;Startaufstellung
2532169;Elfenbeinküste;FC Paris Saint-Germain;Serge Aurier;22;10000000.0;Rechtes Mittelfeld;Startaufstellung
2532169;Elfenbeinküste;HSC Montpellier;Siaka Tiéné;32;1000000.0;Linkes Mittelfeld;Startaufstellung
2532169;Elfenbeinküste;AS Rom;Gervinho;27;18500000.0;Linksaußen;Startaufstellung
2532169;Elfenbeinküste;AS Saint-Étienne;Max Gradel;27;3500000.0;Rechtsaußen;Startaufstellung
2532169;Elfenbeinküste;Manchester City;Wilfried Bony;26;17000000.0;Mittelstürmer;Startaufstellung
2532169;Demokratische Republik Kongo;RSC Charleroi;Parfait Mandanda;25;800000.0;Torwart;Reservebank
2532169;Demokratische Republik Kongo;RSC Anderlecht;Nicaise Kudimbana;28;300000.0;Torwart;Reservebank
2532169;Demokratische Republik Kongo;FC Évian Thonon Gaillard;Cédric Mongongu;25;2000000.0;Innenverteidiger;Reservebank
2532169;Demokratische Republik Kongo;Académica Coimbra;Christopher Oualembo;28;300000.0;Rechter Verteidiger;Reservebank
2532169;Demokratische Republik Kongo;AS Vita Club Kinshasa;Bawaka Mabele;25;100000.0;Rechter Verteidiger;Reservebank
2532169;Demokratische Republik Kongo;;Nelson Munganga;21;100000.0;Defensives Mittelfeld;Reservebank
2532169;Demokratische Republik Kongo;West Bromwich Albion;Youssouf Mulumbu;28;5000000.0;Defensives Mittelfeld;Reservebank
2532169;Demokratische Republik Kongo;Club Sportif Sfaxien;Chikito Lema Mabidi;21;100000.0;Zentrales Mittelfeld;Reservebank
2532169;Demokratische Republik Kongo;RSC Charleroi;Neeskens Kebano;22;2000000.0;Offensives Mittelfeld;Reservebank
2532169;Demokratische Republik Kongo;KRC Genk;Hervé Kage;25;1200000.0;Rechtsaußen;Reservebank
2532169;Demokratische Republik Kongo;Cercle Brügge;Junior Kabananga;25;1000000.0;Mittelstürmer;Reservebank
2532169;Demokratische Republik Kongo;;Firmin Mubele;20;100000.0;Mittelstürmer;Reservebank
2532169;Elfenbeinküste;KSC Lokeren;Boubacar Copa;35;1000000.0;Torwart;Reservebank
2532169;Elfenbeinküste;Stabaek IF;Mandé Sayouba;21;700000.0;Torwart;Reservebank
2532169;Elfenbeinküste;Caykur Rizespor;Ousmane Viera;28;2400000.0;Innenverteidiger;Reservebank
2532169;Elfenbeinküste;FC Metz;Cheick Doukouré;22;1250000.0;Defensives Mittelfeld;Reservebank
2532169;Elfenbeinküste;AS Saint-Étienne;Ismaël Diomandé;22;2000000.0;Defensives Mittelfeld;Reservebank
2532169;Elfenbeinküste;FC Toulouse;Jean-Daniel Akpa Akpro;22;2500000.0;Zentrales Mittelfeld;Reservebank
2532169;Elfenbeinküste;Hertha BSC;Salomon Kalou;29;4500000.0;Linksaußen;Reservebank
2532169;Elfenbeinküste;TP Mazembe;Roger Assalé;21;500000.0;Mittelstürmer;Reservebank
2532169;Elfenbeinküste;AS Rom;Seydou Doumbia;27;25000000.0;Mittelstürmer;Reservebank
2532169;Elfenbeinküste;SC Bastia;Junior Tallo;22;2000000.0;Mittelstürmer;Reservebank
2532169;Elfenbeinküste;AS Monaco;Lacina Traoré;24;8000000.0;Mittelstürmer;Reservebank
