GameId;team;club;name;age;value;position;role
2533047;Elfenbeinküste;KSC Lokeren;Boubacar Copa;35;1000000.0;Torwart;Startaufstellung
2533047;Elfenbeinküste;ADO Den Haag;Wilfried Kanon;21;500000.0;Innenverteidiger;Startaufstellung
2533047;Elfenbeinküste;FC Liverpool;Kolo Touré;33;3000000.0;Innenverteidiger;Startaufstellung
2533047;Elfenbeinküste;FC Villarreal;Eric Bailly;20;1000000.0;Innenverteidiger;Startaufstellung
2533047;Elfenbeinküste;VfB Stuttgart;Geoffroy Serey Dié;30;2000000.0;Defensives Mittelfeld;Startaufstellung
2533047;Elfenbeinküste;Manchester City;Yaya Touré;31;30000000.0;Zentrales Mittelfeld;Startaufstellung
2533047;Elfenbeinküste;FC Paris Saint-Germain;Serge Aurier;22;10000000.0;Rechtes Mittelfeld;Startaufstellung
2533047;Elfenbeinküste;HSC Montpellier;Siaka Tiéné;32;1000000.0;Linkes Mittelfeld;Startaufstellung
2533047;Elfenbeinküste;AS Rom;Gervinho;27;18500000.0;Linksaußen;Startaufstellung
2533047;Elfenbeinküste;AS Saint-Étienne;Max Gradel;27;3500000.0;Rechtsaußen;Startaufstellung
2533047;Elfenbeinküste;Manchester City;Wilfried Bony;26;17000000.0;Mittelstürmer;Startaufstellung
2533047;Ghana;CD Mirandés;Brimah Razak;27;500000.0;Torwart;Startaufstellung
2533047;Ghana;FC Évian Thonon Gaillard;Jonathan Mensah;24;1500000.0;Innenverteidiger;Startaufstellung
2533047;Ghana;Kayseri Erciyesspor;John Boye;27;2200000.0;Innenverteidiger;Startaufstellung
2533047;Ghana;FC Augsburg;Abdul Rahman Baba;20;5000000.0;Linker Verteidiger;Startaufstellung
2533047;Ghana;Esperance Tunis;Harrison Afful;28;1100000.0;Rechter Verteidiger;Startaufstellung
2533047;Ghana;Sampdoria Genua;Afriyie Acquah;23;3000000.0;Defensives Mittelfeld;Startaufstellung
2533047;Ghana;Celtic Glasgow;Mubarak Wakaso;24;5000000.0;Zentrales Mittelfeld;Startaufstellung
2533047;Ghana;Olympique Marseille;André Ayew;25;12000000.0;Linksaußen;Startaufstellung
2533047;Ghana;FC Everton;Christian Atsu;23;6000000.0;Rechtsaußen;Startaufstellung
2533047;Ghana;Crystal Palace;Kwesi Appiah;24;150000.0;Mittelstürmer;Startaufstellung
2533047;Ghana;Al-Ain FC;Asamoah Gyan;29;4000000.0;Mittelstürmer;Startaufstellung
2533047;Elfenbeinküste;Stabaek IF;Mandé Sayouba;21;700000.0;Torwart;Reservebank
2533047;Elfenbeinküste;Caykur Rizespor;Ousmane Viera;28;2400000.0;Innenverteidiger;Reservebank
2533047;Elfenbeinküste;FC Metz;Cheick Doukouré;22;1250000.0;Defensives Mittelfeld;Reservebank
2533047;Elfenbeinküste;AS Saint-Étienne;Ismaël Diomandé;22;2000000.0;Defensives Mittelfeld;Reservebank
2533047;Elfenbeinküste;FC Toulouse;Jean-Daniel Akpa Akpro;22;2500000.0;Zentrales Mittelfeld;Reservebank
2533047;Elfenbeinküste;Hertha BSC;Salomon Kalou;29;4500000.0;Linksaußen;Reservebank
2533047;Elfenbeinküste;TP Mazembe;Roger Assalé;21;500000.0;Mittelstürmer;Reservebank
2533047;Elfenbeinküste;AS Rom;Seydou Doumbia;27;25000000.0;Rechtsaußen;Reservebank
2533047;Elfenbeinküste;SC Bastia;Junior Tallo;22;2000000.0;Mittelstürmer;Reservebank
2533047;Elfenbeinküste;AS Monaco;Lacina Traoré;24;8000000.0;Mittelstürmer;Reservebank
2533047;Ghana;CS Don Bosco;Ernest Sowah;26;150000.0;Torwart;Reservebank
2533047;Ghana;Ashanti Gold SC;Fatau Dauda;29;250000.0;Torwart;Reservebank
2533047;Ghana;Al-Shabab Riad;Mohamed Awal;26;350000.0;Innenverteidiger;Reservebank
2533047;Ghana;Mpumalanga Black Aces FC;Edwin Gyimah;23;350000.0;Defensives Mittelfeld;Reservebank
2533047;Ghana;Kuban Krasnodar;Rabiu Mohammed;25;3000000.0;Defensives Mittelfeld;Reservebank
2533047;Ghana;FC Kopenhagen;Daniel Amartey;20;1500000.0;Defensives Mittelfeld;Reservebank
2533047;Ghana;Udinese Calcio;Emmanuel Badu;24;5000000.0;Defensives Mittelfeld;Reservebank
2533047;Ghana;RSC Anderlecht;Frank Acheampong;21;4000000.0;Rechtsaußen;Reservebank
2533047;Ghana;Chicago Fire;David Accam;24;1500000.0;Linksaußen;Reservebank
2533047;Ghana;TP Mazembe;Solomon Asanté;24;250000.0;Rechtsaußen;Reservebank
2533047;Ghana;FC Lorient;Jordan Ayew;23;4500000.0;Mittelstürmer;Reservebank
2533047;Ghana;Sogndal IL;Mahatma Otoo;23;500000.0;Mittelstürmer;Reservebank
