GameId;team;club;name;age;value;position;role
2546664;Jamaika;Syrianska FC;Dwayne Miller;28;125000.0;Torwart;Startaufstellung
2546664;Jamaika;Houston Dynamo;Jermaine Taylor;30;350000.0;Innenverteidiger;Startaufstellung
2546664;Jamaika;Leicester City;Wes Morgan;31;1500000.0;Innenverteidiger;Startaufstellung
2546664;Jamaika;New York Red Bulls;Kemar Lawrence;22;300000.0;Linker Verteidiger;Startaufstellung
2546664;Jamaika;Crystal Palace;Adrian Mariappa;28;2000000.0;Rechter Verteidiger;Startaufstellung
2546664;Jamaika;Vereinslos;Rodolph Austin;30;1500000.0;Defensives Mittelfeld;Startaufstellung
2546664;Jamaika;FC Dallas;Je-Vaughn Watson;31;550000.0;Zentrales Mittelfeld;Startaufstellung
2546664;Jamaika;Houston Dynamo;Giles Barnes;26;1000000.0;Offensives Mittelfeld;Startaufstellung
2546664;Jamaika;Leyton Orient;Jobi McAnuff;33;400000.0;Linksaußen;Startaufstellung
2546664;Jamaika;FC Reading;Garath McCleary;28;1250000.0;Rechtsaußen;Startaufstellung
2546664;Jamaika;Vancouver Whitecaps;Darren Mattocks;24;800000.0;Mittelstürmer;Startaufstellung
2546664;El Salvador;Santa Tecla;Derby Carrillo;27;50000.0;Torwart;Startaufstellung
2546664;El Salvador;CD FAS;Alexander Mendoza;25;50000.0;Innenverteidiger;Startaufstellung
2546664;El Salvador;;Milton Molina;26;50000.0;Innenverteidiger;Startaufstellung
2546664;El Salvador;FC Juárez;Alexander Larín;23;275000.0;Linker Verteidiger;Startaufstellung
2546664;El Salvador;CD FAS;Xavier García;25;50000.0;Rechter Verteidiger;Startaufstellung
2546664;El Salvador;Orlando City SC;Darwin Cerén;25;200000.0;Defensives Mittelfeld;Startaufstellung
2546664;El Salvador;Tampa Bay Rowdies;Richard Menjívar;24;50000.0;Defensives Mittelfeld;Startaufstellung
2546664;El Salvador;New York Cosmos;Andrés Flores;24;50000.0;Rechtes Mittelfeld;Startaufstellung
2546664;El Salvador;CSD Municipal;Jaime Alás;25;100000.0;Linkes Mittelfeld;Startaufstellung
2546664;El Salvador;UMF Stjarnan Gardabaer;Pablo Punyed;25;50000.0;Offensives Mittelfeld;Startaufstellung
2546664;El Salvador;;Irvin Herrera;23;50000.0;Mittelstürmer;Startaufstellung
2546664;Jamaika;Philadelphia Union;Andre Blake;24;200000.0;Torwart;Reservebank
2546664;Jamaika;Pittsburgh Riverhounds;Ryan Thompson;30;100000.0;Torwart;Reservebank
2546664;Jamaika;FC Reading;Michael Hector;22;750000.0;Innenverteidiger;Reservebank
2546664;Jamaika;Real Salt Lake City;Demar Phillips;31;400000.0;Linker Verteidiger;Reservebank
2546664;Jamaika;Portland Timbers;Alvas Powell;20;300000.0;Rechter Verteidiger;Reservebank
2546664;Jamaika;Preston North End;Chris Humphrey;27;450000.0;Rechtes Mittelfeld;Reservebank
2546664;Jamaika;FC Edmonton;Lance Laing;27;50000.0;Linkes Mittelfeld;Reservebank
2546664;Jamaika;Derby County;Simon Dawkins;27;750000.0;Linksaußen;Reservebank
2546664;Jamaika;Yeovil Town;Joel Grant;27;250000.0;Rechtsaußen;Reservebank
2546664;Jamaika;D.C. United;Michael Seaton;19;150000.0;Mittelstürmer;Reservebank
2546664;Jamaika;;Allan Ottey;22;50000.0;Mittelstürmer;Reservebank
2546664;Jamaika;Arnett Gardens FC;Andre Clennon;25;50000.0;Mittelstürmer;Reservebank
2546664;El Salvador;CD FAS;Luis Contreras;32;50000.0;Torwart;Reservebank
2546664;El Salvador;Alianza Fútbol Club;Daniel Arroyo;25;50000.0;Torwart;Reservebank
2546664;El Salvador;CD Águila;Henry Romero;23;50000.0;Innenverteidiger;Reservebank
2546664;El Salvador;Alianza Fútbol Club;Danny Torres;27;50000.0;Linker Verteidiger;Reservebank
2546664;El Salvador;;Raúl Renderos;26;50000.0;Defensives Mittelfeld;Reservebank
2546664;El Salvador;;Narciso Orellana;20;50000.0;Defensives Mittelfeld;Reservebank
2546664;El Salvador;Santa Tecla;William Maldonado;25;50000.0;Offensives Mittelfeld;Reservebank
2546664;El Salvador;CD FAS;Dustin Corea;23;50000.0;Offensives Mittelfeld;Reservebank
2546664;El Salvador;Videoton FC;Arturo Álvarez;30;450000.0;Linksaußen;Reservebank
2546664;El Salvador;CD FAS;Jairo Henríquez;21;50000.0;Hängende Spitze;Reservebank
2546664;El Salvador;Fredrikstad FK;Rafael Burgos;27;250000.0;Mittelstürmer;Reservebank
2546664;El Salvador;FC Viitorul;Nelson Bonilla;24;850000.0;Mittelstürmer;Reservebank
