GameId;team;club;name;age;value;position;role
2546655;El Salvador;Santa Tecla;Derby Carrillo;27;50000.0;Torwart;Startaufstellung
2546655;El Salvador;CD FAS;Alexander Mendoza;25;50000.0;Innenverteidiger;Startaufstellung
2546655;El Salvador;;Milton Molina;26;50000.0;Innenverteidiger;Startaufstellung
2546655;El Salvador;FC Juárez;Alexander Larín;23;275000.0;Linker Verteidiger;Startaufstellung
2546655;El Salvador;CD FAS;Xavier García;25;50000.0;Rechter Verteidiger;Startaufstellung
2546655;El Salvador;Orlando City SC;Darwin Cerén;25;200000.0;Defensives Mittelfeld;Startaufstellung
2546655;El Salvador;Tampa Bay Rowdies;Richard Menjívar;24;50000.0;Defensives Mittelfeld;Startaufstellung
2546655;El Salvador;Videoton FC;Arturo Álvarez;30;450000.0;Rechtes Mittelfeld;Startaufstellung
2546655;El Salvador;CSD Municipal;Jaime Alás;25;100000.0;Linkes Mittelfeld;Startaufstellung
2546655;El Salvador;UMF Stjarnan Gardabaer;Pablo Punyed;25;50000.0;Offensives Mittelfeld;Startaufstellung
2546655;El Salvador;FC Viitorul;Nelson Bonilla;24;850000.0;Mittelstürmer;Startaufstellung
2546655;Kanada;AIK Solna;Kyriakos Stamatopoulos;35;100000.0;Torwart;Startaufstellung
2546655;Kanada;Birmingham City;David Edgar;28;800000.0;Innenverteidiger;Startaufstellung
2546655;Kanada;Shimizu S-Pulse;Dejan Jakovic;29;500000.0;Innenverteidiger;Startaufstellung
2546655;Kanada;Fredrikstad FK;Adam Straith;24;200000.0;Innenverteidiger;Startaufstellung
2546655;Kanada;Sporting Kansas City;Marcel de Jong;28;800000.0;Linker Verteidiger;Startaufstellung
2546655;Kanada;FC Energie Cottbus;Nikolas Ledgerwood;30;200000.0;Rechter Verteidiger;Startaufstellung
2546655;Kanada;RC Deportivo B;Samuel Piette;20;100000.0;Defensives Mittelfeld;Startaufstellung
2546655;Kanada;FC Dallas;Kyle Bekker;24;350000.0;Defensives Mittelfeld;Startaufstellung
2546655;Kanada;FC Dallas;Tesho Akindele;23;750000.0;Linksaußen;Startaufstellung
2546655;Kanada;Hapoel Haifa;Tosaint Ricketts;27;350000.0;Rechtsaußen;Startaufstellung
2546655;Kanada;Orlando City SC;Cyle Larin;20;100000.0;Mittelstürmer;Startaufstellung
2546655;El Salvador;CD FAS;Luis Contreras;32;50000.0;Torwart;Reservebank
2546655;El Salvador;Alianza Fútbol Club;Daniel Arroyo;25;50000.0;Torwart;Reservebank
2546655;El Salvador;CD Águila;Henry Romero;23;50000.0;Innenverteidiger;Reservebank
2546655;El Salvador;Alianza Fútbol Club;Danny Torres;27;50000.0;Linker Verteidiger;Reservebank
2546655;El Salvador;;Raúl Renderos;26;50000.0;Defensives Mittelfeld;Reservebank
2546655;El Salvador;;Narciso Orellana;20;50000.0;Defensives Mittelfeld;Reservebank
2546655;El Salvador;Santa Tecla;William Maldonado;25;50000.0;Offensives Mittelfeld;Reservebank
2546655;El Salvador;New York Cosmos;Andrés Flores;24;50000.0;Offensives Mittelfeld;Reservebank
2546655;El Salvador;CD FAS;Dustin Corea;23;50000.0;Offensives Mittelfeld;Reservebank
2546655;El Salvador;CD FAS;Jairo Henríquez;21;50000.0;Hängende Spitze;Reservebank
2546655;El Salvador;;Irvin Herrera;23;50000.0;Mittelstürmer;Reservebank
2546655;El Salvador;Fredrikstad FK;Rafael Burgos;27;250000.0;Mittelstürmer;Reservebank
2546655;Kanada;Toronto FC;Quillan Roberts;20;100000.0;Torwart;Reservebank
2546655;Kanada;Valerenga Oslo;Lars Hirschfeld;36;100000.0;Torwart;Reservebank
2546655;Kanada;VfR Aalen;Andre Hainault;29;400000.0;Innenverteidiger;Reservebank
2546655;Kanada;New York Red Bulls;Karl Ouimette;23;200000.0;Innenverteidiger;Reservebank
2546655;Kanada;Toronto FC II;Ashtone Morgan;24;200000.0;Linker Verteidiger;Reservebank
2546655;Kanada;Montreal Impact;Maxim Tissot;23;350000.0;Linker Verteidiger;Reservebank
2546655;Kanada;Vancouver Whitecaps;Russell Teibert;22;400000.0;Linksaußen;Reservebank
2546655;Kanada;Ottawa Fury FC;Julian de Guzmán;34;500000.0;Defensives Mittelfeld;Reservebank
2546655;Kanada;CD Santa Clara;Pedro Pacheco;31;300000.0;Zentrales Mittelfeld;Reservebank
2546655;Kanada;Toronto FC;Jonathan Osorio;23;450000.0;Defensives Mittelfeld;Reservebank
2546655;Kanada;Coventry City;Simeon Jackson;28;500000.0;Mittelstürmer;Reservebank
2546655;Kanada;Crewe Alexandra;Marcus Haber;26;250000.0;Mittelstürmer;Reservebank
