GameId;team;club;name;age;value;position;role
2546653;Panama;Los Angeles Galaxy;Jaime Penedo;33;450000.0;Torwart;Startaufstellung
2546653;Panama;Independiente Santa Fe;Hárold Cummings;23;125000.0;Innenverteidiger;Startaufstellung
2546653;Panama;Millonarios FC;Román Torres;29;950000.0;Innenverteidiger;Startaufstellung
2546653;Panama;Lech Posen;Luis Henríquez;33;250000.0;Linker Verteidiger;Startaufstellung
2546653;Panama;Deportivo Saprissa;Adolfo Machado;30;300000.0;Rechter Verteidiger;Startaufstellung
2546653;Panama;Budapest Honvéd FC;Aníbal Godoy;25;125000.0;Defensives Mittelfeld;Startaufstellung
2546653;Panama;CS Herediano;Gabriel Gómez;31;250000.0;Zentrales Mittelfeld;Startaufstellung
2546653;Panama;Lobos BUAP;Alberto Quintero;27;75000.0;Linkes Mittelfeld;Startaufstellung
2546653;Panama;SUNTRACS FC;Valentin Pimentel;24;75000.0;Rechtsaußen;Startaufstellung
2546653;Panama;FC Dallas;Blas Pérez;34;750000.0;Mittelstürmer;Startaufstellung
2546653;Panama;Club Juan Aurich;Luis Tejada;33;300000.0;Mittelstürmer;Startaufstellung
2546653;Haiti;Stade Reims;Johnny Placide;27;1000000.0;Torwart;Startaufstellung
2546653;Haiti;Charlotte Independence;Mechack Jérôme;25;50000.0;Innenverteidiger;Startaufstellung
2546653;Haiti;SM Caen;Jean-Jacques Pierre;34;250000.0;Innenverteidiger;Startaufstellung
2546653;Haiti;FC Aarau;Kim Jaggy;32;250000.0;Linker Verteidiger;Startaufstellung
2546653;Haiti;Vereinslos;Réginal Goreux;27;2000000.0;Rechter Verteidiger;Startaufstellung
2546653;Haiti;Fort Lauderdale Strikers;James Marcelin;29;125000.0;Defensives Mittelfeld;Startaufstellung
2546653;Haiti;Negeri Sembilan Matrix;Jean-Marc Alexandre;28;100000.0;Defensives Mittelfeld;Startaufstellung
2546653;Haiti;Steaua Bukarest;Jean Sony Alcénat;29;1500000.0;Rechtes Mittelfeld;Startaufstellung
2546653;Haiti;Wisla Krakau;Wilde-Donald Guerrier;26;500000.0;Linkes Mittelfeld;Startaufstellung
2546653;Haiti;Standard Lüttich;Jeff Louis;22;1500000.0;Offensives Mittelfeld;Startaufstellung
2546653;Haiti;Ethnikos Achnas;Kervens Belfort;23;300000.0;Mittelstürmer;Startaufstellung
2546653;Panama;Platense FC;José Calderón;29;75000.0;Torwart;Reservebank
2546653;Panama;CA Fénix;Luis Mejía;24;500000.0;Torwart;Reservebank
2546653;Panama;CD Árabe Unido;Éric Davis;24;75000.0;Linker Verteidiger;Reservebank
2546653;Panama;;Ángel Patrick;23;75000.0;Rechter Verteidiger;Reservebank
2546653;Panama;;Darwin Pinzón;21;75000.0;Rechtes Mittelfeld;Reservebank
2546653;Panama;Chorrillo FC;Miguel Camargo;21;75000.0;Rechtes Mittelfeld;Reservebank
2546653;Panama;Chorrillo FC;Alfredo Stephens;20;75000.0;Hängende Spitze;Reservebank
2546653;Panama;Dorados de Sinaloa;Roberto Nurse;31;75000.0;Mittelstürmer;Reservebank
2546653;Panama;Colorado Rapids;Gabriel Torres;26;500000.0;Mittelstürmer;Reservebank
2546653;Panama;Comunicaciones FC;Rolando Blackburn;25;375000.0;Mittelstürmer;Reservebank
2546653;Panama;;Abdiel Arroyo;21;75000.0;Mittelstürmer;Reservebank
2546653;Haiti;Atlanta Silverbacks FC;Steward Ceus;28;175000.0;Torwart;Reservebank
2546653;Haiti;Valencia FC;Ronald Elusma;21;50000.0;Torwart;Reservebank
2546653;Haiti;Miedz Legnica;Kevin Lafrance;25;150000.0;Innenverteidiger;Reservebank
2546653;Haiti;Vereinslos;Andrew Jean-Baptiste;23;150000.0;Innenverteidiger;Reservebank
2546653;Haiti;AP Eginiakos;Frantz Bertin;32;150000.0;Innenverteidiger;Reservebank
2546653;Haiti;Club Almagro de Buenos Aires;Judelín Aveska;27;350000.0;Innenverteidiger;Reservebank
2546653;Haiti;Kraze United FC;Jean-Jacques Bitiélo;24;50000.0;Linker Verteidiger;Reservebank
2546653;Haiti;Jacksonville Armada FC;Pascal Millien;29;50000.0;Offensives Mittelfeld;Reservebank
2546653;Haiti;Charleston Battery;Sébastien Thuriere;25;50000.0;Offensives Mittelfeld;Reservebank
2546653;Haiti;Mohun Bagan AC;Sony Nordé;25;100000.0;Offensives Mittelfeld;Reservebank
2546653;Haiti;Stade Laval;Duckens Nazon;21;50000.0;Mittelstürmer;Reservebank
2546653;Haiti;Ermis Aradippou;Jean-Eudes Maurice;29;200000.0;Mittelstürmer;Reservebank
