GameId;team;club;name;age;value;position;role
2546658;Vereinigte Staaten;Aston Villa;Brad Guzan;30;4000000.0;Torwart;Startaufstellung
2546658;Vereinigte Staaten;Seattle Sounders FC;Brad Evans;30;600000.0;Innenverteidiger;Startaufstellung
2546658;Vereinigte Staaten;Atlas Guadalajara;Greg Garza;23;700000.0;Innenverteidiger;Startaufstellung
2546658;Vereinigte Staaten;Bolton Wanderers;Tim Ream;27;1500000.0;Linker Verteidiger;Startaufstellung
2546658;Vereinigte Staaten;Los Angeles Galaxy;Omar González;26;1000000.0;Rechter Verteidiger;Startaufstellung
2546658;Vereinigte Staaten;New York City FC;Mix Diskerud;24;1400000.0;Defensives Mittelfeld;Startaufstellung
2546658;Vereinigte Staaten;Toronto FC;Michael Bradley;27;4500000.0;Zentrales Mittelfeld;Startaufstellung
2546658;Vereinigte Staaten;Sporting Kansas City;Graham Zusi;28;750000.0;Offensives Mittelfeld;Startaufstellung
2546658;Vereinigte Staaten;Toronto FC;Jozy Altidore;25;2000000.0;Linksaußen;Startaufstellung
2546658;Vereinigte Staaten;AZ Alkmaar;Aron Jóhannsson;24;3500000.0;Rechtsaußen;Startaufstellung
2546658;Vereinigte Staaten;Seattle Sounders FC;Clint Dempsey;32;5000000.0;Mittelstürmer;Startaufstellung
2546658;Haiti;Stade Reims;Johnny Placide;27;1000000.0;Torwart;Startaufstellung
2546658;Haiti;Charlotte Independence;Mechack Jérôme;25;50000.0;Innenverteidiger;Startaufstellung
2546658;Haiti;AP Eginiakos;Frantz Bertin;32;150000.0;Innenverteidiger;Startaufstellung
2546658;Haiti;FC Aarau;Kim Jaggy;32;250000.0;Linker Verteidiger;Startaufstellung
2546658;Haiti;Vereinslos;Réginal Goreux;27;2000000.0;Rechter Verteidiger;Startaufstellung
2546658;Haiti;Fort Lauderdale Strikers;James Marcelin;29;125000.0;Defensives Mittelfeld;Startaufstellung
2546658;Haiti;Negeri Sembilan Matrix;Jean-Marc Alexandre;28;100000.0;Defensives Mittelfeld;Startaufstellung
2546658;Haiti;Miedz Legnica;Kevin Lafrance;25;150000.0;Rechtes Mittelfeld;Startaufstellung
2546658;Haiti;Wisla Krakau;Wilde-Donald Guerrier;26;500000.0;Linkes Mittelfeld;Startaufstellung
2546658;Haiti;Ermis Aradippou;Jean-Eudes Maurice;29;200000.0;Hängende Spitze;Startaufstellung
2546658;Haiti;Stade Laval;Duckens Nazon;21;50000.0;Mittelstürmer;Startaufstellung
2546658;Vereinigte Staaten;Real Salt Lake City;Nick Rimando;36;400000.0;Torwart;Reservebank
2546658;Vereinigte Staaten;Club León FC;William Yarbrough;26;1500000.0;Torwart;Reservebank
2546658;Vereinigte Staaten;Hertha BSC;John Anthony Brooks;22;4500000.0;Innenverteidiger;Reservebank
2546658;Vereinigte Staaten;CF América;Ventura Alvarado;22;500000.0;Innenverteidiger;Reservebank
2546658;Vereinigte Staaten;Tottenham Hotspur;DeAndre Yedlin;22;1500000.0;Rechter Verteidiger;Reservebank
2546658;Vereinigte Staaten;Eintracht Frankfurt;Timothy Chandler;25;2500000.0;Rechter Verteidiger;Reservebank
2546658;Vereinigte Staaten;Real Salt Lake City;Kyle Beckerman;33;750000.0;Defensives Mittelfeld;Reservebank
2546658;Vereinigte Staaten;FC Ingolstadt 04;Alfredo Morales;25;1500000.0;Zentrales Mittelfeld;Reservebank
2546658;Vereinigte Staaten;FC Nantes;Alejandro Bedoya;28;2500000.0;Offensives Mittelfeld;Reservebank
2546658;Vereinigte Staaten;Borussia Mönchengladbach;Fabian Johnson;27;6000000.0;Linksaußen;Reservebank
2546658;Vereinigte Staaten;Los Angeles Galaxy;Gyasi Zardes;23;1300000.0;Mittelstürmer;Reservebank
2546658;Vereinigte Staaten;San Jose Earthquakes;Chris Wondolowski;32;1200000.0;Mittelstürmer;Reservebank
2546658;Haiti;Atlanta Silverbacks FC;Steward Ceus;28;175000.0;Torwart;Reservebank
2546658;Haiti;Valencia FC;Ronald Elusma;21;50000.0;Torwart;Reservebank
2546658;Haiti;Vereinslos;Andrew Jean-Baptiste;23;150000.0;Innenverteidiger;Reservebank
2546658;Haiti;SM Caen;Jean-Jacques Pierre;34;250000.0;Innenverteidiger;Reservebank
2546658;Haiti;Club Almagro de Buenos Aires;Judelín Aveska;27;350000.0;Innenverteidiger;Reservebank
2546658;Haiti;Kraze United FC;Jean-Jacques Bitiélo;24;50000.0;Linker Verteidiger;Reservebank
2546658;Haiti;Steaua Bukarest;Jean Sony Alcénat;29;1500000.0;Rechter Verteidiger;Reservebank
2546658;Haiti;Jacksonville Armada FC;Pascal Millien;29;50000.0;Rechtes Mittelfeld;Reservebank
2546658;Haiti;Charleston Battery;Sébastien Thuriere;25;50000.0;Offensives Mittelfeld;Reservebank
2546658;Haiti;Mohun Bagan AC;Sony Nordé;25;100000.0;Offensives Mittelfeld;Reservebank
2546658;Haiti;Standard Lüttich;Jeff Louis;22;1500000.0;Offensives Mittelfeld;Reservebank
2546658;Haiti;Ethnikos Achnas;Kervens Belfort;23;300000.0;Mittelstürmer;Reservebank
