GameId;team;club;name;age;value;position;role
2546663;Panama;Los Angeles Galaxy;Jaime Penedo;33;450000.0;Torwart;Startaufstellung
2546663;Panama;Independiente Santa Fe;Hárold Cummings;23;125000.0;Innenverteidiger;Startaufstellung
2546663;Panama;Millonarios FC;Román Torres;29;950000.0;Innenverteidiger;Startaufstellung
2546663;Panama;CD Árabe Unido;Éric Davis;24;75000.0;Linker Verteidiger;Startaufstellung
2546663;Panama;FC St. Pauli;Armando Cooper;27;300000.0;Rechter Verteidiger;Startaufstellung
2546663;Panama;Budapest Honvéd FC;Aníbal Godoy;25;125000.0;Defensives Mittelfeld;Startaufstellung
2546663;Panama;CS Herediano;Gabriel Gómez;31;250000.0;Zentrales Mittelfeld;Startaufstellung
2546663;Panama;Lobos BUAP;Alberto Quintero;27;75000.0;Linkes Mittelfeld;Startaufstellung
2546663;Panama;SUNTRACS FC;Valentin Pimentel;24;75000.0;Rechtsaußen;Startaufstellung
2546663;Panama;FC Dallas;Blas Pérez;34;750000.0;Mittelstürmer;Startaufstellung
2546663;Panama;Club Juan Aurich;Luis Tejada;33;300000.0;Mittelstürmer;Startaufstellung
2546663;Vereinigte Staaten;Aston Villa;Brad Guzan;30;4000000.0;Torwart;Startaufstellung
2546663;Vereinigte Staaten;Hertha BSC;John Anthony Brooks;22;4500000.0;Innenverteidiger;Startaufstellung
2546663;Vereinigte Staaten;CF América;Ventura Alvarado;22;500000.0;Innenverteidiger;Startaufstellung
2546663;Vereinigte Staaten;Borussia Mönchengladbach;Fabian Johnson;27;6000000.0;Linker Verteidiger;Startaufstellung
2546663;Vereinigte Staaten;Eintracht Frankfurt;Timothy Chandler;25;2500000.0;Rechter Verteidiger;Startaufstellung
2546663;Vereinigte Staaten;Real Salt Lake City;Kyle Beckerman;33;750000.0;Defensives Mittelfeld;Startaufstellung
2546663;Vereinigte Staaten;FC Ingolstadt 04;Alfredo Morales;25;1500000.0;Zentrales Mittelfeld;Startaufstellung
2546663;Vereinigte Staaten;Toronto FC;Michael Bradley;27;4500000.0;Offensives Mittelfeld;Startaufstellung
2546663;Vereinigte Staaten;Los Angeles Galaxy;Gyasi Zardes;23;1300000.0;Linksaußen;Startaufstellung
2546663;Vereinigte Staaten;FC Nantes;Alejandro Bedoya;28;2500000.0;Rechtsaußen;Startaufstellung
2546663;Vereinigte Staaten;San Jose Earthquakes;Chris Wondolowski;32;1200000.0;Mittelstürmer;Startaufstellung
2546663;Panama;Platense FC;José Calderón;29;75000.0;Torwart;Reservebank
2546663;Panama;CA Fénix;Luis Mejía;24;500000.0;Torwart;Reservebank
2546663;Panama;;Ángel Patrick;23;75000.0;Rechter Verteidiger;Reservebank
2546663;Panama;;Darwin Pinzón;21;75000.0;Rechtes Mittelfeld;Reservebank
2546663;Panama;Chorrillo FC;Miguel Camargo;21;75000.0;Rechtes Mittelfeld;Reservebank
2546663;Panama;Chorrillo FC;Alfredo Stephens;20;75000.0;Hängende Spitze;Reservebank
2546663;Panama;Dorados de Sinaloa;Roberto Nurse;31;75000.0;Mittelstürmer;Reservebank
2546663;Panama;Colorado Rapids;Gabriel Torres;26;500000.0;Mittelstürmer;Reservebank
2546663;Panama;Comunicaciones FC;Rolando Blackburn;25;375000.0;Mittelstürmer;Reservebank
2546663;Panama;;Abdiel Arroyo;21;75000.0;Mittelstürmer;Reservebank
2546663;Vereinigte Staaten;Real Salt Lake City;Nick Rimando;36;400000.0;Torwart;Reservebank
2546663;Vereinigte Staaten;Club León FC;William Yarbrough;26;1500000.0;Torwart;Reservebank
2546663;Vereinigte Staaten;Bolton Wanderers;Tim Ream;27;1500000.0;Innenverteidiger;Reservebank
2546663;Vereinigte Staaten;Los Angeles Galaxy;Omar González;26;1000000.0;Innenverteidiger;Reservebank
2546663;Vereinigte Staaten;Seattle Sounders FC;Brad Evans;30;600000.0;Innenverteidiger;Reservebank
2546663;Vereinigte Staaten;Atlas Guadalajara;Greg Garza;23;700000.0;Linker Verteidiger;Reservebank
2546663;Vereinigte Staaten;Sporting Kansas City;Graham Zusi;28;750000.0;Rechter Verteidiger;Reservebank
2546663;Vereinigte Staaten;Tottenham Hotspur;DeAndre Yedlin;22;1500000.0;Rechter Verteidiger;Reservebank
2546663;Vereinigte Staaten;New York City FC;Mix Diskerud;24;1400000.0;Zentrales Mittelfeld;Reservebank
2546663;Vereinigte Staaten;Seattle Sounders FC;Clint Dempsey;32;5000000.0;Hängende Spitze;Reservebank
2546663;Vereinigte Staaten;AZ Alkmaar;Aron Jóhannsson;24;3500000.0;Mittelstürmer;Reservebank
2546663;Vereinigte Staaten;Toronto FC;Jozy Altidore;25;2000000.0;Mittelstürmer;Reservebank
