GameId;team;club;name;age;value;position;role
2547022;Paraguay;Independiente Medellín;Antony Silva;31;900000.0;Torwart;Startaufstellung
2547022;Paraguay;CF América;Pablo Aguilar;28;2000000.0;Innenverteidiger;Startaufstellung
2547022;Paraguay;Deportivo Toluca;Paulo da Silva;35;1250000.0;Innenverteidiger;Startaufstellung
2547022;Paraguay;CF América;Miguel Samudio;28;500000.0;Linker Verteidiger;Startaufstellung
2547022;Paraguay;Club Cerro Porteño;Bruno Valdez;22;500000.0;Rechter Verteidiger;Startaufstellung
2547022;Paraguay;Flamengo Rio de Janeiro;Víctor Cáceres;30;2000000.0;Defensives Mittelfeld;Startaufstellung
2547022;Paraguay;Club Atlético San Lorenzo de Almagro;Néstor Ortigoza;30;2000000.0;Defensives Mittelfeld;Startaufstellung
2547022;Paraguay;Deportivo Toluca;Edgar Benítez;27;2000000.0;Linksaußen;Startaufstellung
2547022;Paraguay;FC Basel 1893;Derlis González;21;4500000.0;Rechtsaußen;Startaufstellung
2547022;Paraguay;FC Augsburg;Raúl Bobadilla;27;3000000.0;Mittelstürmer;Startaufstellung
2547022;Paraguay;CD Cruz Azul;Roque Santa Cruz;33;2000000.0;Mittelstürmer;Startaufstellung
2547022;Jamaika;Sarpsborg 08 FF;Duwayne Kerr;28;400000.0;Torwart;Startaufstellung
2547022;Jamaika;FC Reading;Michael Hector;22;750000.0;Innenverteidiger;Startaufstellung
2547022;Jamaika;Leicester City;Wes Morgan;31;2000000.0;Innenverteidiger;Startaufstellung
2547022;Jamaika;New York Red Bulls;Kemar Lawrence;22;300000.0;Linker Verteidiger;Startaufstellung
2547022;Jamaika;Crystal Palace;Adrian Mariappa;28;2000000.0;Rechter Verteidiger;Startaufstellung
2547022;Jamaika;Leeds United;Rodolph Austin;30;1500000.0;Defensives Mittelfeld;Startaufstellung
2547022;Jamaika;FC Dallas;Je-Vaughn Watson;31;550000.0;Zentrales Mittelfeld;Startaufstellung
2547022;Jamaika;Leyton Orient;Jobi McAnuff;33;400000.0;Linksaußen;Startaufstellung
2547022;Jamaika;FC Reading;Garath McCleary;28;1250000.0;Rechtsaußen;Startaufstellung
2547022;Jamaika;Derby County;Simon Dawkins;27;750000.0;Hängende Spitze;Startaufstellung
2547022;Jamaika;Houston Dynamo;Giles Barnes;26;1000000.0;Mittelstürmer;Startaufstellung
2547022;Paraguay;Club Guaraní;Alfredo Aguilar;26;500000.0;Torwart;Reservebank
2547022;Paraguay;CSD Colo Colo;Justo Villar;37;500000.0;Torwart;Reservebank
2547022;Paraguay;Club Atlético Newell's Old Boys;Marcos Cáceres;29;1300000.0;Innenverteidiger;Reservebank
2547022;Paraguay;Club Libertad Asunción;Fabián Balbuena;23;500000.0;Innenverteidiger;Reservebank
2547022;Paraguay;Udinese Calcio;Iván Piris;26;2500000.0;Rechter Verteidiger;Reservebank
2547022;Paraguay;Club Libertad Asunción;Richard Ortiz;25;1000000.0;Defensives Mittelfeld;Reservebank
2547022;Paraguay;Club Libertad Asunción;Osmar Molinas;28;600000.0;Defensives Mittelfeld;Reservebank
2547022;Paraguay;CF América;Osvaldo Martínez;29;2400000.0;Zentrales Mittelfeld;Reservebank
2547022;Paraguay;Olimpia Asunción;Eduardo Aranda;30;550000.0;Zentrales Mittelfeld;Reservebank
2547022;Paraguay;Racing Club de Avellaneda;Óscar Romero;22;500000.0;Offensives Mittelfeld;Reservebank
2547022;Paraguay;HSC Montpellier;Lucas Barrios;30;3000000.0;Mittelstürmer;Reservebank
2547022;Paraguay;Eintracht Frankfurt;Nelson Valdez;31;2000000.0;Mittelstürmer;Reservebank
2547022;Jamaika;Syrianska FC;Dwayne Miller;27;125000.0;Torwart;Reservebank
2547022;Jamaika;Pittsburgh Riverhounds;Ryan Thompson;30;100000.0;Torwart;Reservebank
2547022;Jamaika;Karlsruher SC;Daniel Gordon;30;700000.0;Innenverteidiger;Reservebank
2547022;Jamaika;Houston Dynamo;Jermaine Taylor;30;350000.0;Innenverteidiger;Reservebank
2547022;Jamaika;Waterhouse FC;Hughan Gray;28;50000.0;Rechter Verteidiger;Reservebank
2547022;Jamaika;FC Edmonton;Lance Laing;27;50000.0;Linkes Mittelfeld;Reservebank
2547022;Jamaika;Yeovil Town;Joel Grant;27;250000.0;Rechtsaußen;Reservebank
2547022;Jamaika;Vancouver Whitecaps;Darren Mattocks;24;800000.0;Mittelstürmer;Reservebank
2547022;Jamaika;Montego Bay United FC;Dino Williams;25;50000.0;Mittelstürmer;Reservebank
2547022;Jamaika;;Allan Ottey;22;50000.0;Mittelstürmer;Reservebank
2547022;Jamaika;Valerenga Oslo;Deshorn Brown;24;900000.0;Mittelstürmer;Reservebank
2547022;Jamaika;AD Isidro Metapán;Romeo Parkes;24;50000.0;Mittelstürmer;Reservebank
