GameId;team;club;name;age;value;position;role
2547019;Kolumbien;FC Arsenal;David Ospina;26;7000000.0;Torwart;Startaufstellung
2547019;Kolumbien;AC Mailand;Cristián Zapata;28;4000000.0;Innenverteidiger;Startaufstellung
2547019;Kolumbien;FC Granada;Jeison Murillo;23;8000000.0;Innenverteidiger;Startaufstellung
2547019;Kolumbien;Flamengo Rio de Janeiro;Pablo Armero;28;4000000.0;Linker Verteidiger;Startaufstellung
2547019;Kolumbien;SSC Neapel;Camilo Zúñiga;29;8000000.0;Rechter Verteidiger;Startaufstellung
2547019;Kolumbien;Aston Villa;Carlos Sánchez;29;6000000.0;Defensives Mittelfeld;Startaufstellung
2547019;Kolumbien;FC Santos;Edwin Valencia;30;1500000.0;Zentrales Mittelfeld;Startaufstellung
2547019;Kolumbien;Real Madrid;James Rodríguez;23;60000000.0;Linksaußen;Startaufstellung
2547019;Kolumbien;FC Chelsea;Juan Cuadrado;27;32000000.0;Rechtsaußen;Startaufstellung
2547019;Kolumbien;Manchester United;Falcao;29;45000000.0;Mittelstürmer;Startaufstellung
2547019;Kolumbien;FC Sevilla;Carlos Bacca;28;20000000.0;Mittelstürmer;Startaufstellung
2547019;Venezuela;Caracas FC;Alain Baroja;25;500000.0;Torwart;Startaufstellung
2547019;Venezuela;Buriram United;Andrés Túñez;28;1500000.0;Innenverteidiger;Startaufstellung
2547019;Venezuela;FC Nantes;Oswaldo Vizcarrondo;31;2500000.0;Innenverteidiger;Startaufstellung
2547019;Venezuela;FC Fulham;Fernando Amorebieta;30;3000000.0;Linker Verteidiger;Startaufstellung
2547019;Venezuela;FC Málaga;Roberto Rosales;26;4000000.0;Rechter Verteidiger;Startaufstellung
2547019;Venezuela;Independiente Santa Fe;Luis Manuel Seijas;28;700000.0;Defensives Mittelfeld;Startaufstellung
2547019;Venezuela;FC Genua 1893;Tomás Rincón;27;2000000.0;Zentrales Mittelfeld;Startaufstellung
2547019;Venezuela;Club Tijuana;Juan Arango;35;1750000.0;Offensives Mittelfeld;Startaufstellung
2547019;Venezuela;Atlético Nacional;Alejandro Guerra;29;500000.0;Linksaußen;Startaufstellung
2547019;Venezuela;Balikesirspor;Ronald Vargas;28;1000000.0;Rechtsaußen;Startaufstellung
2547019;Venezuela;Zenit St. Petersburg;José Salomón Rondón;25;15000000.0;Mittelstürmer;Startaufstellung
2547019;Kolumbien;Atlético Nacional;Camilo Vargas;26;900000.0;Torwart;Reservebank
2547019;Kolumbien;CD La Equidad;Cristian Bonilla;22;650000.0;Torwart;Reservebank
2547019;Kolumbien;Besiktas Istanbul;Pedro Franco;24;4500000.0;Innenverteidiger;Reservebank
2547019;Kolumbien;Club Nacional;Carlos Valdés;30;600000.0;Innenverteidiger;Reservebank
2547019;Kolumbien;Standard Lüttich;Darwin Andrade;24;1000000.0;Linker Verteidiger;Reservebank
2547019;Kolumbien;PSV Eindhoven;Santiago Arias;23;3500000.0;Rechter Verteidiger;Reservebank
2547019;Kolumbien;CF Monterrey;Alexander Mejía;26;850000.0;Defensives Mittelfeld;Reservebank
2547019;Kolumbien;CF Monterrey;Edwin Cardona;22;900000.0;Zentrales Mittelfeld;Reservebank
2547019;Kolumbien;AS Rom;Víctor Ibarbo;25;8500000.0;Hängende Spitze;Reservebank
2547019;Kolumbien;Club Atlético River Plate;Teófilo Gutiérrez;30;2500000.0;Mittelstürmer;Reservebank
2547019;Kolumbien;FC Porto;Jackson Martínez;28;32000000.0;Mittelstürmer;Reservebank
2547019;Kolumbien;Sampdoria Genua;Luis Muriel;24;10000000.0;Mittelstürmer;Reservebank
2547019;Venezuela;;Wuilker Fariñez;17;500000.0;Torwart;Reservebank
2547019;Venezuela;CD Teneriffa;Dani Hernández;29;600000.0;Torwart;Reservebank
2547019;Venezuela;Mineros de Guayana;Gabriel Cichero;31;750000.0;Innenverteidiger;Reservebank
2547019;Venezuela;Deportivo Táchira;Wílker Ángel;22;500000.0;Innenverteidiger;Reservebank
2547019;Venezuela;Deportivo La Guaira;Franklin Lucena;34;500000.0;Defensives Mittelfeld;Reservebank
2547019;Venezuela;AC Ajaccio;Grenddy Perozo;29;500000.0;Innenverteidiger;Reservebank
2547019;Venezuela;Mineros de Guayana;Rafael Acosta;26;500000.0;Zentrales Mittelfeld;Reservebank
2547019;Venezuela;Coritiba FC;César González;32;700000.0;Rechtsaußen;Reservebank
2547019;Venezuela;Rayo Vallecano;Miku Fedor;29;2000000.0;Mittelstürmer;Reservebank
2547019;Venezuela;FC Turin;Josef Martínez;22;2500000.0;Mittelstürmer;Reservebank
2547019;Venezuela;Deportivo Táchira;Gelmin Rivas;26;500000.0;Mittelstürmer;Reservebank
