GameId;team;club;name;age;value;position;role
2547020;Ecuador;LDU Quito;Alexander Domínguez;28;1800000.0;Torwart;Startaufstellung
2547020;Ecuador;Grêmio Porto Alegre;Frickson Erazo;27;1250000.0;Innenverteidiger;Startaufstellung
2547020;Ecuador;CS Emelec;Gabriel Achilier;30;1500000.0;Innenverteidiger;Startaufstellung
2547020;Ecuador;CF Pachuca;Wálter Ayoví;35;1000000.0;Linker Verteidiger;Startaufstellung
2547020;Ecuador;FC Watford;Juan Carlos Paredes;27;1500000.0;Rechter Verteidiger;Startaufstellung
2547020;Ecuador;CS Emelec;Pedro Quiñónez;29;1400000.0;Defensives Mittelfeld;Startaufstellung
2547020;Ecuador;PAOK Thessaloniki;Christian Noboa;30;7500000.0;Defensives Mittelfeld;Startaufstellung
2547020;Ecuador;Swansea City;Jefferson Montero;25;5000000.0;Linksaußen;Startaufstellung
2547020;Ecuador;CD Leones Negros de la UdeG;Fidel Martínez;25;2200000.0;Rechtsaußen;Startaufstellung
2547020;Ecuador;CS Emelec;Miler Bolaños;25;2400000.0;Mittelstürmer;Startaufstellung
2547020;Ecuador;West Ham United;Enner Valencia;25;10000000.0;Mittelstürmer;Startaufstellung
2547020;Bolivien;Bolívar La Paz;Romel Quiñónez;22;75000.0;Torwart;Startaufstellung
2547020;Bolivien;Oriente Petrolero;Ronald Raldes;34;700000.0;Innenverteidiger;Startaufstellung
2547020;Bolivien;Club Jorge Wilstermann ;Edward Zenteno;30;75000.0;Innenverteidiger;Startaufstellung
2547020;Bolivien;Blooming Santa Cruz;Leonel Morales;27;150000.0;Linker Verteidiger;Startaufstellung
2547020;Bolivien;Blooming Santa Cruz;Miguel Hurtado;29;75000.0;Rechter Verteidiger;Startaufstellung
2547020;Bolivien;Oriente Petrolero;Danny Bejarano;21;75000.0;Defensives Mittelfeld;Startaufstellung
2547020;Bolivien;The Strongest La Paz;Alejandro Chumacero;24;500000.0;Defensives Mittelfeld;Startaufstellung
2547020;Bolivien;CD O'Higgins;Damián Lizio;25;500000.0;Offensives Mittelfeld;Startaufstellung
2547020;Bolivien;IFK Göteborg;Martin Smedberg;31;400000.0;Linksaußen;Startaufstellung
2547020;Bolivien;Mersin Idmanyurdu;Ricardo Pedriel;28;650000.0;Rechtsaußen;Startaufstellung
2547020;Bolivien;Changchun Yatai;Marcelo Moreno;27;3200000.0;Mittelstürmer;Startaufstellung
2547020;Ecuador;Independiente del Valle;Librado Azcona;31;1200000.0;Torwart;Reservebank
2547020;Ecuador;CS Emelec;Esteban Dreer;33;1400000.0;Torwart;Reservebank
2547020;Ecuador;Independiente del Valle;Arturo Mina;24;1000000.0;Innenverteidiger;Reservebank
2547020;Ecuador;CS Emelec;Óscar Bagüí;32;1000000.0;Linker Verteidiger;Reservebank
2547020;Ecuador;Independiente del Valle;Mario Pineida;22;1000000.0;Linker Verteidiger;Reservebank
2547020;Ecuador;CS Emelec;John Narváez;24;1200000.0;Rechter Verteidiger;Reservebank
2547020;Ecuador;CS Emelec;Osvaldo Lastra;30;1200000.0;Defensives Mittelfeld;Reservebank
2547020;Ecuador;LDU de Loja;Pedro Larrea;29;800000.0;Defensives Mittelfeld;Reservebank
2547020;Ecuador;Club Atlético Banfield;Juan Cazares;23;1500000.0;Offensives Mittelfeld;Reservebank
2547020;Ecuador;Vitesse Arnheim;Renato Ibarra;24;3000000.0;Rechtsaußen;Reservebank
2547020;Ecuador;CD Leones Negros de la UdeG;Jonathan González;19;1500000.0;Rechtsaußen;Reservebank
2547020;Ecuador;Independiente del Valle;Daniel Angulo;28;2000000.0;Mittelstürmer;Reservebank
2547020;Bolivien;Petrolero de Yacuiba;José Peñarrieta;26;75000.0;Torwart;Reservebank
2547020;Bolivien;Blooming Santa Cruz;Hugo Suárez;33;400000.0;Torwart;Reservebank
2547020;Bolivien;Bolívar La Paz;Ronald Eguino;27;75000.0;Innenverteidiger;Reservebank
2547020;Bolivien;Blooming Santa Cruz;Cristian Coimbra;26;75000.0;Innenverteidiger;Reservebank
2547020;Bolivien;Oriente Petrolero;Marvin Bejarano;27;75000.0;Linker Verteidiger;Reservebank
2547020;Bolivien;Bolívar La Paz;Edemir Rodríguez;30;250000.0;Rechter Verteidiger;Reservebank
2547020;Bolivien;Milan Primavera;Sebastián Gamarra;18;75000.0;Defensives Mittelfeld;Reservebank
2547020;Bolivien;Bolívar La Paz;Damir Miranda;29;75000.0;Zentrales Mittelfeld;Reservebank
2547020;Bolivien;The Strongest La Paz;Wálter Veizaga;26;75000.0;Zentrales Mittelfeld;Reservebank
2547020;Bolivien;Bolívar La Paz;Jhasmani Campos;27;500000.0;Offensives Mittelfeld;Reservebank
2547020;Bolivien;;Alcides Peña;26;75000.0;Linksaußen;Reservebank
2547020;Bolivien;The Strongest La Paz;Pablo Escobar;36;75000.0;Hängende Spitze;Reservebank
