GameId;team;club;name;age;value;position;role
2547030;Kolumbien;FC Arsenal;David Ospina;26;7000000.0;Torwart;Startaufstellung
2547030;Kolumbien;AC Mailand;Cristián Zapata;28;4000000.0;Innenverteidiger;Startaufstellung
2547030;Kolumbien;FC Granada;Jeison Murillo;23;8000000.0;Innenverteidiger;Startaufstellung
2547030;Kolumbien;Flamengo Rio de Janeiro;Pablo Armero;28;4000000.0;Linker Verteidiger;Startaufstellung
2547030;Kolumbien;PSV Eindhoven;Santiago Arias;23;3500000.0;Rechter Verteidiger;Startaufstellung
2547030;Kolumbien;Aston Villa;Carlos Sánchez;29;6000000.0;Defensives Mittelfeld;Startaufstellung
2547030;Kolumbien;FC Santos;Edwin Valencia;30;1500000.0;Defensives Mittelfeld;Startaufstellung
2547030;Kolumbien;Real Madrid;James Rodríguez;23;60000000.0;Linksaußen;Startaufstellung
2547030;Kolumbien;FC Chelsea;Juan Cuadrado;27;32000000.0;Rechtsaußen;Startaufstellung
2547030;Kolumbien;Club Atlético River Plate;Teófilo Gutiérrez;30;2500000.0;Mittelstürmer;Startaufstellung
2547030;Kolumbien;Manchester United;Falcao;29;45000000.0;Mittelstürmer;Startaufstellung
2547030;Peru;Club Juan Aurich;Pedro Gallese;25;550000.0;Torwart;Startaufstellung
2547030;Peru;Eintracht Frankfurt;Carlos Zambrano;25;8000000.0;Innenverteidiger;Startaufstellung
2547030;Peru;FBC Melgar;Carlos Ascues;23;500000.0;Innenverteidiger;Startaufstellung
2547030;Peru;AC Florenz;Juan Manuel Vargas;31;4000000.0;Linker Verteidiger;Startaufstellung
2547030;Peru;Vitória Setúbal FC;Luis Advíncula;25;600000.0;Rechter Verteidiger;Startaufstellung
2547030;Peru;Sporting Cristal Lima;Josepmir Ballón;27;600000.0;Zentrales Mittelfeld;Startaufstellung
2547030;Peru;Sporting Cristal Lima;Carlos Lobatón;35;150000.0;Zentrales Mittelfeld;Startaufstellung
2547030;Peru;Alianza Lima;Christian Cueva;23;800000.0;Linksaußen;Startaufstellung
2547030;Peru;Universidad San Martín de Porres;Joel Sánchez;26;350000.0;Rechtsaußen;Startaufstellung
2547030;Peru;FC Bayern München;Claudio Pizarro;36;1000000.0;Hängende Spitze;Startaufstellung
2547030;Peru;Flamengo Rio de Janeiro;Paolo Guerrero;31;5500000.0;Mittelstürmer;Startaufstellung
2547030;Kolumbien;Atlético Nacional;Camilo Vargas;26;900000.0;Torwart;Reservebank
2547030;Kolumbien;CD La Equidad;Cristian Bonilla;22;650000.0;Torwart;Reservebank
2547030;Kolumbien;Besiktas Istanbul;Pedro Franco;24;4500000.0;Innenverteidiger;Reservebank
2547030;Kolumbien;Club Nacional;Carlos Valdés;30;600000.0;Innenverteidiger;Reservebank
2547030;Kolumbien;Standard Lüttich;Darwin Andrade;24;1000000.0;Linker Verteidiger;Reservebank
2547030;Kolumbien;CF Monterrey;Alexander Mejía;26;850000.0;Defensives Mittelfeld;Reservebank
2547030;Kolumbien;SSC Neapel;Camilo Zúñiga;29;8000000.0;Linkes Mittelfeld;Reservebank
2547030;Kolumbien;CF Monterrey;Edwin Cardona;22;900000.0;Linksaußen;Reservebank
2547030;Kolumbien;AS Rom;Víctor Ibarbo;25;8500000.0;Rechtsaußen;Reservebank
2547030;Kolumbien;FC Porto;Jackson Martínez;28;32000000.0;Mittelstürmer;Reservebank
2547030;Kolumbien;Sampdoria Genua;Luis Muriel;24;10000000.0;Mittelstürmer;Reservebank
2547030;Peru;Universidad César Vallejo;Salomón Libman;31;450000.0;Torwart;Reservebank
2547030;Peru;Sporting Cristal Lima;Diego Penny;31;500000.0;Torwart;Reservebank
2547030;Peru;Universidad César Vallejo;Hansell Riojas;23;400000.0;Innenverteidiger;Reservebank
2547030;Peru;Club Juan Aurich;Christian Ramos;26;350000.0;Innenverteidiger;Reservebank
2547030;Peru;Club Juan Aurich;Jair Céspedes;31;225000.0;Linker Verteidiger;Reservebank
2547030;Peru;Universidad César Vallejo;Pedro Requena;24;350000.0;Rechter Verteidiger;Reservebank
2547030;Peru;Real Garcilaso;Edwin Retamoso;33;250000.0;Defensives Mittelfeld;Reservebank
2547030;Peru;Malmö FF;Yoshimar Yotún;25;800000.0;Zentrales Mittelfeld;Reservebank
2547030;Peru;FC Paços de Ferreira;Paolo Hurtado;24;2000000.0;Rechtsaußen;Reservebank
2547030;Peru;FC Schalke 04;Jefferson Farfán;30;12000000.0;Hängende Spitze;Reservebank
2547030;Peru;Sporting Lissabon;André Carrillo;24;8000000.0;Rechtsaußen;Reservebank
2547030;Peru;RasenBallsport Leipzig;Yordy Reyna;21;1250000.0;Mittelstürmer;Reservebank
