GameId;team;club;name;age;value;position;role
2547014;Chile;FC Barcelona;Claudio Bravo;32;12000000.0;Torwart;Startaufstellung
2547014;Chile;1.FSV Mainz 05;Gonzalo Jara;29;1750000.0;Innenverteidiger;Startaufstellung
2547014;Chile;EC Cruzeiro Belo Horizonte;Eugenio Mena;26;3500000.0;Innenverteidiger;Startaufstellung
2547014;Chile;Inter Mailand;Gary Medel;27;10000000.0;Innenverteidiger;Startaufstellung
2547014;Chile;Hamburger SV;Marcelo Díaz;28;2000000.0;Defensives Mittelfeld;Startaufstellung
2547014;Chile;SC Internacional Porto Alegre;Charles Aránguiz;26;9500000.0;Zentrales Mittelfeld;Startaufstellung
2547014;Chile;Queens Park Rangers;Mauricio Isla;27;9000000.0;Rechtes Mittelfeld;Startaufstellung
2547014;Chile;CSD Colo Colo;Jean Beausejour;31;4000000.0;Linkes Mittelfeld;Startaufstellung
2547014;Chile;Juventus Turin;Arturo Vidal;28;42000000.0;Offensives Mittelfeld;Startaufstellung
2547014;Chile;SE Palmeiras São Paulo;Jorge Valdivia;31;4500000.0;Offensives Mittelfeld;Startaufstellung
2547014;Chile;FC Arsenal;Alexis Sánchez;26;45000000.0;Mittelstürmer;Startaufstellung
2547014;Ecuador;LDU Quito;Alexander Domínguez;28;1800000.0;Torwart;Startaufstellung
2547014;Ecuador;Grêmio Porto Alegre;Frickson Erazo;27;1250000.0;Innenverteidiger;Startaufstellung
2547014;Ecuador;CS Emelec;Gabriel Achilier;30;1500000.0;Innenverteidiger;Startaufstellung
2547014;Ecuador;CF Pachuca;Wálter Ayoví;35;1000000.0;Linker Verteidiger;Startaufstellung
2547014;Ecuador;FC Watford;Juan Carlos Paredes;27;1500000.0;Rechter Verteidiger;Startaufstellung
2547014;Ecuador;CS Emelec;Osvaldo Lastra;30;1200000.0;Defensives Mittelfeld;Startaufstellung
2547014;Ecuador;PAOK Thessaloniki;Christian Noboa;30;7500000.0;Defensives Mittelfeld;Startaufstellung
2547014;Ecuador;Swansea City;Jefferson Montero;25;5000000.0;Linksaußen;Startaufstellung
2547014;Ecuador;CD Leones Negros de la UdeG;Fidel Martínez;25;2200000.0;Rechtsaußen;Startaufstellung
2547014;Ecuador;CS Emelec;Miler Bolaños;25;2400000.0;Mittelstürmer;Startaufstellung
2547014;Ecuador;West Ham United;Enner Valencia;25;10000000.0;Mittelstürmer;Startaufstellung
2547014;Chile;CSD Colo Colo;Paulo Garcés;30;750000.0;Torwart;Reservebank
2547014;Chile;Club Universidad de Chile;Johnny Herrera;34;1000000.0;Torwart;Reservebank
2547014;Chile;Club Universidad de Chile;José Rojas;31;900000.0;Innenverteidiger;Reservebank
2547014;Chile;Hannover 96;Miiko Albornoz;24;2250000.0;Linker Verteidiger;Reservebank
2547014;Chile;FC Brügge;Francisco Silva;29;2000000.0;Defensives Mittelfeld;Reservebank
2547014;Chile;FC Twente Enschede;Felipe Gutiérrez;24;5000000.0;Zentrales Mittelfeld;Reservebank
2547014;Chile;AC Florenz;David Pizarro;35;1000000.0;Defensives Mittelfeld;Reservebank
2547014;Chile;AC Florenz;Matías Fernández;29;7500000.0;Offensives Mittelfeld;Reservebank
2547014;Chile;Club Atlético Boca Juniors;José Pedro Fuenzalida;30;600000.0;Rechtsaußen;Reservebank
2547014;Chile;Atalanta Bergamo;Mauricio Pinilla;31;2200000.0;Mittelstürmer;Reservebank
2547014;Chile;Queens Park Rangers;Eduardo Vargas;25;6000000.0;Mittelstürmer;Reservebank
2547014;Chile;GNK Dinamo Zagreb;Ángelo Henríquez;21;3500000.0;Mittelstürmer;Reservebank
2547014;Ecuador;Independiente del Valle;Librado Azcona;31;1200000.0;Torwart;Reservebank
2547014;Ecuador;CS Emelec;Esteban Dreer;33;1400000.0;Torwart;Reservebank
2547014;Ecuador;Independiente del Valle;Arturo Mina;24;1000000.0;Innenverteidiger;Reservebank
2547014;Ecuador;CS Emelec;Óscar Bagüí;32;1000000.0;Linker Verteidiger;Reservebank
2547014;Ecuador;Independiente del Valle;Mario Pineida;22;1000000.0;Linker Verteidiger;Reservebank
2547014;Ecuador;CS Emelec;John Narváez;24;1200000.0;Rechter Verteidiger;Reservebank
2547014;Ecuador;CS Emelec;Pedro Quiñónez;29;1400000.0;Defensives Mittelfeld;Reservebank
2547014;Ecuador;LDU de Loja;Pedro Larrea;29;800000.0;Defensives Mittelfeld;Reservebank
2547014;Ecuador;Club Atlético Banfield;Juan Cazares;23;1500000.0;Offensives Mittelfeld;Reservebank
2547014;Ecuador;Vitesse Arnheim;Renato Ibarra;24;3000000.0;Rechtsaußen;Reservebank
2547014;Ecuador;CD Leones Negros de la UdeG;Jonathan González;19;1500000.0;Rechtsaußen;Reservebank
2547014;Ecuador;Independiente del Valle;Daniel Angulo;28;2000000.0;Mittelstürmer;Reservebank
