GameId;team;club;name;age;value;position;role
2547026;Mexiko;CD Cruz Azul;Jesús Corona;34;2200000.0;Torwart;Startaufstellung
2547026;Mexiko;CD Cruz Azul;Julio Domínguez;27;1800000.0;Innenverteidiger;Startaufstellung
2547026;Mexiko;Tigres UANL;Hugo Ayala;28;2000000.0;Innenverteidiger;Startaufstellung
2547026;Mexiko;Atlas Guadalajara;Juan Carlos Valenzuela;31;1800000.0;Innenverteidiger;Startaufstellung
2547026;Mexiko;CF Monterrey;Efraín Velarde;29;2000000.0;Linker Verteidiger;Startaufstellung
2547026;Mexiko;CD Cruz Azul;Gerardo Flores;29;1250000.0;Rechter Verteidiger;Startaufstellung
2547026;Mexiko;Club Tijuana;Javier Güemez;23;1000000.0;Zentrales Mittelfeld;Startaufstellung
2547026;Mexiko;Atlas Guadalajara;Juan Carlos Medina;31;2000000.0;Rechtes Mittelfeld;Startaufstellung
2547026;Mexiko;FC Twente Enschede;Jesús Corona;22;4000000.0;Linkes Mittelfeld;Startaufstellung
2547026;Mexiko;Atlético Madrid;Raúl Jiménez;24;7000000.0;Mittelstürmer;Startaufstellung
2547026;Mexiko;Chiapas FC;Matías Vuoso;33;1000000.0;Mittelstürmer;Startaufstellung
2547026;Ecuador;LDU Quito;Alexander Domínguez;28;1800000.0;Torwart;Startaufstellung
2547026;Ecuador;Independiente del Valle;Arturo Mina;24;1000000.0;Innenverteidiger;Startaufstellung
2547026;Ecuador;CS Emelec;Gabriel Achilier;30;1500000.0;Innenverteidiger;Startaufstellung
2547026;Ecuador;CF Pachuca;Wálter Ayoví;35;1000000.0;Linker Verteidiger;Startaufstellung
2547026;Ecuador;FC Watford;Juan Carlos Paredes;27;1500000.0;Rechter Verteidiger;Startaufstellung
2547026;Ecuador;CS Emelec;Osvaldo Lastra;30;1200000.0;Defensives Mittelfeld;Startaufstellung
2547026;Ecuador;PAOK Thessaloniki;Christian Noboa;30;7500000.0;Defensives Mittelfeld;Startaufstellung
2547026;Ecuador;Swansea City;Jefferson Montero;25;5000000.0;Linksaußen;Startaufstellung
2547026;Ecuador;Vitesse Arnheim;Renato Ibarra;24;3000000.0;Rechtsaußen;Startaufstellung
2547026;Ecuador;CS Emelec;Miler Bolaños;25;2400000.0;Mittelstürmer;Startaufstellung
2547026;Ecuador;West Ham United;Enner Valencia;25;10000000.0;Mittelstürmer;Startaufstellung
2547026;Mexiko;Tiburones Rojos de Veracruz;Melitón Hernández;32;1000000.0;Torwart;Reservebank
2547026;Mexiko;Deportivo Toluca;Alfredo Talavera;32;2000000.0;Torwart;Reservebank
2547026;Mexiko;Hellas Verona;Rafael Márquez;36;500000.0;Innenverteidiger;Reservebank
2547026;Mexiko;Deportivo Guadalajara;Carlos Salcedo;21;500000.0;Innenverteidiger;Reservebank
2547026;Mexiko;Santos Laguna;Adrián Aldrete;27;1800000.0;Linker Verteidiger;Reservebank
2547026;Mexiko;Querétaro FC;George Corral;24;1500000.0;Rechter Verteidiger;Reservebank
2547026;Mexiko;Querétaro FC;Mario Osuna;26;900000.0;Defensives Mittelfeld;Reservebank
2547026;Mexiko;Club León FC;Luis Montes;29;2500000.0;Offensives Mittelfeld;Reservebank
2547026;Mexiko;Deportivo Guadalajara;Marco Fabián;25;5500000.0;Offensives Mittelfeld;Reservebank
2547026;Mexiko;Rayo Vallecano;Javier Aquino;25;3000000.0;Linksaußen;Reservebank
2547026;Mexiko;Tigres UANL;Enrique Esqueda;27;1200000.0;Mittelstürmer;Reservebank
2547026;Mexiko;UNAM Pumas;Eduardo Herrera;26;1200000.0;Mittelstürmer;Reservebank
2547026;Ecuador;Independiente del Valle;Librado Azcona;31;1200000.0;Torwart;Reservebank
2547026;Ecuador;CS Emelec;Esteban Dreer;33;1400000.0;Torwart;Reservebank
2547026;Ecuador;Grêmio Porto Alegre;Frickson Erazo;27;1250000.0;Innenverteidiger;Reservebank
2547026;Ecuador;CS Emelec;Óscar Bagüí;32;1000000.0;Linker Verteidiger;Reservebank
2547026;Ecuador;Independiente del Valle;Mario Pineida;22;1000000.0;Linker Verteidiger;Reservebank
2547026;Ecuador;CS Emelec;John Narváez;24;1200000.0;Rechter Verteidiger;Reservebank
2547026;Ecuador;CS Emelec;Pedro Quiñónez;29;1400000.0;Defensives Mittelfeld;Reservebank
2547026;Ecuador;LDU de Loja;Pedro Larrea;29;800000.0;Defensives Mittelfeld;Reservebank
2547026;Ecuador;Club Atlético Banfield;Juan Cazares;23;1500000.0;Rechtsaußen;Reservebank
2547026;Ecuador;CD Leones Negros de la UdeG;Fidel Martínez;25;2200000.0;Linksaußen;Reservebank
2547026;Ecuador;CD Leones Negros de la UdeG;Jonathan González;19;1500000.0;Rechtsaußen;Reservebank
2547026;Ecuador;Independiente del Valle;Daniel Angulo;28;2000000.0;Mittelstürmer;Reservebank
