GameId;team;club;name;age;value;position;role
2547027;Chile;FC Barcelona;Claudio Bravo;32;12000000.0;Torwart;Startaufstellung
2547027;Chile;1.FSV Mainz 05;Gonzalo Jara;29;1750000.0;Innenverteidiger;Startaufstellung
2547027;Chile;Inter Mailand;Gary Medel;27;10000000.0;Innenverteidiger;Startaufstellung
2547027;Chile;CSD Colo Colo;Jean Beausejour;31;4000000.0;Linker Verteidiger;Startaufstellung
2547027;Chile;Queens Park Rangers;Mauricio Isla;27;9000000.0;Rechter Verteidiger;Startaufstellung
2547027;Chile;Hamburger SV;Marcelo Díaz;28;2000000.0;Defensives Mittelfeld;Startaufstellung
2547027;Chile;Juventus Turin;Arturo Vidal;28;42000000.0;Zentrales Mittelfeld;Startaufstellung
2547027;Chile;SC Internacional Porto Alegre;Charles Aránguiz;26;9500000.0;Zentrales Mittelfeld;Startaufstellung
2547027;Chile;SE Palmeiras São Paulo;Jorge Valdivia;31;4500000.0;Offensives Mittelfeld;Startaufstellung
2547027;Chile;FC Arsenal;Alexis Sánchez;26;45000000.0;Mittelstürmer;Startaufstellung
2547027;Chile;Queens Park Rangers;Eduardo Vargas;25;6000000.0;Mittelstürmer;Startaufstellung
2547027;Bolivien;Bolívar La Paz;Romel Quiñónez;22;150000.0;Torwart;Startaufstellung
2547027;Bolivien;Oriente Petrolero;Ronald Raldes;34;700000.0;Innenverteidiger;Startaufstellung
2547027;Bolivien;Blooming Santa Cruz;Cristian Coimbra;26;150000.0;Innenverteidiger;Startaufstellung
2547027;Bolivien;Blooming Santa Cruz;Leonel Morales;27;150000.0;Linker Verteidiger;Startaufstellung
2547027;Bolivien;Bolívar La Paz;Edemir Rodríguez;30;250000.0;Rechter Verteidiger;Startaufstellung
2547027;Bolivien;The Strongest La Paz;Alejandro Chumacero;24;500000.0;Defensives Mittelfeld;Startaufstellung
2547027;Bolivien;The Strongest La Paz;Wálter Veizaga;26;150000.0;Zentrales Mittelfeld;Startaufstellung
2547027;Bolivien;IFK Göteborg;Martin Smedberg;31;400000.0;Rechtes Mittelfeld;Startaufstellung
2547027;Bolivien;The Strongest La Paz;Pablo Escobar;36;150000.0;Offensives Mittelfeld;Startaufstellung
2547027;Bolivien;Mersin Idmanyurdu;Ricardo Pedriel;28;650000.0;Linksaußen;Startaufstellung
2547027;Bolivien;Changchun Yatai;Marcelo Moreno;28;3200000.0;Mittelstürmer;Startaufstellung
2547027;Chile;CSD Colo Colo;Paulo Garcés;30;750000.0;Torwart;Reservebank
2547027;Chile;Club Universidad de Chile;Johnny Herrera;34;1000000.0;Torwart;Reservebank
2547027;Chile;Club Universidad de Chile;José Rojas;31;900000.0;Innenverteidiger;Reservebank
2547027;Chile;EC Cruzeiro Belo Horizonte;Eugenio Mena;26;3500000.0;Linker Verteidiger;Reservebank
2547027;Chile;Hannover 96;Miiko Albornoz;24;2250000.0;Linker Verteidiger;Reservebank
2547027;Chile;FC Brügge;Francisco Silva;29;2000000.0;Defensives Mittelfeld;Reservebank
2547027;Chile;FC Twente Enschede;Felipe Gutiérrez;24;5000000.0;Zentrales Mittelfeld;Reservebank
2547027;Chile;AC Florenz;David Pizarro;35;1000000.0;Zentrales Mittelfeld;Reservebank
2547027;Chile;AC Florenz;Matías Fernández;29;7500000.0;Zentrales Mittelfeld;Reservebank
2547027;Chile;Club Atlético Boca Juniors;José Pedro Fuenzalida;30;600000.0;Rechtsaußen;Reservebank
2547027;Chile;Atalanta Bergamo;Mauricio Pinilla;31;2200000.0;Mittelstürmer;Reservebank
2547027;Chile;GNK Dinamo Zagreb;Ángelo Henríquez;21;3500000.0;Mittelstürmer;Reservebank
2547027;Bolivien;Petrolero de Yacuiba;José Peñarrieta;26;150000.0;Torwart;Reservebank
2547027;Bolivien;Blooming Santa Cruz;Hugo Suárez;33;400000.0;Torwart;Reservebank
2547027;Bolivien;Bolívar La Paz;Ronald Eguino;27;150000.0;Innenverteidiger;Reservebank
2547027;Bolivien;Club Jorge Wilstermann ;Edward Zenteno;30;150000.0;Innenverteidiger;Reservebank
2547027;Bolivien;Oriente Petrolero;Marvin Bejarano;27;150000.0;Linker Verteidiger;Reservebank
2547027;Bolivien;Blooming Santa Cruz;Miguel Hurtado;29;150000.0;Rechter Verteidiger;Reservebank
2547027;Bolivien;Milan Primavera;Sebastián Gamarra;18;175000.0;Defensives Mittelfeld;Reservebank
2547027;Bolivien;Oriente Petrolero;Danny Bejarano;21;150000.0;Zentrales Mittelfeld;Reservebank
2547027;Bolivien;Bolívar La Paz;Damir Miranda;29;150000.0;Zentrales Mittelfeld;Reservebank
2547027;Bolivien;Bolívar La Paz;Jhasmani Campos;27;500000.0;Offensives Mittelfeld;Reservebank
2547027;Bolivien;CD O'Higgins;Damián Lizio;25;500000.0;Offensives Mittelfeld;Reservebank
2547027;Bolivien;;Alcides Peña;26;150000.0;Linksaußen;Reservebank
