GameId;team;club;name;age;value;position;role
2547017;Argentinien;Sampdoria Genua;Sergio Romero;28;5500000.0;Torwart;Startaufstellung
2547017;Argentinien;Zenit St. Petersburg;Ezequiel Garay;28;20000000.0;Innenverteidiger;Startaufstellung
2547017;Argentinien;FC Valencia;Nicolás Otamendi;27;18000000.0;Innenverteidiger;Startaufstellung
2547017;Argentinien;Manchester United;Marcos Rojo;25;16000000.0;Linker Verteidiger;Startaufstellung
2547017;Argentinien;FC Genua 1893;Facundo Roncaglia;28;4000000.0;Rechter Verteidiger;Startaufstellung
2547017;Argentinien;FC Barcelona;Javier Mascherano;31;15000000.0;Defensives Mittelfeld;Startaufstellung
2547017;Argentinien;FC Sevilla;Éver Banega;26;7500000.0;Zentrales Mittelfeld;Startaufstellung
2547017;Argentinien;FC Paris Saint-Germain;Javier Pastore;25;25000000.0;Offensives Mittelfeld;Startaufstellung
2547017;Argentinien;Manchester United;Ángel Di María;27;65000000.0;Linksaußen;Startaufstellung
2547017;Argentinien;FC Barcelona;Lionel Messi;27;120000000.0;Rechtsaußen;Startaufstellung
2547017;Argentinien;Manchester City;Sergio Agüero;27;50000000.0;Mittelstürmer;Startaufstellung
2547017;Paraguay;Independiente Medellín;Antony Silva;31;900000.0;Torwart;Startaufstellung
2547017;Paraguay;CF América;Pablo Aguilar;28;2000000.0;Innenverteidiger;Startaufstellung
2547017;Paraguay;Deportivo Toluca;Paulo da Silva;35;1250000.0;Innenverteidiger;Startaufstellung
2547017;Paraguay;CF América;Miguel Samudio;28;500000.0;Linker Verteidiger;Startaufstellung
2547017;Paraguay;Club Atlético Newell's Old Boys;Marcos Cáceres;29;1300000.0;Rechter Verteidiger;Startaufstellung
2547017;Paraguay;Flamengo Rio de Janeiro;Víctor Cáceres;30;2000000.0;Defensives Mittelfeld;Startaufstellung
2547017;Paraguay;Club Atlético San Lorenzo de Almagro;Néstor Ortigoza;30;2000000.0;Zentrales Mittelfeld;Startaufstellung
2547017;Paraguay;Club Libertad Asunción;Richard Ortiz;25;1000000.0;Linkes Mittelfeld;Startaufstellung
2547017;Paraguay;Eintracht Frankfurt;Nelson Valdez;31;2000000.0;Offensives Mittelfeld;Startaufstellung
2547017;Paraguay;FC Augsburg;Raúl Bobadilla;27;3000000.0;Rechtsaußen;Startaufstellung
2547017;Paraguay;CD Cruz Azul;Roque Santa Cruz;33;2000000.0;Mittelstürmer;Startaufstellung
2547017;Argentinien;Tigres UANL;Nahuel Guzmán;29;2000000.0;Torwart;Reservebank
2547017;Argentinien;SSC Neapel;Mariano Andújar;31;2000000.0;Torwart;Reservebank
2547017;Argentinien;Manchester City;Martín Demichelis;34;2000000.0;Innenverteidiger;Reservebank
2547017;Argentinien;Club Atlético Newell's Old Boys;Milton Casco;27;1300000.0;Linker Verteidiger;Reservebank
2547017;Argentinien;Manchester City;Pablo Zabaleta;30;18000000.0;Rechter Verteidiger;Reservebank
2547017;Argentinien;Club Atlético Boca Juniors;Fernando Gago;29;3400000.0;Defensives Mittelfeld;Reservebank
2547017;Argentinien;Lazio Rom;Lucas Biglia;29;12500000.0;Defensives Mittelfeld;Reservebank
2547017;Argentinien;Juventus Turin;Roberto Pereyra;24;13000000.0;Offensives Mittelfeld;Reservebank
2547017;Argentinien;FC Paris Saint-Germain;Ezequiel Lavezzi;30;14000000.0;Linksaußen;Reservebank
2547017;Argentinien;Tottenham Hotspur;Érik Lamela;23;22000000.0;Rechtsaußen;Reservebank
2547017;Argentinien;Juventus Turin;Carlos Tévez;31;23000000.0;Linksaußen;Reservebank
2547017;Argentinien;SSC Neapel;Gonzalo Higuaín;27;40000000.0;Mittelstürmer;Reservebank
2547017;Paraguay;Club Guaraní;Alfredo Aguilar;26;500000.0;Torwart;Reservebank
2547017;Paraguay;CSD Colo Colo;Justo Villar;37;500000.0;Torwart;Reservebank
2547017;Paraguay;Club Cerro Porteño;Bruno Valdez;22;500000.0;Innenverteidiger;Reservebank
2547017;Paraguay;Club Libertad Asunción;Fabián Balbuena;23;500000.0;Innenverteidiger;Reservebank
2547017;Paraguay;Udinese Calcio;Iván Piris;26;2500000.0;Rechter Verteidiger;Reservebank
2547017;Paraguay;Club Libertad Asunción;Osmar Molinas;28;600000.0;Defensives Mittelfeld;Reservebank
2547017;Paraguay;CF América;Osvaldo Martínez;29;2400000.0;Zentrales Mittelfeld;Reservebank
2547017;Paraguay;Olimpia Asunción;Eduardo Aranda;30;550000.0;Zentrales Mittelfeld;Reservebank
2547017;Paraguay;Racing Club de Avellaneda;Óscar Romero;22;500000.0;Offensives Mittelfeld;Reservebank
2547017;Paraguay;Deportivo Toluca;Edgar Benítez;27;2000000.0;Linksaußen;Reservebank
2547017;Paraguay;FC Basel 1893;Derlis González;21;4500000.0;Rechtsaußen;Reservebank
2547017;Paraguay;HSC Montpellier;Lucas Barrios;30;3000000.0;Mittelstürmer;Reservebank
