GameId;team;club;name;age;value;position;role
2549832;Honduras;CD Olimpia;Donis Escober;34;400000.0;Torwart;Startaufstellung
2549832;Honduras;;Henry Figueroa;22;200000.0;Innenverteidiger;Startaufstellung
2549832;Honduras;CD Olimpia;Johnny Palacios;28;600000.0;Innenverteidiger;Startaufstellung
2549832;Honduras;Hull City;Maynor Figueroa;32;2000000.0;Innenverteidiger;Startaufstellung
2549832;Honduras;Boavista Porto FC;Brayan Beckeles;29;750000.0;Linker Verteidiger;Startaufstellung
2549832;Honduras;CD Motagua Tegucigalpa;Wilmer Crisanto;26;200000.0;Rechter Verteidiger;Startaufstellung
2549832;Honduras;Qingdao Jonoon;Jorge Claros;29;400000.0;Defensives Mittelfeld;Startaufstellung
2549832;Honduras;;Bryan Acosta;21;200000.0;Defensives Mittelfeld;Startaufstellung
2549832;Honduras;RSC Anderlecht;Andy Nájar;22;4500000.0;Linksaußen;Startaufstellung
2549832;Honduras;LD Alajuelense;Carlos Discua;30;250000.0;Rechtsaußen;Startaufstellung
2549832;Honduras;CD Olimpia;Anthony Lozano;22;200000.0;Mittelstürmer;Startaufstellung
2549832;Panama;Los Angeles Galaxy;Jaime Penedo;33;450000.0;Torwart;Startaufstellung
2549832;Panama;Millonarios FC;Román Torres;29;950000.0;Innenverteidiger;Startaufstellung
2549832;Panama;Deportivo Saprissa;Adolfo Machado;30;300000.0;Innenverteidiger;Startaufstellung
2549832;Panama;Lech Posen;Luis Henríquez;33;250000.0;Linker Verteidiger;Startaufstellung
2549832;Panama;Independiente Santa Fe;Hárold Cummings;23;125000.0;Rechter Verteidiger;Startaufstellung
2549832;Panama;Budapest Honvéd FC;Aníbal Godoy;25;125000.0;Defensives Mittelfeld;Startaufstellung
2549832;Panama;CS Herediano;Gabriel Gómez;31;250000.0;Defensives Mittelfeld;Startaufstellung
2549832;Panama;FC St. Pauli;Armando Cooper;27;300000.0;Rechtes Mittelfeld;Startaufstellung
2549832;Panama;Lobos BUAP;Alberto Quintero;27;75000.0;Linkes Mittelfeld;Startaufstellung
2549832;Panama;FC Dallas;Blas Pérez;34;750000.0;Mittelstürmer;Startaufstellung
2549832;Panama;Club Juan Aurich;Luis Tejada;33;300000.0;Mittelstürmer;Startaufstellung
2549832;Honduras;;Luis López;21;250000.0;Torwart;Reservebank
2549832;Honduras;Club Deportivo Social Vida;Orlin Vallecillo;32;200000.0;Torwart;Reservebank
2549832;Honduras;CD Marathón;Johnny Leverón;25;300000.0;Innenverteidiger;Reservebank
2549832;Honduras;Club Deportivo Social Vida;Brayan García;22;200000.0;Linker Verteidiger;Reservebank
2549832;Honduras;Houston Dynamo;Luis Garrido;24;450000.0;Defensives Mittelfeld;Reservebank
2549832;Honduras;Panthrakikos Komotini;Alfredo Mejía;25;350000.0;Defensives Mittelfeld;Reservebank
2549832;Honduras;Houston Dynamo;Boniek García;30;500000.0;Rechtes Mittelfeld;Reservebank
2549832;Honduras;RCD España San Pedro Sula;Mario Martínez;25;700000.0;Offensives Mittelfeld;Reservebank
2549832;Honduras;CD Motagua Tegucigalpa;Érick Andino;25;200000.0;Rechtsaußen;Reservebank
2549832;Honduras;;Rubilio Castillo;23;200000.0;Mittelstürmer;Reservebank
2549832;Honduras;CD Olimpia;Romell Quioto;23;300000.0;Mittelstürmer;Reservebank
2549832;Honduras;CD Motagua Tegucigalpa;Eddie Hernández;24;200000.0;Mittelstürmer;Reservebank
2549832;Panama;Platense FC;José Calderón;29;75000.0;Torwart;Reservebank
2549832;Panama;CA Fénix;Luis Mejía;24;500000.0;Torwart;Reservebank
2549832;Panama;CD Árabe Unido;Éric Davis;24;75000.0;Linker Verteidiger;Reservebank
2549832;Panama;;Ángel Patrick;23;75000.0;Rechter Verteidiger;Reservebank
2549832;Panama;;Darwin Pinzón;21;75000.0;Rechtes Mittelfeld;Reservebank
2549832;Panama;Chorrillo FC;Miguel Camargo;21;75000.0;Offensives Mittelfeld;Reservebank
2549832;Panama;SUNTRACS FC;Valentin Pimentel;24;75000.0;Rechtsaußen;Reservebank
2549832;Panama;Chorrillo FC;Alfredo Stephens;20;75000.0;Hängende Spitze;Reservebank
2549832;Panama;Dorados de Sinaloa;Roberto Nurse;31;75000.0;Mittelstürmer;Reservebank
2549832;Panama;Colorado Rapids;Gabriel Torres;26;500000.0;Mittelstürmer;Reservebank
2549832;Panama;Comunicaciones FC;Rolando Blackburn;25;375000.0;Mittelstürmer;Reservebank
2549832;Panama;;Abdiel Arroyo;21;75000.0;Mittelstürmer;Reservebank
