GameId;team;club;name;age;value;position;role
2549833;Haiti;Stade Reims;Johnny Placide;27;1000000.0;Torwart;Startaufstellung
2549833;Haiti;Charlotte Independence;Mechack Jérôme;25;50000.0;Innenverteidiger;Startaufstellung
2549833;Haiti;AP Eginiakos;Frantz Bertin;32;150000.0;Innenverteidiger;Startaufstellung
2549833;Haiti;FC Aarau;Kim Jaggy;32;250000.0;Linker Verteidiger;Startaufstellung
2549833;Haiti;Steaua Bukarest;Jean Sony Alcénat;29;1500000.0;Rechter Verteidiger;Startaufstellung
2549833;Haiti;Miedz Legnica;Kevin Lafrance;25;150000.0;Defensives Mittelfeld;Startaufstellung
2549833;Haiti;Fort Lauderdale Strikers;James Marcelin;29;125000.0;Defensives Mittelfeld;Startaufstellung
2549833;Haiti;Wisla Krakau;Wilde-Donald Guerrier;26;500000.0;Linkes Mittelfeld;Startaufstellung
2549833;Haiti;Jacksonville Armada FC;Pascal Millien;29;50000.0;Rechtsaußen;Startaufstellung
2549833;Haiti;Ethnikos Achnas;Kervens Belfort;23;300000.0;Mittelstürmer;Startaufstellung
2549833;Haiti;Stade Laval;Duckens Nazon;21;50000.0;Mittelstürmer;Startaufstellung
2549833;Honduras;CD Olimpia;Donis Escober;34;400000.0;Torwart;Startaufstellung
2549833;Honduras;CD Olimpia;Johnny Palacios;28;600000.0;Innenverteidiger;Startaufstellung
2549833;Honduras;Hull City;Maynor Figueroa;32;2000000.0;Innenverteidiger;Startaufstellung
2549833;Honduras;Boavista Porto FC;Brayan Beckeles;29;750000.0;Linker Verteidiger;Startaufstellung
2549833;Honduras;CD Motagua Tegucigalpa;Wilmer Crisanto;26;200000.0;Rechter Verteidiger;Startaufstellung
2549833;Honduras;Panthrakikos Komotini;Alfredo Mejía;25;350000.0;Defensives Mittelfeld;Startaufstellung
2549833;Honduras;Qingdao Jonoon;Jorge Claros;29;400000.0;Defensives Mittelfeld;Startaufstellung
2549833;Honduras;RSC Anderlecht;Andy Nájar;22;4500000.0;Linkes Mittelfeld;Startaufstellung
2549833;Honduras;RCD España San Pedro Sula;Mario Martínez;25;700000.0;Rechtsaußen;Startaufstellung
2549833;Honduras;CD Motagua Tegucigalpa;Érick Andino;25;200000.0;Mittelstürmer;Startaufstellung
2549833;Honduras;CD Olimpia;Anthony Lozano;22;200000.0;Mittelstürmer;Startaufstellung
2549833;Haiti;Atlanta Silverbacks FC;Steward Ceus;28;175000.0;Torwart;Reservebank
2549833;Haiti;Valencia FC;Ronald Elusma;21;50000.0;Torwart;Reservebank
2549833;Haiti;Vereinslos;Andrew Jean-Baptiste;23;150000.0;Innenverteidiger;Reservebank
2549833;Haiti;Club Almagro de Buenos Aires;Judelín Aveska;27;350000.0;Innenverteidiger;Reservebank
2549833;Haiti;Kraze United FC;Jean-Jacques Bitiélo;24;50000.0;Linker Verteidiger;Reservebank
2549833;Haiti;Vereinslos;Réginal Goreux;27;2000000.0;Rechter Verteidiger;Reservebank
2549833;Haiti;Charleston Battery;Sébastien Thuriere;25;50000.0;Offensives Mittelfeld;Reservebank
2549833;Haiti;Mohun Bagan AC;Sony Nordé;25;100000.0;Offensives Mittelfeld;Reservebank
2549833;Haiti;Ermis Aradippou;Jean-Eudes Maurice;29;200000.0;Mittelstürmer;Reservebank
2549833;Honduras;;Luis López;21;250000.0;Torwart;Reservebank
2549833;Honduras;Club Deportivo Social Vida;Orlin Vallecillo;32;200000.0;Torwart;Reservebank
2549833;Honduras;;Henry Figueroa;22;200000.0;Innenverteidiger;Reservebank
2549833;Honduras;CD Marathón;Johnny Leverón;25;300000.0;Innenverteidiger;Reservebank
2549833;Honduras;Club Deportivo Social Vida;Brayan García;22;200000.0;Linker Verteidiger;Reservebank
2549833;Honduras;Houston Dynamo;Luis Garrido;24;450000.0;Defensives Mittelfeld;Reservebank
2549833;Honduras;;Bryan Acosta;21;200000.0;Zentrales Mittelfeld;Reservebank
2549833;Honduras;Houston Dynamo;Boniek García;30;500000.0;Rechtes Mittelfeld;Reservebank
2549833;Honduras;LD Alajuelense;Carlos Discua;30;250000.0;Offensives Mittelfeld;Reservebank
2549833;Honduras;;Rubilio Castillo;23;200000.0;Mittelstürmer;Reservebank
2549833;Honduras;CD Olimpia;Romell Quioto;23;300000.0;Mittelstürmer;Reservebank
2549833;Honduras;CD Motagua Tegucigalpa;Eddie Hernández;24;200000.0;Mittelstürmer;Reservebank
