GameId;team;club;name;age;value;position;role
2580099;Bolivien;Bolívar La Paz;Romel Quiñónez;23;150000.0;Torwart;Startaufstellung
2580099;Bolivien;Oriente Petrolero;Ronald Raldes;34;700000.0;Innenverteidiger;Startaufstellung
2580099;Bolivien;Blooming Santa Cruz;Cristian Coimbra;26;150000.0;Innenverteidiger;Startaufstellung
2580099;Bolivien;Club Jorge Wilstermann ;Edward Zenteno;30;150000.0;Innenverteidiger;Startaufstellung
2580099;Bolivien;Blooming Santa Cruz;Leonel Morales;27;150000.0;Linker Verteidiger;Startaufstellung
2580099;Bolivien;Blooming Santa Cruz;Miguel Hurtado;29;150000.0;Rechter Verteidiger;Startaufstellung
2580099;Bolivien;The Strongest La Paz;Alejandro Chumacero;24;500000.0;Defensives Mittelfeld;Startaufstellung
2580099;Bolivien;IFK Göteborg;Martin Smedberg;31;400000.0;Defensives Mittelfeld;Startaufstellung
2580099;Bolivien;Oriente Petrolero;Danny Bejarano;21;150000.0;Zentrales Mittelfeld;Startaufstellung
2580099;Bolivien;;Alcides Peña;26;150000.0;Mittelstürmer;Startaufstellung
2580099;Bolivien;Changchun Yatai;Marcelo Moreno;28;3200000.0;Mittelstürmer;Startaufstellung
2580099;Peru;Club Juan Aurich;Pedro Gallese;25;550000.0;Torwart;Startaufstellung
2580099;Peru;Eintracht Frankfurt;Carlos Zambrano;25;8000000.0;Innenverteidiger;Startaufstellung
2580099;Peru;FBC Melgar;Carlos Ascues;23;500000.0;Innenverteidiger;Startaufstellung
2580099;Peru;AC Florenz;Juan Manuel Vargas;31;4000000.0;Linker Verteidiger;Startaufstellung
2580099;Peru;Vitória Setúbal FC;Luis Advíncula;25;600000.0;Rechter Verteidiger;Startaufstellung
2580099;Peru;Real Garcilaso;Edwin Retamoso;33;250000.0;Zentrales Mittelfeld;Startaufstellung
2580099;Peru;Malmö FF;Yoshimar Yotún;25;800000.0;Zentrales Mittelfeld;Startaufstellung
2580099;Peru;Alianza Lima;Christian Cueva;23;800000.0;Linksaußen;Startaufstellung
2580099;Peru;FC Schalke 04;Jefferson Farfán;30;12000000.0;Rechtsaußen;Startaufstellung
2580099;Peru;FC Bayern München;Claudio Pizarro;36;1000000.0;Hängende Spitze;Startaufstellung
2580099;Peru;Flamengo Rio de Janeiro;Paolo Guerrero;31;5500000.0;Mittelstürmer;Startaufstellung
2580099;Bolivien;Petrolero de Yacuiba;José Peñarrieta;26;150000.0;Torwart;Reservebank
2580099;Bolivien;Blooming Santa Cruz;Hugo Suárez;33;400000.0;Torwart;Reservebank
2580099;Bolivien;Bolívar La Paz;Ronald Eguino;27;150000.0;Innenverteidiger;Reservebank
2580099;Bolivien;Oriente Petrolero;Marvin Bejarano;27;150000.0;Linker Verteidiger;Reservebank
2580099;Bolivien;Bolívar La Paz;Edemir Rodríguez;30;250000.0;Rechter Verteidiger;Reservebank
2580099;Bolivien;Milan Primavera;Sebastián Gamarra;18;175000.0;Defensives Mittelfeld;Reservebank
2580099;Bolivien;Bolívar La Paz;Damir Miranda;29;150000.0;Zentrales Mittelfeld;Reservebank
2580099;Bolivien;The Strongest La Paz;Wálter Veizaga;26;150000.0;Zentrales Mittelfeld;Reservebank
2580099;Bolivien;Bolívar La Paz;Jhasmani Campos;27;500000.0;Offensives Mittelfeld;Reservebank
2580099;Bolivien;CD O'Higgins;Damián Lizio;25;500000.0;Offensives Mittelfeld;Reservebank
2580099;Bolivien;The Strongest La Paz;Pablo Escobar;36;150000.0;Hängende Spitze;Reservebank
2580099;Bolivien;Mersin Idmanyurdu;Ricardo Pedriel;28;1000000.0;Mittelstürmer;Reservebank
2580099;Peru;Universidad César Vallejo;Salomón Libman;31;450000.0;Torwart;Reservebank
2580099;Peru;Sporting Cristal Lima;Diego Penny;31;500000.0;Torwart;Reservebank
2580099;Peru;Universidad César Vallejo;Hansell Riojas;23;400000.0;Innenverteidiger;Reservebank
2580099;Peru;Club Juan Aurich;Christian Ramos;26;350000.0;Innenverteidiger;Reservebank
2580099;Peru;Club Juan Aurich;Jair Céspedes;31;225000.0;Linker Verteidiger;Reservebank
2580099;Peru;Universidad César Vallejo;Pedro Requena;24;350000.0;Rechter Verteidiger;Reservebank
2580099;Peru;FC Paços de Ferreira;Paolo Hurtado;24;2000000.0;Rechtsaußen;Reservebank
2580099;Peru;Universidad San Martín de Porres;Joel Sánchez;26;350000.0;Linksaußen;Reservebank
2580099;Peru;Sporting Lissabon;André Carrillo;24;8000000.0;Rechtsaußen;Reservebank
2580099;Peru;RasenBallsport Leipzig;Yordy Reyna;21;1250000.0;Mittelstürmer;Reservebank
