GameId;team;club;name;age;value;position;role
2583052;Chile;FC Barcelona;Claudio Bravo;32;12000000.0;Torwart;Startaufstellung
2583052;Chile;Club Universidad de Chile;José Rojas;32;900000.0;Innenverteidiger;Startaufstellung
2583052;Chile;Inter Mailand;Gary Medel;27;10000000.0;Innenverteidiger;Startaufstellung
2583052;Chile;Hannover 96;Miiko Albornoz;24;2250000.0;Linker Verteidiger;Startaufstellung
2583052;Chile;Juventus Turin;Mauricio Isla;27;9000000.0;Rechter Verteidiger;Startaufstellung
2583052;Chile;Hamburger SV;Marcelo Díaz;28;2000000.0;Defensives Mittelfeld;Startaufstellung
2583052;Chile;Juventus Turin;Arturo Vidal;28;42000000.0;Zentrales Mittelfeld;Startaufstellung
2583052;Chile;SC Internacional Porto Alegre;Charles Aránguiz;26;9500000.0;Zentrales Mittelfeld;Startaufstellung
2583052;Chile;SE Palmeiras São Paulo;Jorge Valdivia;31;4500000.0;Offensives Mittelfeld;Startaufstellung
2583052;Chile;FC Arsenal;Alexis Sánchez;26;45000000.0;Mittelstürmer;Startaufstellung
2583052;Chile;SSC Neapel;Eduardo Vargas;25;6000000.0;Mittelstürmer;Startaufstellung
2583052;Peru;Club Juan Aurich;Pedro Gallese;25;550000.0;Torwart;Startaufstellung
2583052;Peru;Eintracht Frankfurt;Carlos Zambrano;25;8000000.0;Innenverteidiger;Startaufstellung
2583052;Peru;FBC Melgar;Carlos Ascues;23;500000.0;Innenverteidiger;Startaufstellung
2583052;Peru;AC Florenz;Juan Manuel Vargas;31;4000000.0;Linker Verteidiger;Startaufstellung
2583052;Peru;TSG 1899 Hoffenheim;Luis Advíncula;25;600000.0;Rechter Verteidiger;Startaufstellung
2583052;Peru;Sporting Cristal Lima;Josepmir Ballón;27;600000.0;Defensives Mittelfeld;Startaufstellung
2583052;Peru;Sporting Cristal Lima;Carlos Lobatón;35;150000.0;Defensives Mittelfeld;Startaufstellung
2583052;Peru;Alianza Lima;Christian Cueva;23;800000.0;Linksaußen;Startaufstellung
2583052;Peru;Sporting Lissabon;André Carrillo;24;8000000.0;Rechtsaußen;Startaufstellung
2583052;Peru;FC Schalke 04;Jefferson Farfán;30;12000000.0;Hängende Spitze;Startaufstellung
2583052;Peru;Flamengo Rio de Janeiro;Paolo Guerrero;31;5500000.0;Mittelstürmer;Startaufstellung
2583052;Chile;CSD Colo Colo;Paulo Garcés;30;750000.0;Torwart;Reservebank
2583052;Chile;Club Universidad de Chile;Johnny Herrera;34;1000000.0;Torwart;Reservebank
2583052;Chile;EC Cruzeiro Belo Horizonte;Eugenio Mena;26;3500000.0;Linker Verteidiger;Reservebank
2583052;Chile;CSD Colo Colo;Jean Beausejour;31;4000000.0;Linker Verteidiger;Reservebank
2583052;Chile;CA Osasuna;Francisco Silva;29;2000000.0;Defensives Mittelfeld;Reservebank
2583052;Chile;FC Twente Enschede;Felipe Gutiérrez;24;5000000.0;Zentrales Mittelfeld;Reservebank
2583052;Chile;AC Florenz;David Pizarro;35;1000000.0;Defensives Mittelfeld;Reservebank
2583052;Chile;AC Florenz;Matías Fernández;29;7500000.0;Offensives Mittelfeld;Reservebank
2583052;Chile;Club Atlético Boca Juniors;José Pedro Fuenzalida;30;600000.0;Rechtsaußen;Reservebank
2583052;Chile;FC Genua 1893;Mauricio Pinilla;31;2200000.0;Mittelstürmer;Reservebank
2583052;Chile;Manchester United;Ángelo Henríquez;21;3500000.0;Mittelstürmer;Reservebank
2583052;Peru;Universidad César Vallejo;Salomón Libman;31;450000.0;Torwart;Reservebank
2583052;Peru;Sporting Cristal Lima;Diego Penny;31;500000.0;Torwart;Reservebank
2583052;Peru;Universidad César Vallejo;Hansell Riojas;23;400000.0;Innenverteidiger;Reservebank
2583052;Peru;Club Juan Aurich;Christian Ramos;26;350000.0;Innenverteidiger;Reservebank
2583052;Peru;Club Juan Aurich;Jair Céspedes;31;225000.0;Linker Verteidiger;Reservebank
2583052;Peru;Universidad César Vallejo;Pedro Requena;24;350000.0;Rechter Verteidiger;Reservebank
2583052;Peru;Real Garcilaso;Edwin Retamoso;33;250000.0;Defensives Mittelfeld;Reservebank
2583052;Peru;Malmö FF;Yoshimar Yotún;25;800000.0;Zentrales Mittelfeld;Reservebank
2583052;Peru;FC Paços de Ferreira;Paolo Hurtado;24;2000000.0;Offensives Mittelfeld;Reservebank
2583052;Peru;Universidad San Martín de Porres;Joel Sánchez;26;350000.0;Linksaußen;Reservebank
2583052;Peru;Red Bull Salzburg;Yordy Reyna;21;1250000.0;Mittelstürmer;Reservebank
2583052;Peru;FC Bayern München;Claudio Pizarro;36;1000000.0;Mittelstürmer;Reservebank
