GameId;team;club;name;age;value;position;role
2584679;Chile;FC Barcelona;Claudio Bravo;32;15000000.0;Torwart;Startaufstellung
2584679;Chile;CA Osasuna;Francisco Silva;29;1500000.0;Innenverteidiger;Startaufstellung
2584679;Chile;Inter Mailand;Gary Medel;27;10000000.0;Innenverteidiger;Startaufstellung
2584679;Chile;CSD Colo Colo;Jean Beausejour;31;4000000.0;Linker Verteidiger;Startaufstellung
2584679;Chile;Juventus Turin;Mauricio Isla;27;9000000.0;Rechter Verteidiger;Startaufstellung
2584679;Chile;Hamburger SV;Marcelo Díaz;28;2500000.0;Defensives Mittelfeld;Startaufstellung
2584679;Chile;Juventus Turin;Arturo Vidal;28;42000000.0;Zentrales Mittelfeld;Startaufstellung
2584679;Chile;SC Internacional Porto Alegre;Charles Aránguiz;26;9500000.0;Zentrales Mittelfeld;Startaufstellung
2584679;Chile;SE Palmeiras São Paulo;Jorge Valdivia;31;4500000.0;Offensives Mittelfeld;Startaufstellung
2584679;Chile;FC Arsenal;Alexis Sánchez;26;55000000.0;Mittelstürmer;Startaufstellung
2584679;Chile;SSC Neapel;Eduardo Vargas;25;6000000.0;Mittelstürmer;Startaufstellung
2584679;Argentinien;Sampdoria Genua;Sergio Romero;28;5000000.0;Torwart;Startaufstellung
2584679;Argentinien;Manchester City;Martín Demichelis;34;2000000.0;Innenverteidiger;Startaufstellung
2584679;Argentinien;FC Valencia;Nicolás Otamendi;27;25000000.0;Innenverteidiger;Startaufstellung
2584679;Argentinien;Manchester United;Marcos Rojo;25;18000000.0;Linker Verteidiger;Startaufstellung
2584679;Argentinien;Manchester City;Pablo Zabaleta;30;18000000.0;Rechter Verteidiger;Startaufstellung
2584679;Argentinien;FC Barcelona;Javier Mascherano;31;15000000.0;Defensives Mittelfeld;Startaufstellung
2584679;Argentinien;Lazio Rom;Lucas Biglia;29;15000000.0;Zentrales Mittelfeld;Startaufstellung
2584679;Argentinien;FC Paris Saint-Germain;Javier Pastore;26;25000000.0;Zentrales Mittelfeld;Startaufstellung
2584679;Argentinien;Manchester United;Ángel Di María;27;50000000.0;Linksaußen;Startaufstellung
2584679;Argentinien;FC Barcelona;Lionel Messi;28;120000000.0;Rechtsaußen;Startaufstellung
2584679;Argentinien;Manchester City;Sergio Agüero;27;60000000.0;Mittelstürmer;Startaufstellung
2584679;Chile;CSD Colo Colo;Paulo Garcés;30;750000.0;Torwart;Reservebank
2584679;Chile;Club Universidad de Chile;Johnny Herrera;34;1000000.0;Torwart;Reservebank
2584679;Chile;Club Universidad de Chile;José Rojas;32;900000.0;Innenverteidiger;Reservebank
2584679;Chile;EC Cruzeiro Belo Horizonte;Eugenio Mena;26;3500000.0;Linker Verteidiger;Reservebank
2584679;Chile;Hannover 96;Miiko Albornoz;24;3000000.0;Linker Verteidiger;Reservebank
2584679;Chile;FC Twente Enschede;Felipe Gutiérrez;24;4000000.0;Zentrales Mittelfeld;Reservebank
2584679;Chile;AC Florenz;David Pizarro;35;500000.0;Zentrales Mittelfeld;Reservebank
2584679;Chile;AC Florenz;Matías Fernández;29;9000000.0;Offensives Mittelfeld;Reservebank
2584679;Chile;Club Atlético Boca Juniors;José Pedro Fuenzalida;30;600000.0;Rechtsaußen;Reservebank
2584679;Chile;Atalanta Bergamo;Mauricio Pinilla;31;2200000.0;Mittelstürmer;Reservebank
2584679;Chile;Manchester United;Ángelo Henríquez;21;3500000.0;Mittelstürmer;Reservebank
2584679;Argentinien;Tigres UANL;Nahuel Guzmán;29;2000000.0;Torwart;Reservebank
2584679;Argentinien;Santos Laguna;Agustín Marchesín;27;2500000.0;Torwart;Reservebank
2584679;Argentinien;Zenit St. Petersburg;Ezequiel Garay;28;23000000.0;Innenverteidiger;Reservebank
2584679;Argentinien;AC Florenz;Facundo Roncaglia;28;3500000.0;Innenverteidiger;Reservebank
2584679;Argentinien;Club Atlético Newell's Old Boys;Milton Casco;27;1300000.0;Linker Verteidiger;Reservebank
2584679;Argentinien;Club Atlético Boca Juniors;Fernando Gago;29;3400000.0;Defensives Mittelfeld;Reservebank
2584679;Argentinien;FC Sevilla;Éver Banega;27;10000000.0;Zentrales Mittelfeld;Reservebank
2584679;Argentinien;Juventus Turin;Roberto Pereyra;24;17000000.0;Offensives Mittelfeld;Reservebank
2584679;Argentinien;FC Paris Saint-Germain;Ezequiel Lavezzi;30;14000000.0;Linksaußen;Reservebank
2584679;Argentinien;Tottenham Hotspur;Érik Lamela;23;22000000.0;Rechtsaußen;Reservebank
2584679;Argentinien;Juventus Turin;Carlos Tévez;31;23000000.0;Hängende Spitze;Reservebank
2584679;Argentinien;SSC Neapel;Gonzalo Higuaín;27;43000000.0;Mittelstürmer;Reservebank
