GameId;team;club;name;age;value;position;role
2597779;Vereinigte Staaten;Aston Villa;Brad Guzan;30;4000000.0;Torwart;Startaufstellung
2597779;Vereinigte Staaten;Hertha BSC;John Anthony Brooks;22;4500000.0;Innenverteidiger;Startaufstellung
2597779;Vereinigte Staaten;CF América;Ventura Alvarado;22;500000.0;Innenverteidiger;Startaufstellung
2597779;Vereinigte Staaten;Borussia Mönchengladbach;Fabian Johnson;27;6000000.0;Linker Verteidiger;Startaufstellung
2597779;Vereinigte Staaten;Seattle Sounders FC;Brad Evans;30;600000.0;Rechter Verteidiger;Startaufstellung
2597779;Vereinigte Staaten;Real Salt Lake City;Kyle Beckerman;33;750000.0;Defensives Mittelfeld;Startaufstellung
2597779;Vereinigte Staaten;Toronto FC;Michael Bradley;27;4500000.0;Zentrales Mittelfeld;Startaufstellung
2597779;Vereinigte Staaten;FC Nantes;Alejandro Bedoya;28;2500000.0;Linksaußen;Startaufstellung
2597779;Vereinigte Staaten;Los Angeles Galaxy;Gyasi Zardes;23;1300000.0;Rechtsaußen;Startaufstellung
2597779;Vereinigte Staaten;Seattle Sounders FC;Clint Dempsey;32;5000000.0;Hängende Spitze;Startaufstellung
2597779;Vereinigte Staaten;AZ Alkmaar;Aron Jóhannsson;24;3500000.0;Mittelstürmer;Startaufstellung
2597779;Jamaika;Pittsburgh Riverhounds;Ryan Thompson;30;100000.0;Torwart;Startaufstellung
2597779;Jamaika;FC Reading;Michael Hector;23;750000.0;Innenverteidiger;Startaufstellung
2597779;Jamaika;Leicester City;Wes Morgan;31;1500000.0;Innenverteidiger;Startaufstellung
2597779;Jamaika;New York Red Bulls;Kemar Lawrence;22;300000.0;Linker Verteidiger;Startaufstellung
2597779;Jamaika;Crystal Palace;Adrian Mariappa;28;2000000.0;Rechter Verteidiger;Startaufstellung
2597779;Jamaika;Vereinslos;Rodolph Austin;30;1500000.0;Defensives Mittelfeld;Startaufstellung
2597779;Jamaika;FC Dallas;Je-Vaughn Watson;31;550000.0;Zentrales Mittelfeld;Startaufstellung
2597779;Jamaika;Leyton Orient;Jobi McAnuff;33;400000.0;Linksaußen;Startaufstellung
2597779;Jamaika;FC Reading;Garath McCleary;28;1250000.0;Rechtsaußen;Startaufstellung
2597779;Jamaika;Vancouver Whitecaps;Darren Mattocks;24;800000.0;Mittelstürmer;Startaufstellung
2597779;Jamaika;Houston Dynamo;Giles Barnes;26;1000000.0;Mittelstürmer;Startaufstellung
2597779;Vereinigte Staaten;Real Salt Lake City;Nick Rimando;36;400000.0;Torwart;Reservebank
2597779;Vereinigte Staaten;Club León FC;William Yarbrough;26;1500000.0;Torwart;Reservebank
2597779;Vereinigte Staaten;Bolton Wanderers;Tim Ream;27;1500000.0;Innenverteidiger;Reservebank
2597779;Vereinigte Staaten;Los Angeles Galaxy;Omar González;26;1000000.0;Innenverteidiger;Reservebank
2597779;Vereinigte Staaten;Houston Dynamo;DaMarcus Beasley;33;800000.0;Linker Verteidiger;Reservebank
2597779;Vereinigte Staaten;Sporting Kansas City;Graham Zusi;28;750000.0;Rechter Verteidiger;Reservebank
2597779;Vereinigte Staaten;Tottenham Hotspur;DeAndre Yedlin;22;1500000.0;Rechtes Mittelfeld;Reservebank
2597779;Vereinigte Staaten;Eintracht Frankfurt;Timothy Chandler;25;2500000.0;Rechter Verteidiger;Reservebank
2597779;Vereinigte Staaten;New York City FC;Mix Diskerud;24;1400000.0;Zentrales Mittelfeld;Reservebank
2597779;Vereinigte Staaten;Tiburones Rojos de Veracruz;Joe Corona;25;1250000.0;Zentrales Mittelfeld;Reservebank
2597779;Vereinigte Staaten;San Jose Earthquakes;Chris Wondolowski;32;1200000.0;Mittelstürmer;Reservebank
2597779;Vereinigte Staaten;Los Angeles Galaxy;Alan Gordon;33;400000.0;Mittelstürmer;Reservebank
2597779;Jamaika;Philadelphia Union;Andre Blake;24;200000.0;Torwart;Reservebank
2597779;Jamaika;Syrianska FC;Dwayne Miller;28;125000.0;Torwart;Reservebank
2597779;Jamaika;FIU Panthers (Florida International University);Sean McFarlane;22;50000.0;Innenverteidiger;Reservebank
2597779;Jamaika;North Carolina Tar Heels (University of NC);Omar Holness;21;50000.0;Zentrales Mittelfeld;Reservebank
2597779;Jamaika;Preston North End;Chris Humphrey;27;450000.0;Rechtsaußen;Reservebank
2597779;Jamaika;FC Edmonton;Lance Laing;27;50000.0;Linkes Mittelfeld;Reservebank
2597779;Jamaika;Derby County;Simon Dawkins;27;750000.0;Hängende Spitze;Reservebank
2597779;Jamaika;Yeovil Town;Joel Grant;27;250000.0;Rechtsaußen;Reservebank
2597779;Jamaika;D.C. United;Michael Seaton;19;150000.0;Mittelstürmer;Reservebank
2597779;Jamaika;;Allan Ottey;22;50000.0;Mittelstürmer;Reservebank
2597779;Jamaika;Arnett Gardens FC;Andre Clennon;25;50000.0;Mittelstürmer;Reservebank
