GameId;team;club;name;age;value;position;role
2597536;Mexiko;FC Málaga;Guillermo Ochoa;30;5000000.0;Torwart;Startaufstellung
2597536;Mexiko;Querétaro FC;Yasser Corona;27;1200000.0;Innenverteidiger;Startaufstellung
2597536;Mexiko;CD Cruz Azul;Maza;33;2200000.0;Innenverteidiger;Startaufstellung
2597536;Mexiko;Real Sociedad San Sebastián;Diego Reyes;22;3500000.0;Innenverteidiger;Startaufstellung
2597536;Mexiko;FC Watford;Miguel Layún;27;3000000.0;Linker Verteidiger;Startaufstellung
2597536;Mexiko;CF América;Paul Aguilar;29;2500000.0;Rechter Verteidiger;Startaufstellung
2597536;Mexiko;PSV Eindhoven;Andrés Guardado;28;7500000.0;Defensives Mittelfeld;Startaufstellung
2597536;Mexiko;FC Porto;Héctor Herrera;25;16500000.0;Defensives Mittelfeld;Startaufstellung
2597536;Mexiko;FC Villarreal;Jonathan dos Santos;25;6000000.0;Zentrales Mittelfeld;Startaufstellung
2597536;Mexiko;Real Sociedad San Sebastián;Carlos Vela;26;18000000.0;Mittelstürmer;Startaufstellung
2597536;Mexiko;CF América;Oribe Peralta;31;4200000.0;Mittelstürmer;Startaufstellung
2597536;Costa Rica;AZ Alkmaar;Esteban;26;2500000.0;Torwart;Startaufstellung
2597536;Costa Rica;US Palermo;Giancarlo González;27;5000000.0;Innenverteidiger;Startaufstellung
2597536;Costa Rica;Deportivo Saprissa;Francisco Calvo;23;275000.0;Innenverteidiger;Startaufstellung
2597536;Costa Rica;1.FSV Mainz 05;Júnior Díaz;31;1000000.0;Linker Verteidiger;Startaufstellung
2597536;Costa Rica;West Bromwich Albion;Cristian Gamboa;25;2000000.0;Rechter Verteidiger;Startaufstellung
2597536;Costa Rica;FC Blackpool;José Miguel Cubero;28;300000.0;Defensives Mittelfeld;Startaufstellung
2597536;Costa Rica;Deportivo La Coruna ;Celso Borges;27;2500000.0;Zentrales Mittelfeld;Startaufstellung
2597536;Costa Rica;LD Alajuelense;Johan Venegas;26;450000.0;Linkes Mittelfeld;Startaufstellung
2597536;Costa Rica;FC Arsenal;Joel Campbell;23;5000000.0;Rechtsaußen;Startaufstellung
2597536;Costa Rica;Sporting Lissabon;Bryan Ruíz;29;5000000.0;Hängende Spitze;Startaufstellung
2597536;Costa Rica;Deportivo Saprissa;David Ramírez;22;300000.0;Mittelstürmer;Startaufstellung
2597536;Mexiko;CF América;Moisés Muñoz;35;2500000.0;Torwart;Reservebank
2597536;Mexiko;CF Monterrey;Jonathan Orozco;29;2500000.0;Torwart;Reservebank
2597536;Mexiko;CF Pachuca;Miguel Herrera;26;1500000.0;Innenverteidiger;Reservebank
2597536;Mexiko;Deportivo Guadalajara;Oswaldo Alanís;26;1500000.0;Innenverteidiger;Reservebank
2597536;Mexiko;Tigres UANL;Jorge Torres;27;2500000.0;Linker Verteidiger;Reservebank
2597536;Mexiko;Deportivo Toluca;Antonio Ríos;26;1800000.0;Defensives Mittelfeld;Reservebank
2597536;Mexiko;Tigres UANL;Jesús Dueñas;26;1500000.0;Defensives Mittelfeld;Reservebank
2597536;Mexiko;Club León FC;José Juan Vázquez;27;2500000.0;Defensives Mittelfeld;Reservebank
2597536;Mexiko;FC Twente Enschede;Jesús Corona;22;6500000.0;Offensives Mittelfeld;Reservebank
2597536;Mexiko;Deportivo Toluca;Carlos Esquivel;33;1400000.0;Rechtsaußen;Reservebank
2597536;Mexiko;Los Angeles Galaxy;Giovani dos Santos;26;9000000.0;Hängende Spitze;Reservebank
2597536;Mexiko;Santos Laguna;Javier Orozco;27;2000000.0;Mittelstürmer;Reservebank
2597536;Costa Rica;Deportivo Saprissa;Danny Carvajal;26;275000.0;Torwart;Reservebank
2597536;Costa Rica;LD Alajuelense;Patrick Pemberton;33;450000.0;Torwart;Reservebank
2597536;Costa Rica;CS Herediano;Keyner Brown;23;275000.0;Innenverteidiger;Reservebank
2597536;Costa Rica;New York Red Bulls;Roy Miller;30;400000.0;Linker Verteidiger;Reservebank
2597536;Costa Rica;Persepolis FC;Michael Umaña;33;300000.0;Innenverteidiger;Reservebank
2597536;Costa Rica;CS Herediano;Dave Myrie;27;325000.0;Rechter Verteidiger;Reservebank
2597536;Costa Rica;CS Herediano;Elías Aguilar;23;375000.0;Offensives Mittelfeld;Reservebank
2597536;Costa Rica;Deportivo Saprissa;Marvin Angulo;28;250000.0;Offensives Mittelfeld;Reservebank
2597536;Costa Rica;Deportivo Saprissa;Deyver Vega;22;325000.0;Rechtsaußen;Reservebank
2597536;Costa Rica;D.C. United;Álvaro Saborío;33;700000.0;Mittelstürmer;Reservebank
2597536;Costa Rica;LD Alajuelense;Jonathan McDonald;27;300000.0;Mittelstürmer;Reservebank
