GameId;team;club;name;age;value;position;role
2597535;Trinidad und Tobago;Caledonia AIA FC;Marvin Phillip;30;75000.0;Torwart;Startaufstellung
2597535;Trinidad und Tobago;KV Mechelen;Sheldon Bateau;24;1000000.0;Innenverteidiger;Startaufstellung
2597535;Trinidad und Tobago;HB Köge;Radanfah Abu Bakr;28;200000.0;Innenverteidiger;Startaufstellung
2597535;Trinidad und Tobago;Antigua GFC;Mekeil Williams;24;50000.0;Linker Verteidiger;Startaufstellung
2597535;Trinidad und Tobago;W Connection;Daneil Cyrus;24;50000.0;Rechter Verteidiger;Startaufstellung
2597535;Trinidad und Tobago;KVC Westerlo;Khaleem Hyland;26;1000000.0;Defensives Mittelfeld;Startaufstellung
2597535;Trinidad und Tobago;Columbus Crew SC;Kevan George;25;200000.0;Zentrales Mittelfeld;Startaufstellung
2597535;Trinidad und Tobago;San Jose Earthquakes;Cordell Cato;23;400000.0;Rechtes Mittelfeld;Startaufstellung
2597535;Trinidad und Tobago;Chicago Fire;Joevin Jones;23;100000.0;Linkes Mittelfeld;Startaufstellung
2597535;Trinidad und Tobago;North East Stars;Keron Cummings;27;25000.0;Hängende Spitze;Startaufstellung
2597535;Trinidad und Tobago;Cardiff City;Kenwyne Jones;30;2500000.0;Mittelstürmer;Startaufstellung
2597535;Panama;Los Angeles Galaxy;Jaime Penedo;33;450000.0;Torwart;Startaufstellung
2597535;Panama;Independiente Santa Fe;Hárold Cummings;23;125000.0;Innenverteidiger;Startaufstellung
2597535;Panama;Millonarios FC;Román Torres;29;950000.0;Innenverteidiger;Startaufstellung
2597535;Panama;CD Árabe Unido;Éric Davis;24;75000.0;Linker Verteidiger;Startaufstellung
2597535;Panama;FC St. Pauli;Armando Cooper;27;300000.0;Rechter Verteidiger;Startaufstellung
2597535;Panama;CS Herediano;Gabriel Gómez;31;250000.0;Zentrales Mittelfeld;Startaufstellung
2597535;Panama;Chorrillo FC;Miguel Camargo;21;75000.0;Zentrales Mittelfeld;Startaufstellung
2597535;Panama;Lobos BUAP;Alberto Quintero;27;75000.0;Linkes Mittelfeld;Startaufstellung
2597535;Panama;SUNTRACS FC;Valentin Pimentel;24;75000.0;Rechtsaußen;Startaufstellung
2597535;Panama;FC Dallas;Blas Pérez;34;750000.0;Mittelstürmer;Startaufstellung
2597535;Panama;Club Juan Aurich;Luis Tejada;33;300000.0;Mittelstürmer;Startaufstellung
2597535;Trinidad und Tobago;Police FC;Adrian Foncette;26;25000.0;Torwart;Reservebank
2597535;Trinidad und Tobago;Schachtjor Karaganda;Aubrey David;24;200000.0;Innenverteidiger;Reservebank
2597535;Trinidad und Tobago;Juventud Independiente;Yohance Marshall;29;100000.0;Innenverteidiger;Reservebank
2597535;Trinidad und Tobago;Vereinslos;Dwane James;26;25000.0;Defensives Mittelfeld;Reservebank
2597535;Trinidad und Tobago;FC Dagenham & Redbridge;Andre Boucaud;30;150000.0;Zentrales Mittelfeld;Reservebank
2597535;Trinidad und Tobago;St. Ann's Rangers;Kadeem Corbin;19;25000.0;Offensives Mittelfeld;Reservebank
2597535;Trinidad und Tobago;Central FC;Ataullah Guerra;27;75000.0;Offensives Mittelfeld;Reservebank
2597535;Trinidad und Tobago;Slovan Bratislava;Lester Peltier;26;275000.0;Rechtsaußen;Reservebank
2597535;Trinidad und Tobago;Central FC;Willis Plaza;27;25000.0;Hängende Spitze;Reservebank
2597535;Trinidad und Tobago;ÍBV Vestmannaeyjar;Jonathan Glenn;27;25000.0;Mittelstürmer;Reservebank
2597535;Trinidad und Tobago;Portland Timbers 2;Rundell Winchester;21;25000.0;Mittelstürmer;Reservebank
2597535;Panama;Platense FC;José Calderón;29;75000.0;Torwart;Reservebank
2597535;Panama;CA Fénix;Luis Mejía;24;500000.0;Torwart;Reservebank
2597535;Panama;Deportivo Saprissa;Adolfo Machado;30;300000.0;Defensives Mittelfeld;Reservebank
2597535;Panama;Lech Posen;Luis Henríquez;33;250000.0;Linker Verteidiger;Reservebank
2597535;Panama;;Ángel Patrick;23;75000.0;Rechter Verteidiger;Reservebank
2597535;Panama;;Darwin Pinzón;21;75000.0;Rechtes Mittelfeld;Reservebank
2597535;Panama;DAC Dunajska Streda;Alfredo Stephens;20;75000.0;Hängende Spitze;Reservebank
2597535;Panama;Dorados de Sinaloa;Roberto Nurse;31;75000.0;Mittelstürmer;Reservebank
2597535;Panama;Colorado Rapids;Gabriel Torres;26;500000.0;Mittelstürmer;Reservebank
2597535;Panama;Comunicaciones FC;Rolando Blackburn;25;375000.0;Mittelstürmer;Reservebank
2597535;Panama;;Abdiel Arroyo;21;75000.0;Mittelstürmer;Reservebank
