GameId;team;club;name;age;value;position;role
2597533;Vereinigte Staaten;Aston Villa;Brad Guzan;30;4000000.0;Torwart;Startaufstellung
2597533;Vereinigte Staaten;CF América;Ventura Alvarado;22;500000.0;Innenverteidiger;Startaufstellung
2597533;Vereinigte Staaten;Los Angeles Galaxy;Omar González;26;1000000.0;Innenverteidiger;Startaufstellung
2597533;Vereinigte Staaten;Borussia Mönchengladbach;Fabian Johnson;27;6000000.0;Linker Verteidiger;Startaufstellung
2597533;Vereinigte Staaten;Eintracht Frankfurt;Timothy Chandler;25;2500000.0;Rechter Verteidiger;Startaufstellung
2597533;Vereinigte Staaten;Real Salt Lake City;Kyle Beckerman;33;750000.0;Defensives Mittelfeld;Startaufstellung
2597533;Vereinigte Staaten;Toronto FC;Michael Bradley;27;4500000.0;Offensives Mittelfeld;Startaufstellung
2597533;Vereinigte Staaten;FC Nantes;Alejandro Bedoya;28;2500000.0;Linksaußen;Startaufstellung
2597533;Vereinigte Staaten;Los Angeles Galaxy;Gyasi Zardes;23;1300000.0;Rechtsaußen;Startaufstellung
2597533;Vereinigte Staaten;Seattle Sounders FC;Clint Dempsey;32;5000000.0;Hängende Spitze;Startaufstellung
2597533;Vereinigte Staaten;AZ Alkmaar;Aron Jóhannsson;24;3500000.0;Mittelstürmer;Startaufstellung
2597533;Kuba;Ciego de Ávila FC;Diosvelis Guerra;26;75000.0;Torwart;Startaufstellung
2597533;Kuba;;Ángel Luis Horta;31;75000.0;Innenverteidiger;Startaufstellung
2597533;Kuba;CF Ciudad de Habana;Adrián Diz;21;75000.0;Innenverteidiger;Startaufstellung
2597533;Kuba;;Yaisniel Nápoles;27;75000.0;Linker Verteidiger;Startaufstellung
2597533;Kuba;;Andy Baquero;20;75000.0;Rechter Verteidiger;Startaufstellung
2597533;Kuba;;Jorge Clavelo;32;75000.0;Defensives Mittelfeld;Startaufstellung
2597533;Kuba;;Daniel Luis;21;75000.0;Zentrales Mittelfeld;Startaufstellung
2597533;Kuba;Camagüey;Liván Pérez;24;75000.0;Rechtes Mittelfeld;Startaufstellung
2597533;Kuba;Sancti Spiritus;Jorge Luis Corrales;24;75000.0;Linkes Mittelfeld;Startaufstellung
2597533;Kuba;;Alberto Gómez;27;75000.0;Offensives Mittelfeld;Startaufstellung
2597533;Kuba;Ciego de Ávila FC;Maikel Reyes;22;75000.0;Mittelstürmer;Startaufstellung
2597533;Vereinigte Staaten;Real Salt Lake City;Nick Rimando;36;400000.0;Torwart;Reservebank
2597533;Vereinigte Staaten;Club León FC;William Yarbrough;26;1500000.0;Torwart;Reservebank
2597533;Vereinigte Staaten;Bolton Wanderers;Tim Ream;27;1500000.0;Innenverteidiger;Reservebank
2597533;Vereinigte Staaten;Seattle Sounders FC;Brad Evans;30;600000.0;Innenverteidiger;Reservebank
2597533;Vereinigte Staaten;Houston Dynamo;DaMarcus Beasley;33;800000.0;Linker Verteidiger;Reservebank
2597533;Vereinigte Staaten;Sporting Kansas City;Graham Zusi;28;750000.0;Rechter Verteidiger;Reservebank
2597533;Vereinigte Staaten;Tottenham Hotspur;DeAndre Yedlin;22;1500000.0;Linker Verteidiger;Reservebank
2597533;Vereinigte Staaten;New York City FC;Mix Diskerud;24;1400000.0;Zentrales Mittelfeld;Reservebank
2597533;Vereinigte Staaten;Tiburones Rojos de Veracruz;Joe Corona;25;1250000.0;Zentrales Mittelfeld;Reservebank
2597533;Vereinigte Staaten;San Jose Earthquakes;Chris Wondolowski;32;1200000.0;Mittelstürmer;Reservebank
2597533;Vereinigte Staaten;Los Angeles Galaxy;Alan Gordon;33;400000.0;Mittelstürmer;Reservebank
2597533;Kuba;;Sandy Sánchez;21;75000.0;Torwart;Reservebank
2597533;Kuba;;Hanier Dranguet;32;75000.0;Abwehr;Reservebank
2597533;Kuba;Camagüey;Félix Guerra;26;75000.0;Defensives Mittelfeld;Reservebank
2597533;Kuba;Hoppers FC;Yenier Márquez;36;125000.0;Innenverteidiger;Reservebank
2597533;Kuba;Ciego de Ávila FC;Yasmany López;27;75000.0;Zentrales Mittelfeld;Reservebank
2597533;Kuba;;Armando Coroneaux;30;75000.0;Rechtsaußen;Reservebank
2597533;Kuba;;Alain Cervantes;31;75000.0;Rechtsaußen;Reservebank
