GameId;team;club;name;age;value;position;role
2599102;Panama;Los Angeles Galaxy;Jaime Penedo;33;450000.0;Torwart;Startaufstellung
2599102;Panama;Independiente Santa Fe;Hárold Cummings;23;125000.0;Innenverteidiger;Startaufstellung
2599102;Panama;Millonarios FC;Román Torres;29;950000.0;Innenverteidiger;Startaufstellung
2599102;Panama;CD Árabe Unido;Éric Davis;24;75000.0;Linker Verteidiger;Startaufstellung
2599102;Panama;Deportivo Saprissa;Adolfo Machado;30;300000.0;Rechter Verteidiger;Startaufstellung
2599102;Panama;Budapest Honvéd FC;Aníbal Godoy;25;250000.0;Defensives Mittelfeld;Startaufstellung
2599102;Panama;FC St. Pauli;Armando Cooper;27;300000.0;Defensives Mittelfeld;Startaufstellung
2599102;Panama;Lobos BUAP;Alberto Quintero;27;75000.0;Linkes Mittelfeld;Startaufstellung
2599102;Panama;SUNTRACS FC;Valentin Pimentel;24;75000.0;Rechtsaußen;Startaufstellung
2599102;Panama;Dorados de Sinaloa;Roberto Nurse;31;75000.0;Mittelstürmer;Startaufstellung
2599102;Panama;Club Juan Aurich;Luis Tejada;33;300000.0;Mittelstürmer;Startaufstellung
2599102;Mexiko;FC Málaga;Guillermo Ochoa;30;5000000.0;Torwart;Startaufstellung
2599102;Mexiko;Deportivo Guadalajara;Oswaldo Alanís;26;1500000.0;Innenverteidiger;Startaufstellung
2599102;Mexiko;CD Cruz Azul;Maza;33;2200000.0;Innenverteidiger;Startaufstellung
2599102;Mexiko;Real Sociedad San Sebastián;Diego Reyes;22;3500000.0;Innenverteidiger;Startaufstellung
2599102;Mexiko;FC Watford;Miguel Layún;27;3000000.0;Linker Verteidiger;Startaufstellung
2599102;Mexiko;CF América;Paul Aguilar;29;2500000.0;Rechter Verteidiger;Startaufstellung
2599102;Mexiko;PSV Eindhoven;Andrés Guardado;28;7500000.0;Defensives Mittelfeld;Startaufstellung
2599102;Mexiko;FC Porto;Héctor Herrera;25;16500000.0;Defensives Mittelfeld;Startaufstellung
2599102;Mexiko;FC Villarreal;Jonathan dos Santos;25;6000000.0;Zentrales Mittelfeld;Startaufstellung
2599102;Mexiko;Real Sociedad San Sebastián;Carlos Vela;26;18000000.0;Mittelstürmer;Startaufstellung
2599102;Mexiko;CF América;Oribe Peralta;31;4200000.0;Mittelstürmer;Startaufstellung
2599102;Panama;Platense FC;José Calderón;29;75000.0;Torwart;Reservebank
2599102;Panama;CA Fénix;Luis Mejía;24;500000.0;Torwart;Reservebank
2599102;Panama;Lech Posen;Luis Henríquez;33;250000.0;Rechtes Mittelfeld;Reservebank
2599102;Panama;;Ángel Patrick;23;75000.0;Rechter Verteidiger;Reservebank
2599102;Panama;CS Herediano;Gabriel Gómez;31;250000.0;Defensives Mittelfeld;Reservebank
2599102;Panama;;Darwin Pinzón;21;75000.0;Rechtes Mittelfeld;Reservebank
2599102;Panama;Chorrillo FC;Miguel Camargo;21;75000.0;Offensives Mittelfeld;Reservebank
2599102;Panama;DAC Dunajska Streda;Alfredo Stephens;20;75000.0;Rechtes Mittelfeld;Reservebank
2599102;Panama;FC Dallas;Blas Pérez;34;750000.0;Mittelstürmer;Reservebank
2599102;Panama;Colorado Rapids;Gabriel Torres;26;500000.0;Mittelstürmer;Reservebank
2599102;Panama;Comunicaciones FC;Rolando Blackburn;25;375000.0;Mittelstürmer;Reservebank
2599102;Panama;;Abdiel Arroyo;21;75000.0;Mittelstürmer;Reservebank
2599102;Mexiko;CF América;Moisés Muñoz;35;2500000.0;Torwart;Reservebank
2599102;Mexiko;CF Monterrey;Jonathan Orozco;29;2500000.0;Torwart;Reservebank
2599102;Mexiko;CF Pachuca;Miguel Herrera;26;1500000.0;Innenverteidiger;Reservebank
2599102;Mexiko;Tigres UANL;Jorge Torres;27;2500000.0;Linker Verteidiger;Reservebank
2599102;Mexiko;Deportivo Toluca;Antonio Ríos;26;1800000.0;Defensives Mittelfeld;Reservebank
2599102;Mexiko;Tigres UANL;Jesús Dueñas;26;1500000.0;Defensives Mittelfeld;Reservebank
2599102;Mexiko;Club León FC;José Juan Vázquez;27;2500000.0;Defensives Mittelfeld;Reservebank
2599102;Mexiko;FC Twente Enschede;Jesús Corona;22;6500000.0;Offensives Mittelfeld;Reservebank
2599102;Mexiko;Deportivo Toluca;Carlos Esquivel;33;1400000.0;Rechtsaußen;Reservebank
2599102;Mexiko;Los Angeles Galaxy;Giovani dos Santos;26;9000000.0;Hängende Spitze;Reservebank
2599102;Mexiko;Santos Laguna;Javier Orozco;27;2000000.0;Mittelstürmer;Reservebank
