GameId;team;club;name;age;value;position;role
2600987;Jamaika;Pittsburgh Riverhounds;Ryan Thompson;30;100000.0;Torwart;Startaufstellung
2600987;Jamaika;FC Reading;Michael Hector;23;750000.0;Innenverteidiger;Startaufstellung
2600987;Jamaika;Leicester City;Wes Morgan;31;1500000.0;Innenverteidiger;Startaufstellung
2600987;Jamaika;New York Red Bulls;Kemar Lawrence;22;300000.0;Linker Verteidiger;Startaufstellung
2600987;Jamaika;Crystal Palace;Adrian Mariappa;28;2000000.0;Rechter Verteidiger;Startaufstellung
2600987;Jamaika;FC Dallas;Je-Vaughn Watson;31;550000.0;Zentrales Mittelfeld;Startaufstellung
2600987;Jamaika;Vereinslos;Rodolph Austin;30;1500000.0;Zentrales Mittelfeld;Startaufstellung
2600987;Jamaika;Leyton Orient;Jobi McAnuff;33;400000.0;Linksaußen;Startaufstellung
2600987;Jamaika;FC Reading;Garath McCleary;28;1250000.0;Rechtsaußen;Startaufstellung
2600987;Jamaika;Derby County;Simon Dawkins;27;750000.0;Hängende Spitze;Startaufstellung
2600987;Jamaika;Houston Dynamo;Giles Barnes;26;1000000.0;Mittelstürmer;Startaufstellung
2600987;Mexiko;FC Málaga;Guillermo Ochoa;30;5000000.0;Torwart;Startaufstellung
2600987;Mexiko;Deportivo Guadalajara;Oswaldo Alanís;26;1500000.0;Innenverteidiger;Startaufstellung
2600987;Mexiko;CD Cruz Azul;Maza;33;2200000.0;Innenverteidiger;Startaufstellung
2600987;Mexiko;Real Sociedad San Sebastián;Diego Reyes;22;3500000.0;Innenverteidiger;Startaufstellung
2600987;Mexiko;FC Watford;Miguel Layún;27;3000000.0;Linker Verteidiger;Startaufstellung
2600987;Mexiko;CF América;Paul Aguilar;29;2500000.0;Rechter Verteidiger;Startaufstellung
2600987;Mexiko;PSV Eindhoven;Andrés Guardado;28;7500000.0;Defensives Mittelfeld;Startaufstellung
2600987;Mexiko;Tigres UANL;Jesús Dueñas;26;1500000.0;Defensives Mittelfeld;Startaufstellung
2600987;Mexiko;FC Villarreal;Jonathan dos Santos;25;6000000.0;Zentrales Mittelfeld;Startaufstellung
2600987;Mexiko;FC Twente Enschede;Jesús Corona;22;6500000.0;Hängende Spitze;Startaufstellung
2600987;Mexiko;CF América;Oribe Peralta;31;4200000.0;Mittelstürmer;Startaufstellung
2600987;Jamaika;Philadelphia Union;Andre Blake;24;200000.0;Torwart;Reservebank
2600987;Jamaika;Syrianska FC;Dwayne Miller;28;125000.0;Torwart;Reservebank
2600987;Jamaika;FIU Panthers (Florida International University);Sean McFarlane;22;50000.0;Innenverteidiger;Reservebank
2600987;Jamaika;North Carolina Tar Heels (University of NC);Omar Holness;21;50000.0;Zentrales Mittelfeld;Reservebank
2600987;Jamaika;Preston North End;Chris Humphrey;27;450000.0;Rechtsaußen;Reservebank
2600987;Jamaika;FC Edmonton;Lance Laing;27;50000.0;Linkes Mittelfeld;Reservebank
2600987;Jamaika;Yeovil Town;Joel Grant;27;250000.0;Rechtsaußen;Reservebank
2600987;Jamaika;D.C. United;Michael Seaton;19;150000.0;Hängende Spitze;Reservebank
2600987;Jamaika;Vancouver Whitecaps;Darren Mattocks;24;800000.0;Mittelstürmer;Reservebank
2600987;Jamaika;;Allan Ottey;22;50000.0;Mittelstürmer;Reservebank
2600987;Jamaika;Arnett Gardens FC;Andre Clennon;25;50000.0;Mittelstürmer;Reservebank
2600987;Mexiko;CF América;Moisés Muñoz;35;2500000.0;Torwart;Reservebank
2600987;Mexiko;CF Monterrey;Jonathan Orozco;29;2500000.0;Torwart;Reservebank
2600987;Mexiko;CF Pachuca;Miguel Herrera;26;1500000.0;Innenverteidiger;Reservebank
2600987;Mexiko;Tigres UANL;Jorge Torres;27;2500000.0;Linker Verteidiger;Reservebank
2600987;Mexiko;Deportivo Toluca;Antonio Ríos;26;1800000.0;Defensives Mittelfeld;Reservebank
2600987;Mexiko;Club León FC;José Juan Vázquez;27;2500000.0;Defensives Mittelfeld;Reservebank
2600987;Mexiko;FC Porto;Héctor Herrera;25;16500000.0;Zentrales Mittelfeld;Reservebank
2600987;Mexiko;Deportivo Toluca;Carlos Esquivel;33;1400000.0;Offensives Mittelfeld;Reservebank
2600987;Mexiko;Los Angeles Galaxy;Giovani dos Santos;26;9000000.0;Hängende Spitze;Reservebank
2600987;Mexiko;Santos Laguna;Javier Orozco;27;2000000.0;Hängende Spitze;Reservebank
