GameId;team;club;name;age;value;position;role
2645638;England;Manchester City;Joe Hart;29;17000000.0;Torwart;Startaufstellung
2645638;England;FC Chelsea;Gary Cahill;30;16000000.0;Innenverteidiger;Startaufstellung
2645638;England;Manchester United;Chris Smalling;26;20000000.0;Innenverteidiger;Startaufstellung
2645638;England;Tottenham Hotspur;Danny Rose;25;14000000.0;Linker Verteidiger;Startaufstellung
2645638;England;Tottenham Hotspur;Kyle Walker;26;15000000.0;Rechter Verteidiger;Startaufstellung
2645638;England;Tottenham Hotspur;Eric Dier;22;18000000.0;Defensives Mittelfeld;Startaufstellung
2645638;England;Tottenham Hotspur;Dele Alli;20;20000000.0;Zentrales Mittelfeld;Startaufstellung
2645638;England;Manchester United;Wayne Rooney;30;35000000.0;Offensives Mittelfeld;Startaufstellung
2645638;England;Manchester City;Raheem Sterling;21;45000000.0;Linksaußen;Startaufstellung
2645638;England;FC Liverpool;Adam Lallana;28;19000000.0;Rechtsaußen;Startaufstellung
2645638;England;Tottenham Hotspur;Harry Kane;22;40000000.0;Mittelstürmer;Startaufstellung
2645638;Russland;ZSKA Moskau;Igor Akinfeev;30;14000000.0;Torwart;Startaufstellung
2645638;Russland;ZSKA Moskau;Sergey Ignashevich;36;200000.0;Innenverteidiger;Startaufstellung
2645638;Russland;ZSKA Moskau;Vasili Berezutski;33;3000000.0;Innenverteidiger;Startaufstellung
2645638;Russland;ZSKA Moskau;Georgi Schennikov;25;4000000.0;Linker Verteidiger;Startaufstellung
2645638;Russland;Zenit St. Petersburg;Igor Smolnikov;27;12000000.0;Rechter Verteidiger;Startaufstellung
2645638;Russland;FC Schalke 04;Roman Neustädter;28;7000000.0;Defensives Mittelfeld;Startaufstellung
2645638;Russland;ZSKA Moskau;Aleksandr Golovin;20;3000000.0;Zentrales Mittelfeld;Startaufstellung
2645638;Russland;Zenit St. Petersburg;Oleg Shatov;25;14000000.0;Offensives Mittelfeld;Startaufstellung
2645638;Russland;FK Krasnodar;Fedor Smolov;26;8000000.0;Linksaußen;Startaufstellung
2645638;Russland;Zenit St. Petersburg;Aleksandr Kokorin;25;7000000.0;Rechtsaußen;Startaufstellung
2645638;Russland;Zenit St. Petersburg;Artem Dzyuba;27;10000000.0;Mittelstürmer;Startaufstellung
2645638;England;FC Southampton;Fraser Forster;28;15000000.0;Torwart;Reservebank
2645638;England;FC Burnley;Tom Heaton;30;3000000.0;Torwart;Reservebank
2645638;England;FC Everton;John Stones;22;28000000.0;Innenverteidiger;Reservebank
2645638;England;FC Southampton;Ryan Bertrand;26;14000000.0;Linker Verteidiger;Reservebank
2645638;England;FC Liverpool;Nathaniel Clyne;25;21000000.0;Rechter Verteidiger;Reservebank
2645638;England;FC Arsenal;Jack Wilshere;24;23000000.0;Zentrales Mittelfeld;Reservebank
2645638;England;FC Liverpool;James Milner;30;15000000.0;Linkes Mittelfeld;Reservebank
2645638;England;FC Liverpool;Jordan Henderson;25;28000000.0;Zentrales Mittelfeld;Reservebank
2645638;England;FC Everton;Ross Barkley;22;22000000.0;Offensives Mittelfeld;Reservebank
2645638;England;FC Liverpool;Daniel Sturridge;26;25000000.0;Mittelstürmer;Reservebank
2645638;England;Leicester City;Jamie Vardy;29;18000000.0;Mittelstürmer;Reservebank
2645638;England;Manchester United;Marcus Rashford;18;6000000.0;Mittelstürmer;Reservebank
2645638;Russland;Zenit St. Petersburg;Yuri Lodygin;26;8000000.0;Torwart;Reservebank
2645638;Russland;Lokomotiv Moskau;Guilherme;30;6000000.0;Torwart;Reservebank
2645638;Russland;ZSKA Moskau;Aleksey Berezutski;33;1000000.0;Innenverteidiger;Reservebank
2645638;Russland;Spartak Moskau;Dmitri Kombarov;29;5000000.0;Linker Verteidiger;Reservebank
2645638;Russland;Lokomotiv Moskau;Roman Shishkin;29;3000000.0;Rechter Verteidiger;Reservebank
2645638;Russland;FK Krasnodar;Dmitri Torbinski;32;1000000.0;Zentrales Mittelfeld;Reservebank
2645638;Russland;Spartak Moskau;Denis Glushakov;29;5000000.0;Zentrales Mittelfeld;Reservebank
2645638;Russland;Zenit St. Petersburg;Artur Yusupov;26;4000000.0;Zentrales Mittelfeld;Reservebank
2645638;Russland;FK Krasnodar;Pavel Mamaev;27;12000000.0;Zentrales Mittelfeld;Reservebank
2645638;Russland;ZSKA Moskau;Roman Shirokov;34;1000000.0;Defensives Mittelfeld;Reservebank
2645638;Russland;Lokomotiv Moskau;Aleksandr Samedov;31;4000000.0;Rechtes Mittelfeld;Reservebank
2645638;Russland;Terek Grozny;Oleg Ivanov;29;4000000.0;Offensives Mittelfeld;Reservebank
