GameId;team;club;name;age;value;position;role
2645639;Deutschland;FC Bayern München;Manuel Neuer;30;45000000.0;Torwart;Startaufstellung
2645639;Deutschland;FC Valencia;Shkodran Mustafi;24;20000000.0;Innenverteidiger;Startaufstellung
2645639;Deutschland;FC Bayern München;Jérôme Boateng;27;40000000.0;Innenverteidiger;Startaufstellung
2645639;Deutschland;1.FC Köln;Jonas Hector;26;11000000.0;Linker Verteidiger;Startaufstellung
2645639;Deutschland;FC Schalke 04;Benedikt Höwedes;28;16000000.0;Rechter Verteidiger;Startaufstellung
2645639;Deutschland;Real Madrid;Toni Kroos;26;50000000.0;Defensives Mittelfeld;Startaufstellung
2645639;Deutschland;Juventus Turin;Sami Khedira;29;20000000.0;Zentrales Mittelfeld;Startaufstellung
2645639;Deutschland;FC Arsenal;Mesut Özil;27;50000000.0;Offensives Mittelfeld;Startaufstellung
2645639;Deutschland;VfL Wolfsburg;Julian Draxler;22;24000000.0;Linksaußen;Startaufstellung
2645639;Deutschland;FC Bayern München;Thomas Müller;26;75000000.0;Rechtsaußen;Startaufstellung
2645639;Deutschland;FC Bayern München;Mario Götze;24;35000000.0;Mittelstürmer;Startaufstellung
2645639;Ukraine;Shakhtar Donetsk;Andriy Pyatov;31;4000000.0;Torwart;Startaufstellung
2645639;Ukraine;Shakhtar Donetsk;Yaroslav Rakitsky;26;10000000.0;Innenverteidiger;Startaufstellung
2645639;Ukraine;Dynamo Kiew;Evgen Khacheridi;28;8500000.0;Innenverteidiger;Startaufstellung
2645639;Ukraine;Shakhtar Donetsk;Vyacheslav Shevchuk;37;200000.0;Linker Verteidiger;Startaufstellung
2645639;Ukraine;Dnipro Dnipropetrovsk;Artem Fedetsky;31;2500000.0;Rechter Verteidiger;Startaufstellung
2645639;Ukraine;Shakhtar Donetsk;Taras Stepanenko;26;8000000.0;Defensives Mittelfeld;Startaufstellung
2645639;Ukraine;Dynamo Kiew;Sergiy Sydorchuk;25;4500000.0;Zentrales Mittelfeld;Startaufstellung
2645639;Ukraine;Shakhtar Donetsk;Viktor Kovalenko;20;4500000.0;Offensives Mittelfeld;Startaufstellung
2645639;Ukraine;FC Sevilla;Yevhen Konoplyanka;26;25000000.0;Linksaußen;Startaufstellung
2645639;Ukraine;Dynamo Kiew;Andriy Yarmolenko;26;22000000.0;Rechtsaußen;Startaufstellung
2645639;Ukraine;Dnipro Dnipropetrovsk;Roman Zozulya;26;3500000.0;Mittelstürmer;Startaufstellung
2645639;Deutschland;Bayer 04 Leverkusen;Bernd Leno;24;16000000.0;Torwart;Reservebank
2645639;Deutschland;FC Barcelona;Marc-André ter Stegen;24;15000000.0;Torwart;Reservebank
2645639;Deutschland;Borussia Dortmund;Mats Hummels;27;38000000.0;Innenverteidiger;Reservebank
2645639;Deutschland;Bayer 04 Leverkusen;Jonathan Tah;20;12000000.0;Innenverteidiger;Reservebank
2645639;Deutschland;FC Bayern München;Joshua Kimmich;21;13000000.0;Rechter Verteidiger;Reservebank
2645639;Deutschland;FC Liverpool;Emre Can;22;18000000.0;Defensives Mittelfeld;Reservebank
2645639;Deutschland;Borussia Dortmund;Julian Weigl;20;14000000.0;Defensives Mittelfeld;Reservebank
2645639;Deutschland;Manchester United;Bastian Schweinsteiger;31;12000000.0;Zentrales Mittelfeld;Reservebank
2645639;Deutschland;FC Schalke 04;Leroy Sané;20;18000000.0;Linksaußen;Reservebank
2645639;Deutschland;VfL Wolfsburg;André Schürrle;25;18000000.0;Linksaußen;Reservebank
2645639;Deutschland;Galatasaray Istanbul;Lukas Podolski;31;8000000.0;Mittelstürmer;Reservebank
2645639;Deutschland;Besiktas Istanbul;Mario Gómez;30;12000000.0;Mittelstürmer;Reservebank
2645639;Ukraine;Besiktas Istanbul;Denys Boyko;28;2500000.0;Torwart;Reservebank
2645639;Ukraine;Zorya Luhansk;Mykyta Shevchenko;23;2500000.0;Torwart;Reservebank
2645639;Ukraine;Shakhtar Donetsk;Oleksandr Kucher;33;1200000.0;Innenverteidiger;Reservebank
2645639;Ukraine;Amkar Perm;Bogdan Butko;25;2000000.0;Rechter Verteidiger;Reservebank
2645639;Ukraine;Kairat Almaty;Anatoliy Tymoshchuk;37;200000.0;Defensives Mittelfeld;Reservebank
2645639;Ukraine;Dynamo Kiew;Sergiy Rybalka;26;4500000.0;Defensives Mittelfeld;Reservebank
2645639;Ukraine;FK Ufa;Oleksandr Zinchenko;19;4000000.0;Offensives Mittelfeld;Reservebank
2645639;Ukraine;Dnipro Dnipropetrovsk;Ruslan Rotan;34;1000000.0;Zentrales Mittelfeld;Reservebank
2645639;Ukraine;Zorya Luhansk;Oleksandr Karavaev;24;2500000.0;Rechtes Mittelfeld;Reservebank
2645639;Ukraine;Dynamo Kiew;Denys Garmash;26;5000000.0;Offensives Mittelfeld;Reservebank
2645639;Ukraine;Kuban Krasnodar;Evgen Seleznev;30;3000000.0;Mittelstürmer;Reservebank
2645639;Ukraine;Zorya Luhansk;Pylyp Budkivsky;24;2500000.0;Mittelstürmer;Reservebank
