GameId;team;club;name;age;value;position;role
2645636;Albanien;Lazio Rom;Etrit Berisha;27;4000000.0;Torwart;Startaufstellung
2645636;Albanien;1.FC Köln;Mërgim Mavraj;30;1750000.0;Innenverteidiger;Startaufstellung
2645636;Albanien;FC Nantes;Lorik Cana;32;1000000.0;Innenverteidiger;Startaufstellung
2645636;Albanien;Qarabag Agdam;Ansi Agolli;33;300000.0;Linker Verteidiger;Startaufstellung
2645636;Albanien;SSC Neapel;Elseid Hysaj;22;12000000.0;Rechter Verteidiger;Startaufstellung
2645636;Albanien;FC Zürich;Burim Kukeli;32;500000.0;Defensives Mittelfeld;Startaufstellung
2645636;Albanien;FC Basel 1893;Taulant Xhaka;25;4000000.0;Zentrales Mittelfeld;Startaufstellung
2645636;Albanien;SC Freiburg;Amir Abrashi;26;2500000.0;Zentrales Mittelfeld;Startaufstellung
2645636;Albanien;FC Nantes;Ermir Lenjani;26;1250000.0;Linkes Mittelfeld;Startaufstellung
2645636;Albanien;HNK Rijeka;Odise Roshi;25;350000.0;Rechtsaußen;Startaufstellung
2645636;Albanien;FC Vaduz;Armando Sadiku;25;750000.0;Mittelstürmer;Startaufstellung
2645636;Schweiz;Borussia Mönchengladbach;Yann Sommer;27;10000000.0;Torwart;Startaufstellung
2645636;Schweiz;Hamburger SV;Johan Djourou;29;3500000.0;Innenverteidiger;Startaufstellung
2645636;Schweiz;TSG 1899 Hoffenheim;Fabian Schär;24;4000000.0;Innenverteidiger;Startaufstellung
2645636;Schweiz;VfL Wolfsburg;Ricardo Rodríguez;23;25000000.0;Linker Verteidiger;Startaufstellung
2645636;Schweiz;Juventus Turin;Stephan Lichtsteiner;32;6000000.0;Rechter Verteidiger;Startaufstellung
2645636;Schweiz;Borussia Mönchengladbach;Granit Xhaka;23;35000000.0;Defensives Mittelfeld;Startaufstellung
2645636;Schweiz;FC Watford;Valon Behrami;31;2500000.0;Defensives Mittelfeld;Startaufstellung
2645636;Schweiz;FC Genua 1893;Blerim Dzemaili;30;3500000.0;Offensives Mittelfeld;Startaufstellung
2645636;Schweiz;Bayer 04 Leverkusen;Admir Mehmedi;25;5000000.0;Linksaußen;Startaufstellung
2645636;Schweiz;Stoke City;Xherdan Shaqiri;24;15000000.0;Rechtsaußen;Startaufstellung
2645636;Schweiz;Eintracht Frankfurt;Haris Seferovic;24;5500000.0;Mittelstürmer;Startaufstellung
2645636;Albanien;KF Skënderbeu;Orges Shehi;38;125000.0;Torwart;Reservebank
2645636;Albanien;FK Partizani;Alban Hoxha;28;575000.0;Torwart;Reservebank
2645636;Albanien;FC Lugano;Frédéric Veseli;23;800000.0;Innenverteidiger;Reservebank
2645636;Albanien;Frosinone Calcio;Arlind Ajeti;22;1500000.0;Innenverteidiger;Reservebank
2645636;Albanien;FC Basel 1893;Naser Aliji;22;700000.0;Linker Verteidiger;Reservebank
2645636;Albanien;PAS Giannina;Andi Lila;30;700000.0;Defensives Mittelfeld;Reservebank
2645636;Albanien;Calcio Como;Migjen Basha;29;800000.0;Defensives Mittelfeld;Reservebank
2645636;Albanien;PAOK Thessaloniki;Ergys Kaçe;22;3000000.0;Defensives Mittelfeld;Reservebank
2645636;Albanien;Delfino Pescara 1936;Ledian Memushaj;29;2000000.0;Zentrales Mittelfeld;Reservebank
2645636;Albanien;Colorado Rapids;Shkëlzen Gashi;27;2750000.0;Rechtsaußen;Reservebank
2645636;Albanien;Basaksehir;Sokol Cikalleshi;25;2800000.0;Mittelstürmer;Reservebank
2645636;Albanien;HNK Rijeka;Bekim Balaj;25;2000000.0;Mittelstürmer;Reservebank
2645636;Schweiz;FC Augsburg;Marwin Hitz;28;4500000.0;Torwart;Reservebank
2645636;Schweiz;Borussia Dortmund;Roman Bürki;25;6000000.0;Torwart;Reservebank
2645636;Schweiz;BSC Young Boys;Steve von Bergen;33;1000000.0;Innenverteidiger;Reservebank
2645636;Schweiz;FC Toulouse;François Moubandje;25;1500000.0;Linker Verteidiger;Reservebank
2645636;Schweiz;Borussia Mönchengladbach;Nico Elvedi;19;4000000.0;Rechter Verteidiger;Reservebank
2645636;Schweiz;FC Basel 1893;Michael Lang;25;4250000.0;Rechter Verteidiger;Reservebank
2645636;Schweiz;BSC Young Boys;Denis Zakaria;19;4000000.0;Defensives Mittelfeld;Reservebank
2645636;Schweiz;FC Stade Rennes;Gelson Fernandes;29;3000000.0;Defensives Mittelfeld;Reservebank
2645636;Schweiz;1.FSV Mainz 05;Fabian Frei;27;3000000.0;Offensives Mittelfeld;Reservebank
2645636;Schweiz;Grasshopper Club Zürich;Shani Tarashaj;21;4000000.0;Hängende Spitze;Reservebank
2645636;Schweiz;FC Basel 1893;Breel Embolo;19;20000000.0;Linksaußen;Reservebank
2645636;Schweiz;Kasimpasa;Eren Derdiyok;27;4600000.0;Mittelstürmer;Reservebank
