GameId;team;club;name;age;value;position;role
2645637;Wales;FC Liverpool;Danny Ward;22;1500000.0;Torwart;Startaufstellung
2645637;Wales;West Bromwich Albion;James Chester;27;5000000.0;Innenverteidiger;Startaufstellung
2645637;Wales;Swansea City;Ashley Williams;31;6500000.0;Innenverteidiger;Startaufstellung
2645637;Wales;Tottenham Hotspur;Ben Davies;23;8000000.0;Innenverteidiger;Startaufstellung
2645637;Wales;Swansea City;Neil Taylor;27;5000000.0;Linker Verteidiger;Startaufstellung
2645637;Wales;FC Reading;Chris Gunter;26;2500000.0;Rechter Verteidiger;Startaufstellung
2645637;Wales;FC Liverpool;Joe Allen;26;8000000.0;Defensives Mittelfeld;Startaufstellung
2645637;Wales;Wolverhampton Wanderers;David Edwards;30;850000.0;Zentrales Mittelfeld;Startaufstellung
2645637;Wales;Crystal Palace;Jonathan Williams;22;750000.0;Rechtes Mittelfeld;Startaufstellung
2645637;Wales;FC Arsenal;Aaron Ramsey;25;30000000.0;Linkes Mittelfeld;Startaufstellung
2645637;Wales;Real Madrid;Gareth Bale;26;80000000.0;Mittelstürmer;Startaufstellung
2645637;Slowakei;FC Viktoria Pilsen;Matus Kozacik;32;1000000.0;Torwart;Startaufstellung
2645637;Slowakei;Lokomotiv Moskau;Jan Durica;34;250000.0;Innenverteidiger;Startaufstellung
2645637;Slowakei;FC Liverpool;Martin Skrtel;31;10000000.0;Innenverteidiger;Startaufstellung
2645637;Slowakei;1.FC Köln;Dusan Svento;30;750000.0;Linker Verteidiger;Startaufstellung
2645637;Slowakei;Hertha BSC;Peter Pekarík;29;2500000.0;Rechter Verteidiger;Startaufstellung
2645637;Slowakei;FC Viktoria Pilsen;Patrik Hrosovsky;24;2000000.0;Defensives Mittelfeld;Startaufstellung
2645637;Slowakei;SSC Neapel;Marek Hamsik;28;35000000.0;Zentrales Mittelfeld;Startaufstellung
2645637;Slowakei;AC Mailand;Juraj Kucka;29;8000000.0;Zentrales Mittelfeld;Startaufstellung
2645637;Slowakei;Al Gharafa Sports Club;Vladimír Weiss;26;2800000.0;Linksaußen;Startaufstellung
2645637;Slowakei;PAOK Thessaloniki;Róbert Mak;25;3000000.0;Rechtsaußen;Startaufstellung
2645637;Slowakei;FC Viktoria Pilsen;Michal Duris;28;2000000.0;Mittelstürmer;Startaufstellung
2645637;Wales;Inverness Caledonian Thistle FC;Owain Fôn Williams;29;250000.0;Torwart;Reservebank
2645637;Wales;Crystal Palace;Wayne Hennessey;29;3500000.0;Torwart;Reservebank
2645637;Wales;West Ham United;James Collins;32;2000000.0;Innenverteidiger;Reservebank
2645637;Wales;FC Fulham;Jazz Richards;25;750000.0;Rechter Verteidiger;Reservebank
2645637;Wales;Nottingham Forest;David Vaughan;33;1250000.0;Defensives Mittelfeld;Reservebank
2645637;Wales;Crystal Palace;Joe Ledley;29;3500000.0;Defensives Mittelfeld;Reservebank
2645637;Wales;Leicester City;Andy King;27;3500000.0;Zentrales Mittelfeld;Reservebank
2645637;Wales;FC Fulham;George Williams;20;500000.0;Offensives Mittelfeld;Reservebank
2645637;Wales;FC Reading;Hal Robson-Kanu;27;2000000.0;Mittelstürmer;Reservebank
2645637;Wales;Birmingham City;David Cotterill;28;750000.0;Rechtsaußen;Reservebank
2645637;Wales;FC Burnley;Sam Vokes;26;3500000.0;Mittelstürmer;Reservebank
2645637;Wales;Milton Keynes Dons;Simon Church;27;500000.0;Mittelstürmer;Reservebank
2645637;Slowakei;Slovan Bratislava;Ján Mucha;33;500000.0;Torwart;Reservebank
2645637;Slowakei;SK Rapid Wien;Ján Novota;32;700000.0;Torwart;Reservebank
2645637;Slowakei;Dinamo Moskau;Tomas Hubocan;30;4500000.0;Innenverteidiger;Reservebank
2645637;Slowakei;AS Rom;Norbert Gyömbér;23;700000.0;Innenverteidiger;Reservebank
2645637;Slowakei;Sampdoria Genua;Milan Skriniar;21;600000.0;Innenverteidiger;Reservebank
2645637;Slowakei;Slovan Bratislava;Kornel Salata;31;500000.0;Innenverteidiger;Reservebank
2645637;Slowakei;MSK Zilina;Viktor Pecovsky;33;350000.0;Defensives Mittelfeld;Reservebank
2645637;Slowakei;FK Jablonec;Jan Gregus;25;750000.0;Zentrales Mittelfeld;Reservebank
2645637;Slowakei;Legia Warschau;Ondrej Duda;21;3200000.0;Offensives Mittelfeld;Reservebank
2645637;Slowakei;Bursaspor;Miroslav Stoch;26;4500000.0;Linksaußen;Reservebank
2645637;Slowakei;Willem II Tilburg;Adam Nemec;30;300000.0;Mittelstürmer;Reservebank
2645637;Slowakei;Ferencváros Budapest;Stanislav Sestak;33;500000.0;Mittelstürmer;Reservebank
