GameId;team;club;name;age;value;position;role
2645642;Belgien;FC Chelsea;Thibaut Courtois;24;35000000.0;Torwart;Startaufstellung
2645642;Belgien;FC Barcelona;Thomas Vermaelen;30;3000000.0;Innenverteidiger;Startaufstellung
2645642;Belgien;Tottenham Hotspur;Toby Alderweireld;27;27000000.0;Innenverteidiger;Startaufstellung
2645642;Belgien;Tottenham Hotspur;Jan Vertonghen;29;23000000.0;Linker Verteidiger;Startaufstellung
2645642;Belgien;Montreal Impact;Laurent Ciman;30;2500000.0;Rechter Verteidiger;Startaufstellung
2645642;Belgien;AS Rom;Radja Nainggolan;28;30000000.0;Zentrales Mittelfeld;Startaufstellung
2645642;Belgien;Zenit St. Petersburg;Axel Witsel;27;23000000.0;Zentrales Mittelfeld;Startaufstellung
2645642;Belgien;Manchester United;Marouane Fellaini;28;15000000.0;Offensives Mittelfeld;Startaufstellung
2645642;Belgien;FC Chelsea;Eden Hazard;25;65000000.0;Linksaußen;Startaufstellung
2645642;Belgien;Manchester City;Kevin De Bruyne;24;60000000.0;Rechtsaußen;Startaufstellung
2645642;Belgien;FC Everton;Romelu Lukaku;23;40000000.0;Mittelstürmer;Startaufstellung
2645642;Italien;Juventus Turin;Gianluigi Buffon;38;2000000.0;Torwart;Startaufstellung
2645642;Italien;Juventus Turin;Giorgio Chiellini;31;13000000.0;Innenverteidiger;Startaufstellung
2645642;Italien;Juventus Turin;Andrea Barzagli;35;2000000.0;Innenverteidiger;Startaufstellung
2645642;Italien;Juventus Turin;Leonardo Bonucci;29;30000000.0;Innenverteidiger;Startaufstellung
2645642;Italien;AS Rom;Daniele De Rossi;32;5000000.0;Defensives Mittelfeld;Startaufstellung
2645642;Italien;Lazio Rom;Marco Parolo;31;6500000.0;Zentrales Mittelfeld;Startaufstellung
2645642;Italien;FC Bologna;Emanuele Giaccherini;31;4000000.0;Zentrales Mittelfeld;Startaufstellung
2645642;Italien;Manchester United;Matteo Darmian;26;15000000.0;Linkes Mittelfeld;Startaufstellung
2645642;Italien;Lazio Rom;Antonio Candreva;29;23000000.0;Rechtsaußen;Startaufstellung
2645642;Italien;Inter Mailand;Éder;29;12000000.0;Mittelstürmer;Startaufstellung
2645642;Italien;FC Southampton;Graziano Pellè;30;11000000.0;Mittelstürmer;Startaufstellung
2645642;Belgien;FC Liverpool;Simon Mignolet;28;12000000.0;Torwart;Reservebank
2645642;Belgien;KV Mechelen;Jean-François Gillet;37;500000.0;Torwart;Reservebank
2645642;Belgien;Galatasaray Istanbul;Jason Denayer;20;4000000.0;Innenverteidiger;Reservebank
2645642;Belgien;KRC Genk;Christian Kabasele;25;6000000.0;Innenverteidiger;Reservebank
2645642;Belgien;KV Oostende;Jordan Lukaku;21;4000000.0;Linker Verteidiger;Reservebank
2645642;Belgien;FC Brügge;Thomas Meunier;24;6000000.0;Rechter Verteidiger;Reservebank
2645642;Belgien;Tottenham Hotspur;Mousa Dembélé;28;18000000.0;Zentrales Mittelfeld;Reservebank
2645642;Belgien;Atlético Madrid;Yannick Carrasco;22;25000000.0;Rechtes Mittelfeld;Reservebank
2645642;Belgien;SSC Neapel;Dries Mertens;29;16000000.0;Linkes Mittelfeld;Reservebank
2645642;Belgien;FC Liverpool;Divock Origi;21;11000000.0;Mittelstürmer;Reservebank
2645642;Belgien;FC Liverpool;Christian Benteke;25;27000000.0;Mittelstürmer;Reservebank
2645642;Belgien;Olympique Marseille;Michy Batshuayi;22;15000000.0;Mittelstürmer;Reservebank
2645642;Italien;Lazio Rom;Federico Marchetti;33;4000000.0;Torwart;Reservebank
2645642;Italien;FC Paris Saint-Germain;Salvatore Sirigu;29;8000000.0;Torwart;Reservebank
2645642;Italien;West Ham United;Angelo Ogbonna;28;9000000.0;Innenverteidiger;Reservebank
2645642;Italien;AC Mailand;Mattia De Sciglio;23;5000000.0;Linker Verteidiger;Reservebank
2645642;Italien;FC Paris Saint-Germain;Thiago Motta;33;3000000.0;Defensives Mittelfeld;Reservebank
2645642;Italien;AS Rom;Alessandro Florenzi;25;20000000.0;Zentrales Mittelfeld;Reservebank
2645642;Italien;Juventus Turin;Stefano Sturaro;23;11000000.0;Zentrales Mittelfeld;Reservebank
2645642;Italien;SSC Neapel;Lorenzo Insigne;25;25000000.0;Linksaußen;Reservebank
2645642;Italien;AS Rom;Stephan El Shaarawy;23;17000000.0;Linksaußen;Reservebank
2645642;Italien;AC Florenz;Federico Bernardeschi;22;16000000.0;Rechtsaußen;Reservebank
2645642;Italien;Juventus Turin;Simone Zaza;24;12000000.0;Mittelstürmer;Reservebank
2645642;Italien;FC Turin;Ciro Immobile;26;10000000.0;Mittelstürmer;Reservebank
