GameId;team;club;name;age;value;position;role
2820284;Ägypten;Wadi Degla FC;Essam El Hadary;44;200000.0;Torwart;Startaufstellung
2820284;Ägypten;Zamalek SC;Ali Gabr;28;600000.0;Innenverteidiger;Startaufstellung
2820284;Ägypten;El Ahly Kairo;Ahmed Hegazy;26;1000000.0;Innenverteidiger;Startaufstellung
2820284;Ägypten;El Ahly Kairo;Ahmed Fathi;32;1000000.0;Linker Verteidiger;Startaufstellung
2820284;Ägypten;Hull City;Ahmed Elmohamady;29;4000000.0;Rechter Verteidiger;Startaufstellung
2820284;Ägypten;Zamalek SC;Tarek Hamed;28;800000.0;Defensives Mittelfeld;Startaufstellung
2820284;Ägypten;FC Arsenal;Mohamed Elneny;24;8500000.0;Defensives Mittelfeld;Startaufstellung
2820284;Ägypten;El Ahly Kairo;Abdallah Said;31;1000000.0;Offensives Mittelfeld;Startaufstellung
2820284;Ägypten;Royal Excel Mouscron ;Trezeguet;22;1500000.0;Linksaußen;Startaufstellung
2820284;Ägypten;AS Rom;Mohamed Salah;24;30000000.0;Rechtsaußen;Startaufstellung
2820284;Ägypten;PAOK Thessaloniki;Amr Warda;23;900000.0;Mittelstürmer;Startaufstellung
2820284;Kamerun;FC Sevilla B (Atlético) ;Fabrice Ondoa;21;300000.0;Torwart;Startaufstellung
2820284;Kamerun;FC Sochaux-Montbéliard;Adolphe Teikeu;26;400000.0;Innenverteidiger;Startaufstellung
2820284;Kamerun;SK Slavia Prag;Michael Ngadeu Ngadjui;26;900000.0;Innenverteidiger;Startaufstellung
2820284;Kamerun;Montreal Impact;Ambroise Oyongo;25;750000.0;Linker Verteidiger;Startaufstellung
2820284;Kamerun;Standard Lüttich;Collins Fai;24;1300000.0;Rechter Verteidiger;Startaufstellung
2820284;Kamerun;KV Oostende;Sébastien Siani;30;1800000.0;Defensives Mittelfeld;Startaufstellung
2820284;Kamerun;Heart of Midlothian FC;Arnaud Djoum;27;500000.0;Defensives Mittelfeld;Startaufstellung
2820284;Kamerun;FC Lorient;Benjamin Moukandjo;28;5750000.0;Linksaußen;Startaufstellung
2820284;Kamerun;Aalborg BK;Christian Bassogog;21;350000.0;Rechtsaußen;Startaufstellung
2820284;Kamerun;Spartak Trnava;Robert Ndip Tambe;22;225000.0;Mittelstürmer;Startaufstellung
2820284;Kamerun;1.FC Kaiserslautern;Jacques Zoua;25;750000.0;Mittelstürmer;Startaufstellung
2820284;Ägypten;El Ahly Kairo;Sherif Ekramy;33;1000000.0;Torwart;Reservebank
2820284;Ägypten;Smouha SC;Ahmed Dowidar;29;400000.0;Innenverteidiger;Reservebank
2820284;Ägypten;El Ahly Kairo;Saad Samir;27;600000.0;Innenverteidiger;Reservebank
2820284;Ägypten;Al-Ahli Dschidda;Mohamed Abdelshafi;31;1400000.0;Linker Verteidiger;Reservebank
2820284;Ägypten;RC Lens;Karim Hafez;20;900000.0;Linker Verteidiger;Reservebank
2820284;Ägypten;FC Basel 1893;Omar Gaber;25;1500000.0;Rechter Verteidiger;Reservebank
2820284;Ägypten;Zamalek SC;Ibrahim Salah;29;600000.0;Defensives Mittelfeld;Reservebank
2820284;Ägypten;Stoke City;Ramadan Sobhi;20;2500000.0;Linkes Mittelfeld;Reservebank
2820284;Ägypten;SC Braga;Ahmed Hassan;23;4500000.0;Mittelstürmer;Reservebank
2820284;Kamerun;;Georges Bokwé;27;200000.0;Torwart;Reservebank
2820284;Kamerun;AC Ajaccio;Jules Goda;27;300000.0;Torwart;Reservebank
2820284;Kamerun;Gimnàstic de Tarragona ;Mohamed Djetei;22;300000.0;Innenverteidiger;Reservebank
2820284;Kamerun;Olympique Lyon;Nicolas N'Koulou;26;8000000.0;Innenverteidiger;Reservebank
2820284;Kamerun;Progresso do Sambizanga;Joseph Ngwem;25;200000.0;Linker Verteidiger;Reservebank
2820284;Kamerun;MSK Zilina;Ernest Mabouka;28;450000.0;Rechter Verteidiger;Reservebank
2820284;Kamerun;FC Metz;Georges Mandjeck;28;1250000.0;Defensives Mittelfeld;Reservebank
2820284;Kamerun;TSV 1860 München;Frank Boya;20;200000.0;Zentrales Mittelfeld;Reservebank
2820284;Kamerun;1.FC Nürnberg;Edgar Salli;24;700000.0;Rechtsaußen;Reservebank
2820284;Kamerun;Olympique Marseille;Clinton N'Jie;23;7000000.0;Mittelstürmer;Reservebank
2820284;Kamerun;Besiktas Istanbul;Vincent Aboubakar;25;10000000.0;Mittelstürmer;Reservebank
2820284;Kamerun;SCO Angers;Karl Toko Ekambi;24;1750000.0;Mittelstürmer;Reservebank
