GameId;team;club;name;age;value;position;role
38116;Trinidad und Tobago;West Ham United;Shaka Hislop;37;950000.0;Torwart;Startaufstellung
38116;Trinidad und Tobago;Wrexham AFC;Dennis Lawrence;31;400000.0;Innenverteidiger;Startaufstellung
38116;Trinidad und Tobago;San Juan Jabloteh;Cyd Gray;29;400000.0;Innenverteidiger;Startaufstellung
38116;Trinidad und Tobago;New England Revolution;Avery John;30;500000.0;Linker Verteidiger;Startaufstellung
38116;Trinidad und Tobago;FC Gillingham;Brent Sancho;29;450000.0;Rechter Verteidiger;Startaufstellung
38116;Trinidad und Tobago;Sydney FC;Dwight Yorke;34;1500000.0;Defensives Mittelfeld;Startaufstellung
38116;Trinidad und Tobago;Falkirk FC;Densill Theobald;23;250000.0;Zentrales Mittelfeld;Startaufstellung
38116;Trinidad und Tobago;FC Port Vale;Chris Birchall;22;200000.0;Zentrales Mittelfeld;Startaufstellung
38116;Trinidad und Tobago;Dundee United FC;Collin Samuel;24;650000.0;Linksaußen;Startaufstellung
38116;Trinidad und Tobago;Luton Town;Carlos Edwards;27;350000.0;Rechtsaußen;Startaufstellung
38116;Trinidad und Tobago;Coventry City;Stern John;29;1250000.0;Mittelstürmer;Startaufstellung
38116;Schweden;Fredrikstad FK;Rami Shaaban;30;500000.0;Torwart;Startaufstellung
38116;Schweden;BK Häcken;Teddy Lucic;33;2000000.0;Innenverteidiger;Startaufstellung
38116;Schweden;Aston Villa;Olof Mellberg;28;7250000.0;Innenverteidiger;Startaufstellung
38116;Schweden;FC Stade Rennes;Erik Edman;27;3000000.0;Linker Verteidiger;Startaufstellung
38116;Schweden;IFK Göteborg;Niclas Alexandersson;34;2000000.0;Rechter Verteidiger;Startaufstellung
38116;Schweden;FC Kopenhagen;Tobias Linderoth;27;2750000.0;Defensives Mittelfeld;Startaufstellung
38116;Schweden;RSC Anderlecht;Christian Wilhelmsson;26;7000000.0;Rechtes Mittelfeld;Startaufstellung
38116;Schweden;IF Elfsborg Boras;Anders Svensson;29;2500000.0;Linkes Mittelfeld;Startaufstellung
38116;Schweden;FC Arsenal;Freddie Ljungberg;29;17000000.0;Offensives Mittelfeld;Startaufstellung
38116;Schweden;Juventus Turin;Zlatan Ibrahimovic;24;25000000.0;Mittelstürmer;Startaufstellung
38116;Schweden;FC Barcelona;Henrik Larsson;34;4500000.0;Mittelstürmer;Startaufstellung
38116;Trinidad und Tobago;Dundee FC;Kelvin Jack;30;150000.0;Torwart;Reservebank
38116;Trinidad und Tobago;Coventry City;Clayton Ince;33;125000.0;Torwart;Reservebank
38116;Trinidad und Tobago;FC Gillingham;Ian Cox;35;150000.0;Innenverteidiger;Reservebank
38116;Trinidad und Tobago;Glasgow Rangers;Marvin Andrews;30;1500000.0;Innenverteidiger;Reservebank
38116;Trinidad und Tobago;W Connection;Atiba Charles;28;300000.0;Innenverteidiger;Reservebank
38116;Trinidad und Tobago;San Juan Jabloteh;Aurtis Whitley;29;300000.0;Defensives Mittelfeld;Reservebank
38116;Trinidad und Tobago;Falkirk FC;Russell Latapy;37;125000.0;Offensives Mittelfeld;Reservebank
38116;Trinidad und Tobago;SV Waldhof Mannheim;Evans Wise;32;200000.0;Linksaußen;Reservebank
38116;Trinidad und Tobago;Los Angeles Galaxy;Cornell Glen;24;750000.0;Mittelstürmer;Reservebank
38116;Trinidad und Tobago;St. Johnstone FC;Jason Scotland;27;250000.0;Mittelstürmer;Reservebank
38116;Trinidad und Tobago;FC Southampton;Kenwyne Jones;21;800000.0;Mittelstürmer;Reservebank
38116;Trinidad und Tobago;San Juan Jabloteh;Anthony Wolfe;22;500000.0;Mittelstürmer;Reservebank
38116;Schweden;FC Stade Rennes;Andreas Isaksson;24;4000000.0;Torwart;Reservebank
38116;Schweden;Viborg FF;John Alvbage;23;500000.0;Torwart;Reservebank
38116;Schweden;Bayer 04 Leverkusen;Fredrik Stenman;23;2000000.0;Innenverteidiger;Reservebank
38116;Schweden;SC Heerenveen;Petter Hansson;29;3250000.0;Innenverteidiger;Reservebank
38116;Schweden;IFK Göteborg;Karl Svensson;22;900000.0;Innenverteidiger;Reservebank
38116;Schweden;Malmö FF;Daniel Andersson;28;3500000.0;Innenverteidiger;Reservebank
38116;Schweden;Panathinaikos Athen;Mikael Nilsson;27;1800000.0;Rechter Verteidiger;Reservebank
38116;Schweden;FC Stade Rennes;Kim Källström;23;7500000.0;Defensives Mittelfeld;Reservebank
38116;Schweden;Bröndby IF;Johan Elmander;25;3500000.0;Mittelstürmer;Reservebank
38116;Schweden;Djurgardens IF;Mattias Jonson;32;1000000.0;Mittelstürmer;Reservebank
38116;Schweden;FC Kopenhagen;Marcus Allbäck;32;1750000.0;Mittelstürmer;Reservebank
38116;Schweden;Ajax Amsterdam;Markus Rosenberg;23;4500000.0;Mittelstürmer;Reservebank
