GameId;team;club;name;age;value;position;role
38133;Argentinien;Club Atlético Boca Juniors;Roberto Abbondanzieri;33;2500000.0;Torwart;Startaufstellung
38133;Argentinien;Manchester United;Gabriel Heinze;28;16750000.0;Innenverteidiger;Startaufstellung
38133;Argentinien;FC Valencia;Roberto Ayala;33;8750000.0;Innenverteidiger;Startaufstellung
38133;Argentinien;FC Villarreal;Juan Pablo Sorín;30;5500000.0;Linker Verteidiger;Startaufstellung
38133;Argentinien;FC Internazionale;Nicolás Burdisso;25;6000000.0;Rechter Verteidiger;Startaufstellung
38133;Argentinien;Corinthians Sao Paulo;Javier Mascherano;22;11800000.0;Defensives Mittelfeld;Startaufstellung
38133;Argentinien;FC Internazionale;Esteban Cambiasso;25;19000000.0;Defensives Mittelfeld;Startaufstellung
38133;Argentinien;Atlético Madrid;Maxi Rodríguez;25;9000000.0;Rechtes Mittelfeld;Startaufstellung
38133;Argentinien;FC Villarreal;Juan Riquelme;27;18000000.0;Linkes Mittelfeld;Startaufstellung
38133;Argentinien;FC Sevilla;Javier Saviola;24;11500000.0;Mittelstürmer;Startaufstellung
38133;Argentinien;FC Chelsea;Hernán Crespo;30;15000000.0;Mittelstürmer;Startaufstellung
38133;Elfenbeinküste;Esperance Tunis;Jean-Jacques Tizie;33;300000.0;Torwart;Startaufstellung
38133;Elfenbeinküste;FC Arsenal;Kolo Touré;25;7750000.0;Innenverteidiger;Startaufstellung
38133;Elfenbeinküste;Olympique Marseille;Abdoulaye Méïté;25;4000000.0;Innenverteidiger;Startaufstellung
38133;Elfenbeinküste;RC Straßburg Alsace;Arthur Boka;23;2350000.0;Linker Verteidiger;Startaufstellung
38133;Elfenbeinküste;FC Arsenal;Emmanuel Eboué;23;2000000.0;Rechter Verteidiger;Startaufstellung
38133;Elfenbeinküste;AS Saint-Étienne;Didier Zokora;25;7000000.0;Defensives Mittelfeld;Startaufstellung
38133;Elfenbeinküste;LOSC Lille;Abdul Kader Keita;24;2000000.0;Zentrales Mittelfeld;Startaufstellung
38133;Elfenbeinküste;Olympiakos Piräus;Yaya Touré;23;8000000.0;Rechtes Mittelfeld;Startaufstellung
38133;Elfenbeinküste;FC Paris Saint-Germain;Bonaventure Kalou;28;6500000.0;Offensives Mittelfeld;Startaufstellung
38133;Elfenbeinküste;AJ Auxerre;Kanga Akalé;25;3500000.0;Linksaußen;Startaufstellung
38133;Elfenbeinküste;FC Chelsea;Didier Drogba;28;26000000.0;Mittelstürmer;Startaufstellung
38133;Argentinien;Atlético Madrid;Leo Franco;29;6500000.0;Torwart;Reservebank
38133;Argentinien;CA Independiente de Avellaneda;Óscar Ustari;19;1500000.0;Torwart;Reservebank
38133;Argentinien;Real Saragossa ;Gabriel Milito;25;8500000.0;Innenverteidiger;Reservebank
38133;Argentinien;Deportivo La Coruna ;Fabricio Coloccini;24;8000000.0;Innenverteidiger;Reservebank
38133;Argentinien;AS Rom;Leandro Cufré;28;4000000.0;Linker Verteidiger;Reservebank
38133;Argentinien;West Ham United;Lionel Scaloni;28;4000000.0;Rechter Verteidiger;Reservebank
38133;Argentinien;FC Porto;Lucho González;25;14000000.0;Zentrales Mittelfeld;Reservebank
38133;Argentinien;FC Valencia;Pablo Aimar;26;18000000.0;Offensives Mittelfeld;Reservebank
38133;Argentinien;FC Barcelona;Lionel Messi;18;15000000.0;Rechtsaußen;Reservebank
38133;Argentinien;Corinthians Sao Paulo;Carlos Tévez;22;15000000.0;Hängende Spitze;Reservebank
38133;Argentinien;Club Atlético Boca Juniors;Rodrigo Palacio;24;3000000.0;Mittelstürmer;Reservebank
38133;Argentinien;FC Internazionale;Julio Cruz;31;7000000.0;Mittelstürmer;Reservebank
38133;Elfenbeinküste;HSC Montpellier;Gérard Gnanhouan;27;1000000.0;Torwart;Reservebank
38133;Elfenbeinküste;KSK Beveren;Boubacar Copa;26;900000.0;Torwart;Reservebank
38133;Elfenbeinküste;ES Troyes AC;Blaise Kouassi;31;1800000.0;Innenverteidiger;Reservebank
38133;Elfenbeinküste;FC Messina Peloro;Marco Zoro;22;1500000.0;Innenverteidiger;Reservebank
38133;Elfenbeinküste;US Créteil-Lusitanos;Cyril Domoraud;34;1000000.0;Innenverteidiger;Reservebank
38133;Elfenbeinküste;Hamburger SV;Guy Demel;24;4750000.0;Rechter Verteidiger;Reservebank
38133;Elfenbeinküste;Le Mans Union Club 72;Romaric;23;1200000.0;Defensives Mittelfeld;Reservebank
38133;Elfenbeinküste;BSC Young Boys;Gilles Yapi;24;2500000.0;Defensives Mittelfeld;Reservebank
38133;Elfenbeinküste;FC Nantes;Emerse Faé;22;3000000.0;Zentrales Mittelfeld;Reservebank
38133;Elfenbeinküste;OGC Nizza;Bakari Koné;24;3000000.0;Rechtsaußen;Reservebank
38133;Elfenbeinküste;RC Lens;Aruna Dindane;25;4000000.0;Hängende Spitze;Reservebank
38133;Elfenbeinküste;PSV Eindhoven;Arouna Koné;22;6000000.0;Mittelstürmer;Reservebank
