GameId;team;club;name;age;value;position;role
46379;Mexiko;Deportivo Guadalajara;Oswaldo Sánchez;32;2250000.0;Torwart;Startaufstellung
46379;Mexiko;Deportivo Guadalajara;Carlos Salcido;26;1000000.0;Innenverteidiger;Startaufstellung
46379;Mexiko;FC Barcelona;Rafael Márquez;27;16000000.0;Innenverteidiger;Startaufstellung
46379;Mexiko;CD Cruz Azul;Ricardo Osorio;26;1500000.0;Innenverteidiger;Startaufstellung
46379;Mexiko;CD Cruz Azul;Gerardo Torrado;27;2500000.0;Defensives Mittelfeld;Startaufstellung
46379;Mexiko;CF América;Pável Pardo;29;2000000.0;Defensives Mittelfeld;Startaufstellung
46379;Mexiko;CF Monterrey;Mario Méndez;27;1500000.0;Rechtes Mittelfeld;Startaufstellung
46379;Mexiko;Deportivo Guadalajara;Gonzalo Pineda;23;1000000.0;Linkes Mittelfeld;Startaufstellung
46379;Mexiko;FC Villarreal;Guillermo Franco;29;2500000.0;Hängende Spitze;Startaufstellung
46379;Mexiko;Deportivo Guadalajara;Omar Bravo;26;1750000.0;Hängende Spitze;Startaufstellung
46379;Mexiko;Bolton Wanderers;Jared Borgetti;32;2500000.0;Mittelstürmer;Startaufstellung
46379;Iran;Foolad FC;Ebrahim Mirzapour;27;750000.0;Torwart;Startaufstellung
46379;Iran;Saba Battery Qom;Yahya Golmohammadi;35;600000.0;Innenverteidiger;Startaufstellung
46379;Iran;FC Messina Peloro;Rahman Rezaei;31;1000000.0;Innenverteidiger;Startaufstellung
46379;Iran;Pas Teheran;Mohammad Nosrati;25;500000.0;Linker Verteidiger;Startaufstellung
46379;Iran;Foolad FC;Hossein Kaebi;20;1000000.0;Rechter Verteidiger;Startaufstellung
46379;Iran;Sharjah Cultural Sports Club;Javad Nekounam;25;1750000.0;Defensives Mittelfeld;Startaufstellung
46379;Iran;FC Aboomoslem;Andranik Teymourian;23;400000.0;Defensives Mittelfeld;Startaufstellung
46379;Iran;Hamburger SV;Mehdi Mahdavikia;28;6500000.0;Rechtes Mittelfeld;Startaufstellung
46379;Iran;FC Bayern München;Ali Karimi;27;4000000.0;Linkes Mittelfeld;Startaufstellung
46379;Iran;Hannover 96;Vahid Hashemian;29;2000000.0;Mittelstürmer;Startaufstellung
46379;Iran;Saba Battery Qom;Ali Daei;37;1000000.0;Mittelstürmer;Startaufstellung
46379;Mexiko;Tecos de la Universidad Autónoma de Guadalajara;Jesús Corona;25;350000.0;Torwart;Reservebank
46379;Mexiko;CF América;Guillermo Ochoa;20;300000.0;Torwart;Reservebank
46379;Mexiko;CD Chivas USA;Claudio Suárez;37;200000.0;Innenverteidiger;Reservebank
46379;Mexiko;Deportivo Guadalajara;Maza;24;700000.0;Innenverteidiger;Reservebank
46379;Mexiko;CF América;José Antonio Castro;25;500000.0;Rechter Verteidiger;Reservebank
46379;Mexiko;Atlas Guadalajara;Andrés Guardado;19;600000.0;Defensives Mittelfeld;Reservebank
46379;Mexiko;Atlas Guadalajara;Rafael García;31;1000000.0;Defensives Mittelfeld;Reservebank
46379;Mexiko;CF Monterrey;Luis Ernesto Pérez;25;2000000.0;Zentrales Mittelfeld;Reservebank
46379;Mexiko;Deportivo Toluca;Sinha;30;1250000.0;Offensives Mittelfeld;Reservebank
46379;Mexiko;Deportivo Guadalajara;Ramón Morales;30;1650000.0;Linksaußen;Reservebank
46379;Mexiko;CF Monterrey;Jesús Arellano;33;2000000.0;Rechtsaußen;Reservebank
46379;Mexiko;CD Cruz Azul;Francisco Fonseca;26;2500000.0;Mittelstürmer;Reservebank
46379;Iran;Pas Teheran;Hassan Roudbarian;27;300000.0;Torwart;Reservebank
46379;Iran;Esteghlal FC;Vahid Talebloo;24;400000.0;Torwart;Reservebank
46379;Iran;Esteghlal FC;Amir Hossein Sadeghi;24;400000.0;Innenverteidiger;Reservebank
46379;Iran;Saba Battery Qom;Sohrab Bakhtiarizadeh;31;600000.0;Innenverteidiger;Reservebank
46379;Iran;1.FC Kaiserslautern;Ferydoon Zandi;27;1000000.0;Offensives Mittelfeld;Reservebank
46379;Iran;Sepahan FC;Moharram Navidkia;23;750000.0;Offensives Mittelfeld;Reservebank
46379;Iran;Saipa FC;Masoud Shojaei;22;400000.0;Offensives Mittelfeld;Reservebank
46379;Iran;Persepolis FC;Mehrzad Madanchi;21;500000.0;Linksaußen;Reservebank
46379;Iran;Persepolis FC;Javad Kazemian;25;600000.0;Rechtsaußen;Reservebank
46379;Iran;Esteghlal FC;Gholamreza Enayati;29;1000000.0;Mittelstürmer;Reservebank
46379;Iran;Pas Teheran;Arash Borhani;22;400000.0;Mittelstürmer;Reservebank
46379;Iran;Sepahan FC;Rasoul Khatibi;27;800000.0;Mittelstürmer;Reservebank
