GameId;team;club;name;age;value;position;role
46384;Brasilien;AC Mailand;Dida;32;11000000.0;Torwart;Startaufstellung
46384;Brasilien;FC Bayern München;Lúcio;28;21500000.0;Innenverteidiger;Startaufstellung
46384;Brasilien;Bayer 04 Leverkusen;Juan;27;7000000.0;Innenverteidiger;Startaufstellung
46384;Brasilien;Real Madrid;Roberto Carlos;33;6500000.0;Linker Verteidiger;Startaufstellung
46384;Brasilien;AC Mailand;Cafú;36;2000000.0;Rechter Verteidiger;Startaufstellung
46384;Brasilien;Juventus Turin;Émerson;30;26000000.0;Defensives Mittelfeld;Startaufstellung
46384;Brasilien;FC Bayern München;Zé Roberto;31;8500000.0;Zentrales Mittelfeld;Startaufstellung
46384;Brasilien;FC Barcelona;Ronaldinho;26;70000000.0;Linksaußen;Startaufstellung
46384;Brasilien;AC Mailand;Kaká;24;35000000.0;Rechtsaußen;Startaufstellung
46384;Brasilien;FC Internazionale;Adriano;24;32000000.0;Mittelstürmer;Startaufstellung
46384;Brasilien;Real Madrid;Ronaldo;29;27500000.0;Mittelstürmer;Startaufstellung
46384;Kroatien;HNK Hajduk Split;Stipe Pletikosa;27;2500000.0;Torwart;Startaufstellung
46384;Kroatien;Hertha BSC;Josip Simunic;28;8000000.0;Innenverteidiger;Startaufstellung
46384;Kroatien;Juventus Turin;Robert Kovac;32;3000000.0;Innenverteidiger;Startaufstellung
46384;Kroatien;AC Mailand;Dario Simic;30;2000000.0;Innenverteidiger;Startaufstellung
46384;Kroatien;AC Siena;Igor Tudor;28;3500000.0;Defensives Mittelfeld;Startaufstellung
46384;Kroatien;Hertha BSC;Niko Kovac;34;1500000.0;Defensives Mittelfeld;Startaufstellung
46384;Kroatien;Shakhtar Donetsk;Darijo Srna;24;4250000.0;Rechtes Mittelfeld;Startaufstellung
46384;Kroatien;Bayer 04 Leverkusen;Marko Babic;25;2500000.0;Linkes Mittelfeld;Startaufstellung
46384;Kroatien;HNK Hajduk Split;Niko Kranjcar;21;5000000.0;Offensives Mittelfeld;Startaufstellung
46384;Kroatien;SV Werder Bremen;Ivan Klasnic;26;12000000.0;Mittelstürmer;Startaufstellung
46384;Kroatien;Glasgow Rangers;Dado Prso;31;7500000.0;Mittelstürmer;Startaufstellung
46384;Brasilien;FC Internazionale;Júlio César;26;6000000.0;Torwart;Reservebank
46384;Brasilien;FC São Paulo;Rogério Ceni;33;2000000.0;Torwart;Reservebank
46384;Brasilien;Benfica Lissabon;Luisão;25;10000000.0;Innenverteidiger;Reservebank
46384;Brasilien;Olympique Lyon;Cris;29;15000000.0;Innenverteidiger;Reservebank
46384;Brasilien;Real Madrid;Cicinho;25;12500000.0;Rechter Verteidiger;Reservebank
46384;Brasilien;FC Arsenal;Gilberto Silva;29;7750000.0;Defensives Mittelfeld;Reservebank
46384;Brasilien;FC São Paulo;Mineiro;30;3000000.0;Defensives Mittelfeld;Reservebank
46384;Brasilien;Hertha BSC;Gilberto;30;4000000.0;Zentrales Mittelfeld;Reservebank
46384;Brasilien;Corinthians Sao Paulo;Ricardinho;30;3000000.0;Offensives Mittelfeld;Reservebank
46384;Brasilien;Olympique Lyon;Juninho Pernambucano;31;18000000.0;Offensives Mittelfeld;Reservebank
46384;Brasilien;Real Madrid;Robinho;22;25000000.0;Hängende Spitze;Reservebank
46384;Brasilien;Olympique Lyon;Fred;22;12000000.0;Mittelstürmer;Reservebank
46384;Kroatien;FC Brügge;Tomislav Butina;32;2750000.0;Torwart;Reservebank
46384;Kroatien;FK Austria Wien;Joey Didulica;28;3250000.0;Torwart;Reservebank
46384;Kroatien;FK Austria Wien;Mario Tokic;30;2750000.0;Innenverteidiger;Reservebank
46384;Kroatien;Galatasaray Istanbul;Stjepan Tomas;30;4000000.0;Innenverteidiger;Reservebank
46384;Kroatien;Panathinaikos Athen;Anthony Seric;27;2300000.0;Linker Verteidiger;Reservebank
46384;Kroatien;SV Werder Bremen;Jurica Vranjes;26;2500000.0;Defensives Mittelfeld;Reservebank
46384;Kroatien;Dynamo Kiew;Jerko Leko;26;5000000.0;Defensives Mittelfeld;Reservebank
46384;Kroatien;GNK Dinamo Zagreb;Luka Modric;20;2500000.0;Zentrales Mittelfeld;Reservebank
46384;Kroatien;FC Brügge;Ivan Leko;28;3200000.0;Offensives Mittelfeld;Reservebank
46384;Kroatien;GNK Dinamo Zagreb;Ivan Bosnjak;27;2250000.0;Hängende Spitze;Reservebank
46384;Kroatien;ZSKA Moskau;Ivica Olic;26;5250000.0;Mittelstürmer;Reservebank
46384;Kroatien;FC Brügge;Bosko Balaban;27;6000000.0;Mittelstürmer;Reservebank
