GameId;team;club;name;age;value;position;role
46383;Australien;FC Middlesbrough;Mark Schwarzer;33;3750000.0;Torwart;Startaufstellung
46383;Australien;Blackburn Rovers;Lucas Neill;28;3000000.0;Innenverteidiger;Startaufstellung
46383;Australien;Newcastle United;Craig Moore;30;1000000.0;Innenverteidiger;Startaufstellung
46383;Australien;FC Basel 1893;Scott Chipperfield;30;2400000.0;Innenverteidiger;Startaufstellung
46383;Australien;Parma FC;Vince Grella;26;2500000.0;Defensives Mittelfeld;Startaufstellung
46383;Australien;Bristol City;Luke Wilkshire;24;500000.0;Rechtes Mittelfeld;Startaufstellung
46383;Australien;PSV Eindhoven;Jason Culina;25;3000000.0;Linkes Mittelfeld;Startaufstellung
46383;Australien;Parma FC;Mark Bresciano;26;4500000.0;Offensives Mittelfeld;Startaufstellung
46383;Australien;Blackburn Rovers;Brett Emerton;27;4500000.0;Offensives Mittelfeld;Startaufstellung
46383;Australien;FC Liverpool;Harry Kewell;27;6000000.0;Mittelstürmer;Startaufstellung
46383;Australien;FC Middlesbrough;Mark Viduka;30;5500000.0;Mittelstürmer;Startaufstellung
46383;Japan;Júbilo Iwata;Yoshikatsu Kawaguchi;30;2500000.0;Torwart;Startaufstellung
46383;Japan;Gamba Osaka;Tsuneyasu Miyamoto;29;2400000.0;Libero;Startaufstellung
46383;Japan;Urawa Red Diamonds;Keisuke Tsuboi;26;1600000.0;Innenverteidiger;Startaufstellung
46383;Japan;Yokohama F. Marinos;Yuji Nakazawa;28;900000.0;Innenverteidiger;Startaufstellung
46383;Japan;Júbilo Iwata;Takashi Fukunishi;29;1700000.0;Zentrales Mittelfeld;Startaufstellung
46383;Japan;Bolton Wanderers;Hidetoshi Nakata;29;3500000.0;Zentrales Mittelfeld;Startaufstellung
46383;Japan;Sanfrecce Hiroshima;Yuichi Komano;24;400000.0;Rechtes Mittelfeld;Startaufstellung
46383;Japan;Urawa Red Diamonds;Alex;28;3500000.0;Linkes Mittelfeld;Startaufstellung
46383;Japan;Celtic Glasgow;Shunsuke Nakamura;27;6500000.0;Offensives Mittelfeld;Startaufstellung
46383;Japan;Hamburger SV;Naohiro Takahara;27;1500000.0;Mittelstürmer;Startaufstellung
46383;Japan;Kashima Antlers;Atsushi Yanagisawa;29;500000.0;Mittelstürmer;Startaufstellung
46383;Australien;Hammarby IF;Ante Covic;30;300000.0;Torwart;Reservebank
46383;Australien;AC Mailand;Zeljko Kalac;33;600000.0;Torwart;Reservebank
46383;Australien;Crystal Palace;Anthony Popovic;32;1000000.0;Innenverteidiger;Reservebank
46383;Australien;Central Coast Mariners;Michael Beauchamp;25;275000.0;Innenverteidiger;Reservebank
46383;Australien;Sydney FC;Mark Milligan;20;275000.0;Defensives Mittelfeld;Reservebank
46383;Australien;Wigan Athletic;Josip Skoko;30;2600000.0;Zentrales Mittelfeld;Reservebank
46383;Australien;Birmingham City;Stan Lazaridis;33;3250000.0;Linkes Mittelfeld;Reservebank
46383;Australien;FC Basel 1893;Mile Sterjovski;27;750000.0;Linkes Mittelfeld;Reservebank
46383;Australien;FC Everton;Tim Cahill;26;8500000.0;Offensives Mittelfeld;Reservebank
46383;Australien;Deportivo Alavés;John Aloisi;30;2250000.0;Mittelstürmer;Reservebank
46383;Australien;PSV Eindhoven;Archie Thompson;27;750000.0;Mittelstürmer;Reservebank
46383;Australien;SG Dynamo Dresden;Joshua Kennedy;23;1000000.0;Mittelstürmer;Reservebank
46383;Japan;Nagoya Grampus;Seigo Narazaki;30;1800000.0;Torwart;Reservebank
46383;Japan;FC Tokyo;Yoichi Doi;32;400000.0;Torwart;Reservebank
46383;Japan;FC Tokyo;Teruyuki Moniwa;24;750000.0;Innenverteidiger;Reservebank
46383;Japan;Gamba Osaka;Akira Kaji;26;850000.0;Rechter Verteidiger;Reservebank
46383;Japan;FC Basel 1893;Koji Nakata;26;2100000.0;Defensives Mittelfeld;Reservebank
46383;Japan;West Bromwich Albion;Junichi Inamoto;26;2250000.0;Defensives Mittelfeld;Reservebank
46383;Japan;Gamba Osaka;Yasuhito Endo;26;1600000.0;Zentrales Mittelfeld;Reservebank
46383;Japan;Kashima Antlers;Mitsuo Ogasawara;27;1500000.0;Zentrales Mittelfeld;Reservebank
46383;Japan;Urawa Red Diamonds;Shinji Ono;26;3750000.0;Offensives Mittelfeld;Reservebank
46383;Japan;Nagoya Grampus;Keiji Tamada;26;2250000.0;Hängende Spitze;Reservebank
46383;Japan;JEF United Chiba;Seiichiro Maki;25;400000.0;Mittelstürmer;Reservebank
46383;Japan;Grenoble Foot 38;Masashi Oguro;26;1250000.0;Mittelstürmer;Reservebank
