GameId;team;club;name;age;value;position;role
46380;Angola;Moreirense FC;João Ricardo;36;250000.0;Torwart;Startaufstellung
46380;Angola;;Jamba;28;400000.0;Innenverteidiger;Startaufstellung
46380;Angola;FC Barreirense;Kali;27;400000.0;Innenverteidiger;Startaufstellung
46380;Angola;CA Petróleos Luanda;Luís Delgado;26;50000.0;Linker Verteidiger;Startaufstellung
46380;Angola;CD 1º de Agosto;Loco;21;300000.0;Rechter Verteidiger;Startaufstellung
46380;Angola;Al-Kuwait Sports Club;André Macanga;28;1200000.0;Defensives Mittelfeld;Startaufstellung
46380;Angola;Varzim SC;Figueiredo;33;350000.0;Zentrales Mittelfeld;Startaufstellung
46380;Angola;Varzim SC;Mendonça;23;500000.0;Linksaußen;Startaufstellung
46380;Angola;;Zé Kalanga;22;300000.0;Rechtsaußen;Startaufstellung
46380;Angola;Gil Vicente FC;Mateus;21;800000.0;Hängende Spitze;Startaufstellung
46380;Angola;Vereinslos;Akwá;29;2000000.0;Mittelstürmer;Startaufstellung
46380;Portugal;Sporting Lissabon;Ricardo;30;4000000.0;Torwart;Startaufstellung
46380;Portugal;VfB Stuttgart;Fernando Meira;28;9000000.0;Innenverteidiger;Startaufstellung
46380;Portugal;FC Chelsea;Ricardo Carvalho;28;18500000.0;Innenverteidiger;Startaufstellung
46380;Portugal;FC Everton;Nuno Valente;31;3750000.0;Linker Verteidiger;Startaufstellung
46380;Portugal;FC Valencia;Miguel;26;10000000.0;Rechter Verteidiger;Startaufstellung
46380;Portugal;Benfica Lissabon;Petit;29;7000000.0;Defensives Mittelfeld;Startaufstellung
46380;Portugal;Olympique Lyon;Tiago;25;12000000.0;Zentrales Mittelfeld;Startaufstellung
46380;Portugal;FC Internazionale;Luís Figo;33;13000000.0;Offensives Mittelfeld;Startaufstellung
46380;Portugal;Benfica Lissabon;Simão Sabrosa;26;15000000.0;Linksaußen;Startaufstellung
46380;Portugal;Manchester United;Cristiano Ronaldo;21;26500000.0;Rechtsaußen;Startaufstellung
46380;Portugal;FC Paris Saint-Germain;Pauleta;33;11500000.0;Mittelstürmer;Startaufstellung
46380;Angola;CA Petróleos Luanda;Lamá;25;100000.0;Torwart;Reservebank
46380;Angola;;Mario;21;50000.0;Torwart;Reservebank
46380;Angola;CA Petróleos Luanda;Lebo Lebo;29;200000.0;Innenverteidiger;Reservebank
46380;Angola;Leeds United;Rui Marques;28;500000.0;Innenverteidiger;Reservebank
46380;Angola;Portimonense SC;Marco Abreu;31;300000.0;Linker Verteidiger;Reservebank
46380;Angola;FC Barreirense;Marco Airosa;21;400000.0;Rechter Verteidiger;Reservebank
46380;Angola;;Miloy;25;300000.0;Defensives Mittelfeld;Reservebank
46380;Angola;FC Paços de Ferreira;Edson Nobre;26;600000.0;Rechtes Mittelfeld;Reservebank
46380;Angola;Benfica Lissabon;Mantorras;24;4250000.0;Mittelstürmer;Reservebank
46380;Angola;El Ahly Kairo;Flávio;26;500000.0;Mittelstürmer;Reservebank
46380;Angola;;Love;27;200000.0;Mittelstürmer;Reservebank
46380;Angola;Clermont Foot Auvergne 63;André Buengo;26;150000.0;Mittelstürmer;Reservebank
46380;Portugal;SC Braga;Paulo Santos;33;1000000.0;Torwart;Reservebank
46380;Portugal;Benfica Lissabon;Quim;30;1250000.0;Torwart;Reservebank
46380;Portugal;Sporting Lissabon;Marco Caneira;27;2100000.0;Innenverteidiger;Reservebank
46380;Portugal;FC Porto;Ricardo Costa;25;3750000.0;Innenverteidiger;Reservebank
46380;Portugal;FC Chelsea;Paulo Ferreira;27;14500000.0;Rechter Verteidiger;Reservebank
46380;Portugal;Dinamo Moskau;Costinha;31;15000000.0;Defensives Mittelfeld;Reservebank
46380;Portugal;FC Valencia;Hugo Viana;23;7500000.0;Zentrales Mittelfeld;Reservebank
46380;Portugal;FC Chelsea;Maniche;28;18000000.0;Zentrales Mittelfeld;Reservebank
46380;Portugal;FC Fulham;Luís Boa Morte;28;3500000.0;Linkes Mittelfeld;Reservebank
46380;Portugal;FC Barcelona;Deco;28;24250000.0;Offensives Mittelfeld;Reservebank
46380;Portugal;Benfica Lissabon;Nuno Gomes;29;8500000.0;Mittelstürmer;Reservebank
46380;Portugal;AS Saint-Étienne;Hélder Postiga;23;4500000.0;Mittelstürmer;Reservebank
