GameId;team;club;name;age;value;position;role
46385;Frankreich;Olympique Marseille;Fabien Barthez;34;3000000.0;Torwart;Startaufstellung
46385;Frankreich;FC Chelsea;William Gallas;28;12000000.0;Innenverteidiger;Startaufstellung
46385;Frankreich;Juventus Turin;Lilian Thuram;34;5000000.0;Innenverteidiger;Startaufstellung
46385;Frankreich;Olympique Lyon;Éric Abidal;26;8500000.0;Linker Verteidiger;Startaufstellung
46385;Frankreich;FC Bayern München;Willy Sagnol;29;13500000.0;Rechter Verteidiger;Startaufstellung
46385;Frankreich;Juventus Turin;Patrick Vieira;29;28000000.0;Defensives Mittelfeld;Startaufstellung
46385;Frankreich;FC Chelsea;Claude Makélélé;33;11750000.0;Defensives Mittelfeld;Startaufstellung
46385;Frankreich;Real Madrid;Zinédine Zidane;33;12500000.0;Offensives Mittelfeld;Startaufstellung
46385;Frankreich;Olympique Marseille;Franck Ribéry;23;11000000.0;Linksaußen;Startaufstellung
46385;Frankreich;Olympique Lyon;Sylvain Wiltord;32;7000000.0;Rechtsaußen;Startaufstellung
46385;Frankreich;FC Arsenal;Thierry Henry;28;45000000.0;Mittelstürmer;Startaufstellung
46385;Schweiz;FC Basel 1893;Pascal Zuberbühler;35;800000.0;Torwart;Startaufstellung
46385;Schweiz;Olympique Lyon;Patrick Müller;29;4000000.0;Innenverteidiger;Startaufstellung
46385;Schweiz;FC Arsenal;Philippe Senderos;21;3750000.0;Innenverteidiger;Startaufstellung
46385;Schweiz;VfB Stuttgart;Ludovic Magnin;27;2600000.0;Linker Verteidiger;Startaufstellung
46385;Schweiz;Borussia Dortmund;Philipp Degen;23;3500000.0;Rechter Verteidiger;Startaufstellung
46385;Schweiz;AC Mailand;Johann Vogel;29;4500000.0;Defensives Mittelfeld;Startaufstellung
46385;Schweiz;1.FC Köln;Ricardo Cabanas;27;2500000.0;Zentrales Mittelfeld;Startaufstellung
46385;Schweiz;Hamburger SV;Raphael Wicky;29;3500000.0;Linkes Mittelfeld;Startaufstellung
46385;Schweiz;Bayer 04 Leverkusen;Tranquillo Barnetta;21;5500000.0;Rechtsaußen;Startaufstellung
46385;Schweiz;1.FC Köln;Marco Streller;24;2500000.0;Mittelstürmer;Startaufstellung
46385;Schweiz;FC Stade Rennes;Alex Frei;26;10000000.0;Mittelstürmer;Startaufstellung
46385;Frankreich;FC Nantes;Mickaël Landreau;27;6500000.0;Torwart;Reservebank
46385;Frankreich;Olympique Lyon;Grégory Coupet;33;8000000.0;Torwart;Reservebank
46385;Frankreich;Manchester United;Mikaël Silvestre;28;7750000.0;Innenverteidiger;Reservebank
46385;Frankreich;AS Monaco;Gaël Givet;24;7500000.0;Innenverteidiger;Reservebank
46385;Frankreich;Newcastle United;Jean-Alain Boumsong;26;10000000.0;Innenverteidiger;Reservebank
46385;Frankreich;Wigan Athletic;Pascal Chimbonda;27;4000000.0;Rechter Verteidiger;Reservebank
46385;Frankreich;RC Lens;Alou Diarra;24;5000000.0;Defensives Mittelfeld;Reservebank
46385;Frankreich;Olympique Lyon;Florent Malouda;26;10000000.0;Linksaußen;Reservebank
46385;Frankreich;FC Paris Saint-Germain;Vikash Dhorasoo;32;4000000.0;Rechtes Mittelfeld;Reservebank
46385;Frankreich;Olympique Lyon;Sidney Govou;26;10000000.0;Rechtsaußen;Reservebank
46385;Frankreich;Manchester United;Louis Saha;27;10000000.0;Mittelstürmer;Reservebank
46385;Frankreich;Juventus Turin;David Trézéguet;28;30000000.0;Mittelstürmer;Reservebank
46385;Schweiz;CD Nacional;Diego Benaglio;22;1000000.0;Torwart;Reservebank
46385;Schweiz;Grasshopper Club Zürich;Fabio Coltorti;25;2000000.0;Torwart;Reservebank
46385;Schweiz;AJ Auxerre;Stéphane Grichting;27;2000000.0;Innenverteidiger;Reservebank
46385;Schweiz;FC Arsenal;Johan Djourou;19;300000.0;Innenverteidiger;Reservebank
46385;Schweiz;Eintracht Frankfurt;Christoph Spycher;28;2500000.0;Defensives Mittelfeld;Reservebank
46385;Schweiz;Lazio Rom;Valon Behrami;21;6000000.0;Defensives Mittelfeld;Reservebank
46385;Schweiz;FC Zürich;Blerim Dzemaili;20;1600000.0;Zentrales Mittelfeld;Reservebank
46385;Schweiz;FC Basel 1893;David Degen;23;1800000.0;Rechtes Mittelfeld;Reservebank
46385;Schweiz;FC Zürich;Xavier Margairaz;22;1700000.0;Linkes Mittelfeld;Reservebank
46385;Schweiz;BSC Young Boys;Hakan Yakin;29;2000000.0;Offensives Mittelfeld;Reservebank
46385;Schweiz;LOSC Lille;Daniel Gygax;24;2000000.0;Hängende Spitze;Reservebank
46385;Schweiz;AC Sparta Prag;Mauro Lustrinelli;30;1500000.0;Mittelstürmer;Reservebank
