GameId;team;club;name;age;value;position;role
48801;Südkorea;Suwon Samsung Bluewings FC;Woon-Jae Lee;33;750000.0;Torwart;Startaufstellung
48801;Südkorea;Seongnam FC;Young-Chul Kim;29;500000.0;Innenverteidiger;Startaufstellung
48801;Südkorea;Jeonbuk Hyundai Motors FC;Jin-Cheul Choi;35;400000.0;Innenverteidiger;Startaufstellung
48801;Südkorea;Júbilo Iwata;Jin-kyu Kim;21;850000.0;Innenverteidiger;Startaufstellung
48801;Südkorea;Ulsan Hyundai;Ho Lee;21;350000.0;Defensives Mittelfeld;Startaufstellung
48801;Südkorea;Trabzonspor;Eul-Yong Lee;30;1300000.0;Defensives Mittelfeld;Startaufstellung
48801;Südkorea;Suwon Samsung Bluewings FC;Chong-Gug Song;27;2200000.0;Rechtes Mittelfeld;Startaufstellung
48801;Südkorea;Tottenham Hotspur;Young-Pyo Lee;29;4000000.0;Linkes Mittelfeld;Startaufstellung
48801;Südkorea;Manchester United;Ji-Sung Park;25;8000000.0;Offensives Mittelfeld;Startaufstellung
48801;Südkorea;Ulsan Hyundai;Chun-Soo Lee;24;2000000.0;Hängende Spitze;Startaufstellung
48801;Südkorea;Shimizu S-Pulse;Jae-Jin Cho;24;750000.0;Mittelstürmer;Startaufstellung
48801;Togo;FC Metz;Kossi Agassa;27;400000.0;Torwart;Startaufstellung
48801;Togo;RAEC Mons;Daré Nibombé;25;350000.0;Innenverteidiger;Startaufstellung
48801;Togo;APOEL Nikosia;Jean-Paul Abalo;30;50000.0;Innenverteidiger;Startaufstellung
48801;Togo;Ciudad Murcia;Ludovic Assemoassa;25;50000.0;Linker Verteidiger;Startaufstellung
48801;Togo;Benevento Calcio;Massamasso Tchangai;27;50000.0;Rechter Verteidiger;Startaufstellung
48801;Togo;CS Louhans-Cuiseaux 71;Alaixys Romao;22;50000.0;Defensives Mittelfeld;Startaufstellung
48801;Togo;SC YF Juventus Zürich;Yao Junior Sènaya;22;200000.0;Rechtes Mittelfeld;Startaufstellung
48801;Togo;Stade Brest 29;Moustapha Salifou;23;300000.0;Linkes Mittelfeld;Startaufstellung
48801;Togo;FC Metz;Cheriffe Maman-Touré;28;650000.0;Offensives Mittelfeld;Startaufstellung
48801;Togo;FC Arsenal;Emmanuel Adebayor;22;10000000.0;Mittelstürmer;Startaufstellung
48801;Togo;EA Guingamp;Mohamed Kader;27;1250000.0;Mittelstürmer;Startaufstellung
48801;Südkorea;;Yong-dae Kim;26;400000.0;Torwart;Reservebank
48801;Südkorea;Jeonnam Dragons FC;Yeong-kwan Kim;22;300000.0;Torwart;Reservebank
48801;Südkorea;Seongnam FC;Sang-Sik Kim;29;800000.0;Innenverteidiger;Reservebank
48801;Südkorea;FC Seoul;Dong-Jin Kim;24;1000000.0;Linker Verteidiger;Reservebank
48801;Südkorea;Suwon Samsung Bluewings FC;Nam-Il Kim;29;1500000.0;Defensives Mittelfeld;Reservebank
48801;Südkorea;Suwon Samsung Bluewings FC;Won-heui Jo;23;500000.0;Defensives Mittelfeld;Reservebank
48801;Südkorea;FC Seoul;Ji-hun Baek;21;600000.0;Zentrales Mittelfeld;Reservebank
48801;Südkorea;Seongnam FC;Du-hyeon Kim;23;900000.0;Zentrales Mittelfeld;Reservebank
48801;Südkorea;;Kyung-Ho Chung;26;1200000.0;Linksaußen;Reservebank
48801;Südkorea;Wolverhampton Wanderers;Ki-Hyeon Seol;27;2250000.0;Rechtsaußen;Reservebank
48801;Südkorea;MSV Duisburg;Jung-Hwan Ahn;30;1500000.0;Hängende Spitze;Reservebank
48801;Südkorea;FC Seoul;Ju-yeong Park;20;1000000.0;Mittelstürmer;Reservebank
48801;Togo;Djoliba AC Bamako;Ouro-Nimini Tchagnirou;28;200000.0;Torwart;Reservebank
48801;Togo;AC Merlan Lome;Kodjovi Dodji Obilale;21;250000.0;Torwart;Reservebank
48801;Togo;;Assimiou Touré;18;150000.0;Innenverteidiger;Reservebank
48801;Togo;Vereinslos;Éric Akoto;25;500000.0;Innenverteidiger;Reservebank
48801;Togo;Al-Hilal Riad;Franck Atsou;27;50000.0;Innenverteidiger;Reservebank
48801;Togo;AS Moulins;Affo Erassa;23;75000.0;Mittelfeld;Reservebank
48801;Togo;BSC Young Boys;Yao Aziawonou;26;800000.0;Defensives Mittelfeld;Reservebank
48801;Togo;KSK Beveren;Kuami Agboh;28;300000.0;Defensives Mittelfeld;Reservebank
48801;Togo;Le Poiré-sur-Vie VF;Richmond Forson;26;50000.0;Linkes Mittelfeld;Reservebank
48801;Togo;Al Emirates;Adékambi Olufadé;26;750000.0;Rechtsaußen;Reservebank
48801;Togo;Valenciennes FC ;Thomas Dossevi;27;300000.0;Mittelstürmer;Reservebank
48801;Togo;Stade Brest 29;Robert Malm;32;300000.0;Mittelstürmer;Reservebank
