GameId;team;club;name;age;value;position;role
49240;Tunesien;Club Africain Tunis;Ali Boumnijel;40;50000.0;Torwart;Startaufstellung
49240;Tunesien;Bolton Wanderers;Radhi Jaidi;30;2000000.0;Innenverteidiger;Startaufstellung
49240;Tunesien;RC Straßburg Alsace;Karim Haggui;22;4000000.0;Innenverteidiger;Startaufstellung
49240;Tunesien;FC Girondins Bordeaux;David Jemmali;31;1500000.0;Linker Verteidiger;Startaufstellung
49240;Tunesien;Ajax Amsterdam;Hatem Trabelsi;29;5000000.0;Rechter Verteidiger;Startaufstellung
49240;Tunesien;1.FC Nürnberg;Jaouhar Mnari;29;2200000.0;Defensives Mittelfeld;Startaufstellung
49240;Tunesien;Kayseri Erciyesspor;Riadh Bouazizi;33;1500000.0;Defensives Mittelfeld;Startaufstellung
49240;Tunesien;1.FC Nürnberg;Adel Chedli;29;600000.0;Zentrales Mittelfeld;Startaufstellung
49240;Tunesien;Glasgow Rangers;Hamed Namouchi;22;1500000.0;Offensives Mittelfeld;Startaufstellung
49240;Tunesien;Etoile Sportive du Sahel;Yassine Chikhaoui;19;400000.0;Hängende Spitze;Startaufstellung
49240;Tunesien;ES Troyes AC;Zied Jaziri;27;2000000.0;Mittelstürmer;Startaufstellung
49240;Saudi-Arabien;Al-Ittihad Dschidda;Mabrouk Zaid;27;200000.0;Torwart;Startaufstellung
49240;Saudi-Arabien;Al-Ittihad Dschidda;Hamad Al Montashari;23;1000000.0;Innenverteidiger;Startaufstellung
49240;Saudi-Arabien;Al-Ittihad Dschidda;Redha Tukar;30;400000.0;Innenverteidiger;Startaufstellung
49240;Saudi-Arabien;Al-Ahli Dschidda;Hussein Abdulghani;29;100000.0;Linker Verteidiger;Startaufstellung
49240;Saudi-Arabien;Al-Ittihad Dschidda;Ahmad Al-Dokhi;29;450000.0;Rechter Verteidiger;Startaufstellung
49240;Saudi-Arabien;Al-Hilal Riad;Khaled Aziz;24;300000.0;Defensives Mittelfeld;Startaufstellung
49240;Saudi-Arabien;Al-Hilal Riad;Omar Al-Ghamdi;27;400000.0;Defensives Mittelfeld;Startaufstellung
49240;Saudi-Arabien;Al-Ittihad Dschidda;Saud Khariri;25;600000.0;Defensives Mittelfeld;Startaufstellung
49240;Saudi-Arabien;Al-Ittihad Dschidda;Mohammed Noor;28;700000.0;Offensives Mittelfeld;Startaufstellung
49240;Saudi-Arabien;Al-Hilal Riad;Nawaf Al-Temyat;29;650000.0;Offensives Mittelfeld;Startaufstellung
49240;Saudi-Arabien;Al-Hilal Riad;Yasser Al-Qahtani;23;800000.0;Mittelstürmer;Startaufstellung
49240;Tunesien;US Monastir;Adel Nefzi;32;50000.0;Torwart;Reservebank
49240;Tunesien;Esperance Tunis;Hamdi Kasraoui;23;150000.0;Torwart;Reservebank
49240;Tunesien;US Lecce;Karim Saïdi;23;1600000.0;Innenverteidiger;Reservebank
49240;Tunesien;AS Saint-Étienne;Alaeddine Yahia;24;1400000.0;Innenverteidiger;Reservebank
49240;Tunesien;Samsunspor;Anis Ayari;24;1000000.0;Linker Verteidiger;Reservebank
49240;Tunesien;Rosenborg BK;Karim Essediri;26;500000.0;Hängende Spitze;Reservebank
49240;Tunesien;Birmingham City;Mehdi Nafti;27;2000000.0;Defensives Mittelfeld;Reservebank
49240;Tunesien;Gaziantepspor;Sofiene Melliti;27;650000.0;Zentrales Mittelfeld;Reservebank
49240;Tunesien;Konyaspor;Kaies Ghodhbane;30;1000000.0;Offensives Mittelfeld;Reservebank
49240;Tunesien;SC Bastia;Chaouki Ben Saada;21;900000.0;Offensives Mittelfeld;Reservebank
49240;Tunesien;RC Straßburg Alsace;Haykel Gmamdia;24;850000.0;Mittelstürmer;Reservebank
49240;Tunesien;FC Toulouse;Santos;27;5000000.0;Mittelstürmer;Reservebank
49240;Saudi-Arabien;Al-Hilal Riad;Mohammad Al-Deayea;33;300000.0;Torwart;Reservebank
49240;Saudi-Arabien;;Mohammad Khojah;33;100000.0;Torwart;Reservebank
49240;Saudi-Arabien;;Naif Al-Qadi;27;350000.0;Innenverteidiger;Reservebank
49240;Saudi-Arabien;Al-Shabab Riad;Ahmed Al-Bahri;15;450000.0;Rechter Verteidiger;Reservebank
49240;Saudi-Arabien;Al-Ittihad Dschidda;Mohammed Ameen;26;400000.0;Mittelfeld;Reservebank
49240;Saudi-Arabien;Al-Hilal Riad;Abdulaziz Al-Khathran;32;500000.0;Defensives Mittelfeld;Reservebank
49240;Saudi-Arabien;Al-Ahli Dschidda;Mohammed Massad;23;150000.0;Rechtes Mittelfeld;Reservebank
49240;Saudi-Arabien;Al-Hilal Riad;Mohammad Al-Shalhoub;25;600000.0;Offensives Mittelfeld;Reservebank
49240;Saudi-Arabien;Al-Hilal Riad;Sami Al-Jaber;33;750000.0;Sturm;Reservebank
49240;Saudi-Arabien;Al-Nasr Riad;Saad Al-Harthi;22;500000.0;Mittelstürmer;Reservebank
49240;Saudi-Arabien;Al-Ahli Dschidda;Malek Mouath;24;200000.0;Mittelstürmer;Reservebank
