GameId;team;club;name;age;value;position;role
49318;England;Tottenham Hotspur;Paul Robinson;26;9000000.0;Torwart;Startaufstellung
49318;England;Manchester United;Rio Ferdinand;27;25000000.0;Innenverteidiger;Startaufstellung
49318;England;FC Chelsea;John Terry;25;30000000.0;Innenverteidiger;Startaufstellung
49318;England;FC Arsenal;Ashley Cole;25;17000000.0;Linker Verteidiger;Startaufstellung
49318;England;FC Liverpool;Jamie Carragher;28;15750000.0;Rechter Verteidiger;Startaufstellung
49318;England;FC Liverpool;Steven Gerrard;26;34000000.0;Defensives Mittelfeld;Startaufstellung
49318;England;Real Madrid;David Beckham;31;22000000.0;Rechtes Mittelfeld;Startaufstellung
49318;England;FC Chelsea;Joe Cole;24;16500000.0;Linkes Mittelfeld;Startaufstellung
49318;England;FC Chelsea;Frank Lampard;27;38500000.0;Offensives Mittelfeld;Startaufstellung
49318;England;Newcastle United;Michael Owen;26;20000000.0;Mittelstürmer;Startaufstellung
49318;England;FC Liverpool;Peter Crouch;25;10500000.0;Mittelstürmer;Startaufstellung
49318;Trinidad und Tobago;West Ham United;Shaka Hislop;37;950000.0;Torwart;Startaufstellung
49318;Trinidad und Tobago;FC Gillingham;Brent Sancho;29;450000.0;Innenverteidiger;Startaufstellung
49318;Trinidad und Tobago;Wrexham AFC;Dennis Lawrence;31;400000.0;Innenverteidiger;Startaufstellung
49318;Trinidad und Tobago;San Juan Jabloteh;Cyd Gray;29;400000.0;Linker Verteidiger;Startaufstellung
49318;Trinidad und Tobago;Luton Town;Carlos Edwards;27;350000.0;Rechter Verteidiger;Startaufstellung
49318;Trinidad und Tobago;San Juan Jabloteh;Aurtis Whitley;29;300000.0;Zentrales Mittelfeld;Startaufstellung
49318;Trinidad und Tobago;Sydney FC;Dwight Yorke;34;1500000.0;Zentrales Mittelfeld;Startaufstellung
49318;Trinidad und Tobago;FC Port Vale;Chris Birchall;22;200000.0;Rechtes Mittelfeld;Startaufstellung
49318;Trinidad und Tobago;Falkirk FC;Densill Theobald;23;250000.0;Linkes Mittelfeld;Startaufstellung
49318;Trinidad und Tobago;Coventry City;Stern John;29;1250000.0;Mittelstürmer;Startaufstellung
49318;Trinidad und Tobago;FC Southampton;Kenwyne Jones;21;800000.0;Mittelstürmer;Startaufstellung
49318;England;Manchester City;David James;35;3600000.0;Torwart;Reservebank
49318;England;FC Liverpool;Scott Carson;20;1750000.0;Torwart;Reservebank
49318;England;FC Arsenal;Sol Campbell;31;10000000.0;Innenverteidiger;Reservebank
49318;England;FC Chelsea;Wayne Bridge;25;7750000.0;Linker Verteidiger;Reservebank
49318;England;Manchester United;Gary Neville;31;7000000.0;Rechter Verteidiger;Reservebank
49318;England;FC Bayern München;Owen Hargreaves;25;8000000.0;Defensives Mittelfeld;Reservebank
49318;England;Tottenham Hotspur;Michael Carrick;24;8300000.000000001;Defensives Mittelfeld;Reservebank
49318;England;Tottenham Hotspur;Jermaine Jenas;23;12700000.0;Zentrales Mittelfeld;Reservebank
49318;England;FC Middlesbrough;Stewart Downing;21;7000000.0;Linkes Mittelfeld;Reservebank
49318;England;FC Arsenal;Theo Walcott;17;7500000.0;Rechtsaußen;Reservebank
49318;England;Tottenham Hotspur;Aaron Lennon;19;3500000.0;Rechtsaußen;Reservebank
49318;England;Manchester United;Wayne Rooney;20;36000000.0;Hängende Spitze;Reservebank
49318;Trinidad und Tobago;Dundee FC;Kelvin Jack;30;150000.0;Torwart;Reservebank
49318;Trinidad und Tobago;Coventry City;Clayton Ince;33;125000.0;Torwart;Reservebank
49318;Trinidad und Tobago;FC Gillingham;Ian Cox;35;150000.0;Innenverteidiger;Reservebank
49318;Trinidad und Tobago;Glasgow Rangers;Marvin Andrews;30;1500000.0;Innenverteidiger;Reservebank
49318;Trinidad und Tobago;W Connection;Atiba Charles;28;300000.0;Innenverteidiger;Reservebank
49318;Trinidad und Tobago;New England Revolution;Avery John;30;500000.0;Linker Verteidiger;Reservebank
49318;Trinidad und Tobago;Falkirk FC;Russell Latapy;37;125000.0;Offensives Mittelfeld;Reservebank
49318;Trinidad und Tobago;SV Waldhof Mannheim;Evans Wise;32;200000.0;Linksaußen;Reservebank
49318;Trinidad und Tobago;Dundee United FC;Collin Samuel;24;650000.0;Rechtsaußen;Reservebank
49318;Trinidad und Tobago;Los Angeles Galaxy;Cornell Glen;24;750000.0;Mittelstürmer;Reservebank
49318;Trinidad und Tobago;St. Johnstone FC;Jason Scotland;27;250000.0;Mittelstürmer;Reservebank
49318;Trinidad und Tobago;San Juan Jabloteh;Anthony Wolfe;22;500000.0;Mittelstürmer;Reservebank
