GameId;team;club;name;age;value;position;role
49319;Schweden;FC Stade Rennes;Andreas Isaksson;24;4000000.0;Torwart;Startaufstellung
49319;Schweden;BK Häcken;Teddy Lucic;33;2000000.0;Innenverteidiger;Startaufstellung
49319;Schweden;Aston Villa;Olof Mellberg;28;7250000.0;Innenverteidiger;Startaufstellung
49319;Schweden;FC Stade Rennes;Erik Edman;27;3000000.0;Linker Verteidiger;Startaufstellung
49319;Schweden;IFK Göteborg;Niclas Alexandersson;34;2000000.0;Rechter Verteidiger;Startaufstellung
49319;Schweden;FC Kopenhagen;Tobias Linderoth;27;2750000.0;Defensives Mittelfeld;Startaufstellung
49319;Schweden;RSC Anderlecht;Christian Wilhelmsson;26;7000000.0;Rechtes Mittelfeld;Startaufstellung
49319;Schweden;FC Arsenal;Freddie Ljungberg;29;14000000.0;Linkes Mittelfeld;Startaufstellung
49319;Schweden;FC Stade Rennes;Kim Källström;23;7500000.0;Offensives Mittelfeld;Startaufstellung
49319;Schweden;Juventus Turin;Zlatan Ibrahimovic;24;25000000.0;Mittelstürmer;Startaufstellung
49319;Schweden;FC Barcelona;Henrik Larsson;34;4500000.0;Mittelstürmer;Startaufstellung
49319;Paraguay;Club Libertad Asunción;Aldo Bobadilla;30;750000.0;Torwart;Startaufstellung
49319;Paraguay;SE Palmeiras São Paulo;Carlos Gamarra;35;2000000.0;Innenverteidiger;Startaufstellung
49319;Paraguay;Club Atlético River Plate;Julio Cáceres;26;1750000.0;Innenverteidiger;Startaufstellung
49319;Paraguay;CD Cruz Azul;Denis Caniza;31;750000.0;Linker Verteidiger;Startaufstellung
49319;Paraguay;Estudiantes de La Plata;Jorge Núñez;28;750000.0;Rechter Verteidiger;Startaufstellung
49319;Paraguay;Reggina Calcio;Carlos Paredes;29;1500000.0;Defensives Mittelfeld;Startaufstellung
49319;Paraguay;Deportivo La Coruna ;Roberto Acuña;34;1250000.0;Defensives Mittelfeld;Startaufstellung
49319;Paraguay;Club Libertad Asunción;Carlos Bonet;28;750000.0;Rechtes Mittelfeld;Startaufstellung
49319;Paraguay;Club Libertad Asunción;Cristian Riveros;23;750000.0;Linkes Mittelfeld;Startaufstellung
49319;Paraguay;FC Bayern München;Roque Santa Cruz;24;2500000.0;Hängende Spitze;Startaufstellung
49319;Paraguay;SV Werder Bremen;Nelson Valdez;22;5000000.0;Mittelstürmer;Startaufstellung
49319;Schweden;Fredrikstad FK;Rami Shaaban;30;500000.0;Torwart;Reservebank
49319;Schweden;Viborg FF;John Alvbage;23;500000.0;Torwart;Reservebank
49319;Schweden;IF Elfsborg Boras;Anders Svensson;29;2500000.0;Innenverteidiger;Reservebank
49319;Schweden;Bayer 04 Leverkusen;Fredrik Stenman;23;2000000.0;Innenverteidiger;Reservebank
49319;Schweden;SC Heerenveen;Petter Hansson;29;3250000.0;Innenverteidiger;Reservebank
49319;Schweden;IFK Göteborg;Karl Svensson;22;900000.0;Innenverteidiger;Reservebank
49319;Schweden;Malmö FF;Daniel Andersson;28;3500000.0;Innenverteidiger;Reservebank
49319;Schweden;Panathinaikos Athen;Mikael Nilsson;27;1800000.0;Rechter Verteidiger;Reservebank
49319;Schweden;Bröndby IF;Johan Elmander;25;3500000.0;Mittelstürmer;Reservebank
49319;Schweden;Djurgardens IF;Mattias Jonson;32;1000000.0;Mittelstürmer;Reservebank
49319;Schweden;FC Kopenhagen;Marcus Allbäck;32;1750000.0;Mittelstürmer;Reservebank
49319;Schweden;Ajax Amsterdam;Markus Rosenberg;23;4500000.0;Mittelstürmer;Reservebank
49319;Paraguay;Sportivo Luqueño;Derlis Gómez;33;750000.0;Torwart;Reservebank
49319;Paraguay;Deportivo Toluca;Paulo da Silva;26;750000.0;Innenverteidiger;Reservebank
49319;Paraguay;FC Santos;Julio Manzur;24;750000.0;Innenverteidiger;Reservebank
49319;Paraguay;Real Saragossa ;Delio Toledo;29;900000.0;Linker Verteidiger;Reservebank
49319;Paraguay;NEC Nijmegen;Édgar Barreto;21;2250000.0;Zentrales Mittelfeld;Reservebank
49319;Paraguay;Club Atlético Newell's Old Boys;Diego Gavilán;26;1500000.0;Zentrales Mittelfeld;Reservebank
49319;Paraguay;FC Bayern München;Julio dos Santos;23;2500000.0;Zentrales Mittelfeld;Reservebank
49319;Paraguay;Olimpia Asunción;José Montiel;18;750000.0;Offensives Mittelfeld;Reservebank
49319;Paraguay;CF Pachuca;Nelson Cuevas;26;1500000.0;Rechtsaußen;Reservebank
49319;Paraguay;Jaguares de Chiapas;Salvador Cabañas;25;750000.0;Mittelstürmer;Reservebank
49319;Paraguay;FC Genua 1893;Dante López;22;750000.0;Mittelstürmer;Reservebank
