GameId;team;club;name;age;value;position;role
49327;Portugal;Sporting Lissabon;Ricardo;30;4000000.0;Torwart;Startaufstellung
49327;Portugal;VfB Stuttgart;Fernando Meira;28;9000000.0;Innenverteidiger;Startaufstellung
49327;Portugal;FC Chelsea;Ricardo Carvalho;28;17500000.0;Innenverteidiger;Startaufstellung
49327;Portugal;FC Everton;Nuno Valente;31;3750000.0;Linker Verteidiger;Startaufstellung
49327;Portugal;FC Valencia;Miguel;26;10000000.0;Rechter Verteidiger;Startaufstellung
49327;Portugal;Dinamo Moskau;Costinha;31;15000000.0;Defensives Mittelfeld;Startaufstellung
49327;Portugal;FC Chelsea;Maniche;28;13000000.0;Zentrales Mittelfeld;Startaufstellung
49327;Portugal;FC Barcelona;Deco;28;24250000.0;Offensives Mittelfeld;Startaufstellung
49327;Portugal;Manchester United;Cristiano Ronaldo;21;25000000.0;Linksaußen;Startaufstellung
49327;Portugal;FC Internazionale;Luís Figo;33;13000000.0;Rechtsaußen;Startaufstellung
49327;Portugal;FC Paris Saint-Germain;Pauleta;33;11500000.0;Mittelstürmer;Startaufstellung
49327;Iran;Foolad FC;Ebrahim Mirzapour;27;750000.0;Torwart;Startaufstellung
49327;Iran;Saba Battery Qom;Yahya Golmohammadi;35;600000.0;Innenverteidiger;Startaufstellung
49327;Iran;FC Messina Peloro;Rahman Rezaei;31;1000000.0;Innenverteidiger;Startaufstellung
49327;Iran;Pas Teheran;Mohammad Nosrati;25;500000.0;Linker Verteidiger;Startaufstellung
49327;Iran;Foolad FC;Hossein Kaebi;20;1000000.0;Rechter Verteidiger;Startaufstellung
49327;Iran;Sharjah Cultural Sports Club;Javad Nekounam;25;1750000.0;Defensives Mittelfeld;Startaufstellung
49327;Iran;FC Aboomoslem;Andranik Teymourian;23;400000.0;Defensives Mittelfeld;Startaufstellung
49327;Iran;Hamburger SV;Mehdi Mahdavikia;28;6500000.0;Rechtes Mittelfeld;Startaufstellung
49327;Iran;FC Bayern München;Ali Karimi;27;4000000.0;Offensives Mittelfeld;Startaufstellung
49327;Iran;Persepolis FC;Mehrzad Madanchi;21;500000.0;Linksaußen;Startaufstellung
49327;Iran;Hannover 96;Vahid Hashemian;29;2000000.0;Mittelstürmer;Startaufstellung
49327;Portugal;SC Braga;Paulo Santos;33;1000000.0;Torwart;Reservebank
49327;Portugal;Benfica Lissabon;Quim;30;1250000.0;Torwart;Reservebank
49327;Portugal;Sporting Lissabon;Marco Caneira;27;2100000.0;Innenverteidiger;Reservebank
49327;Portugal;FC Porto;Ricardo Costa;25;3750000.0;Innenverteidiger;Reservebank
49327;Portugal;FC Chelsea;Paulo Ferreira;27;13000000.0;Rechter Verteidiger;Reservebank
49327;Portugal;Benfica Lissabon;Petit;29;7000000.0;Defensives Mittelfeld;Reservebank
49327;Portugal;FC Valencia;Hugo Viana;23;7500000.0;Zentrales Mittelfeld;Reservebank
49327;Portugal;Olympique Lyon;Tiago;25;12000000.0;Zentrales Mittelfeld;Reservebank
49327;Portugal;FC Fulham;Luís Boa Morte;28;3500000.0;Linkes Mittelfeld;Reservebank
49327;Portugal;Benfica Lissabon;Simão Sabrosa;26;15000000.0;Linksaußen;Reservebank
49327;Portugal;Benfica Lissabon;Nuno Gomes;29;8500000.0;Mittelstürmer;Reservebank
49327;Portugal;AS Saint-Étienne;Hélder Postiga;23;4500000.0;Mittelstürmer;Reservebank
49327;Iran;Pas Teheran;Hassan Roudbarian;27;300000.0;Torwart;Reservebank
49327;Iran;Esteghlal FC;Vahid Talebloo;24;400000.0;Torwart;Reservebank
49327;Iran;Esteghlal FC;Amir Hossein Sadeghi;24;400000.0;Innenverteidiger;Reservebank
49327;Iran;Saba Battery Qom;Sohrab Bakhtiarizadeh;31;600000.0;Innenverteidiger;Reservebank
49327;Iran;1.FC Kaiserslautern;Ferydoon Zandi;27;1000000.0;Offensives Mittelfeld;Reservebank
49327;Iran;Sepahan FC;Moharram Navidkia;23;750000.0;Offensives Mittelfeld;Reservebank
49327;Iran;Saipa FC;Masoud Shojaei;22;400000.0;Offensives Mittelfeld;Reservebank
49327;Iran;Persepolis FC;Javad Kazemian;25;600000.0;Rechtsaußen;Reservebank
49327;Iran;Esteghlal FC;Gholamreza Enayati;29;1000000.0;Mittelstürmer;Reservebank
49327;Iran;Pas Teheran;Arash Borhani;22;400000.0;Mittelstürmer;Reservebank
49327;Iran;Saba Battery Qom;Ali Daei;37;1000000.0;Mittelstürmer;Reservebank
49327;Iran;Sepahan FC;Rasoul Khatibi;27;800000.0;Mittelstürmer;Reservebank
