GameId;team;club;name;age;value;position;role
49321;Tschechien;FC Chelsea;Petr Cech;24;23000000.0;Torwart;Startaufstellung
49321;Tschechien;AC Florenz;Tomás Ujfalusi;28;8000000.0;Innenverteidiger;Startaufstellung
49321;Tschechien;FC Paris Saint-Germain;David Rozehnal;25;4000000.0;Innenverteidiger;Startaufstellung
49321;Tschechien;AC Mailand;Marek Jankulovski;29;10000000.0;Linker Verteidiger;Startaufstellung
49321;Tschechien;Ajax Amsterdam;Zdenek Grygera;26;3500000.0;Rechter Verteidiger;Startaufstellung
49321;Tschechien;Ajax Amsterdam;Tomás Galásek;33;2500000.0;Defensives Mittelfeld;Startaufstellung
49321;Tschechien;SK Dynamo Ceske Budejovice;Karel Poborsky;34;3000000.0;Rechtes Mittelfeld;Startaufstellung
49321;Tschechien;AS Monaco;Jaroslav Plasil;24;3000000.0;Linkes Mittelfeld;Startaufstellung
49321;Tschechien;Juventus Turin;Pavel Nedved;33;15000000.0;Offensives Mittelfeld;Startaufstellung
49321;Tschechien;Borussia Dortmund;Tomás Rosicky;25;11000000.0;Offensives Mittelfeld;Startaufstellung
49321;Tschechien;Red Bull Salzburg;Vratislav Lokvenc;32;2150000.0;Mittelstürmer;Startaufstellung
49321;Ghana;Ankaraspor;Richard Kingson;28;1000000.0;Torwart;Startaufstellung
49321;Ghana;FC Stade Rennes;John Mensah;23;2000000.0;Innenverteidiger;Startaufstellung
49321;Ghana;Asante Kotoko Kumasi;Illiasu Shilla;23;250000.0;Innenverteidiger;Startaufstellung
49321;Ghana;King Faisal Babies FC Kumasi;Habib Mohamed;22;250000.0;Linker Verteidiger;Startaufstellung
49321;Ghana;Hapoel Tel Aviv;John Paintsil;25;750000.0;Rechter Verteidiger;Startaufstellung
49321;Ghana;FC Chelsea;Michael Essien;23;28000000.0;Zentrales Mittelfeld;Startaufstellung
49321;Ghana;Fenerbahce Istanbul;Stephen Appiah;25;7250000.0;Zentrales Mittelfeld;Startaufstellung
49321;Ghana;1.FSV Mainz 05;Otto Addo;31;1200000.0;Rechtes Mittelfeld;Startaufstellung
49321;Ghana;Udinese Calcio;Sulley Muntari;21;5500000.0;Linkes Mittelfeld;Startaufstellung
49321;Ghana;Modena FC 1912;Asamoah Gyan;20;400000.0;Mittelstürmer;Startaufstellung
49321;Ghana;Borussia Dortmund;Matthew Amoah;25;2000000.0;Mittelstürmer;Startaufstellung
49321;Tschechien;AC Sparta Prag;Jaromír Blazek;33;800000.0;Torwart;Reservebank
49321;Tschechien;Saturn Ramenskoe;Antonín Kinský;31;600000.0;Torwart;Reservebank
49321;Tschechien;Spartak Moskau;Radoslav Kovac;26;4000000.0;Innenverteidiger;Reservebank
49321;Tschechien;Spartak Moskau;Martin Jiranek;27;3200000.0;Innenverteidiger;Reservebank
49321;Tschechien;Zenit St. Petersburg;Pavel Mares;30;2000000.0;Linker Verteidiger;Reservebank
49321;Tschechien;Hamburger SV;David Jarolím;27;6500000.0;Defensives Mittelfeld;Reservebank
49321;Tschechien;1.FC Nürnberg;Jan Polak;25;4500000.0;Defensives Mittelfeld;Reservebank
49321;Tschechien;FK Austria Wien;Libor Sionko;29;2250000.0;Rechtsaußen;Reservebank
49321;Tschechien;Hannover 96;Jiri Stajner;30;3800000.0;Hängende Spitze;Reservebank
49321;Tschechien;Galatasaray Istanbul;Marek Heinz;28;2000000.0;Mittelstürmer;Reservebank
49321;Tschechien;Aston Villa;Milan Baros;24;9000000.0;Mittelstürmer;Reservebank
49321;Ghana;Ashanti Gold SC;George Owu;23;450000.0;Torwart;Reservebank
49321;Ghana;FC Ashdod;Sammy Adjei;25;850000.0;Torwart;Reservebank
49321;Ghana;Hearts of Oak;Daniel Quaye;25;250000.0;Abwehr;Reservebank
49321;Ghana;AS Rom;Samuel Kuffour;29;2500000.0;Innenverteidiger;Reservebank
49321;Ghana;PSV Eindhoven;Eric Addo;27;750000.0;Innenverteidiger;Reservebank
49321;Ghana;Randers FC;Issah Ahmed;24;250000.0;Innenverteidiger;Reservebank
49321;Ghana;VfL Wolfsburg;Hans Sarpei;29;1000000.0;Linker Verteidiger;Reservebank
49321;Ghana;Hapoel Kfar Saba;Emmanuel Pappoe;25;500000.0;Defensives Mittelfeld;Reservebank
49321;Ghana;AIK Solna;Derek Boateng;23;400000.0;Defensives Mittelfeld;Reservebank
49321;Ghana;FC Kopenhagen;Razak Pimpong;23;800000.0;Rechtes Mittelfeld;Reservebank
49321;Ghana;Roter Stern Belgrad;Draman Haminu;20;350000.0;Linksaußen;Reservebank
49321;Ghana;FC St. Gallen 1879;Alex Tachie-Mensah;29;1000000.0;Mittelstürmer;Reservebank
