GameId;team;club;name;age;value;position;role
49329;Togo;FC Metz;Kossi Agassa;27;400000.0;Torwart;Startaufstellung
49329;Togo;Benevento Calcio;Massamasso Tchangai;27;50000.0;Innenverteidiger;Startaufstellung
49329;Togo;RAEC Mons;Daré Nibombé;26;350000.0;Innenverteidiger;Startaufstellung
49329;Togo;Le Poiré-sur-Vie VF;Richmond Forson;26;50000.0;Linker Verteidiger;Startaufstellung
49329;Togo;;Assimiou Touré;18;150000.0;Rechter Verteidiger;Startaufstellung
49329;Togo;KSK Beveren;Kuami Agboh;28;300000.0;Defensives Mittelfeld;Startaufstellung
49329;Togo;CS Louhans-Cuiseaux 71;Alaixys Romao;22;50000.0;Offensives Mittelfeld;Startaufstellung
49329;Togo;FC Metz;Cheriffe Maman-Touré;28;650000.0;Linksaußen;Startaufstellung
49329;Togo;Valenciennes FC ;Thomas Dossevi;27;300000.0;Rechtsaußen;Startaufstellung
49329;Togo;FC Arsenal;Emmanuel Adebayor;22;10000000.0;Mittelstürmer;Startaufstellung
49329;Togo;EA Guingamp;Mohamed Kader;27;1250000.0;Mittelstürmer;Startaufstellung
49329;Schweiz;FC Basel 1893;Pascal Zuberbühler;35;800000.0;Torwart;Startaufstellung
49329;Schweiz;Olympique Lyon;Patrick Müller;29;4000000.0;Innenverteidiger;Startaufstellung
49329;Schweiz;FC Arsenal;Philippe Senderos;21;6000000.0;Innenverteidiger;Startaufstellung
49329;Schweiz;VfB Stuttgart;Ludovic Magnin;27;2600000.0;Linker Verteidiger;Startaufstellung
49329;Schweiz;Borussia Dortmund;Philipp Degen;23;3500000.0;Rechter Verteidiger;Startaufstellung
49329;Schweiz;AC Mailand;Johann Vogel;29;4500000.0;Defensives Mittelfeld;Startaufstellung
49329;Schweiz;1.FC Köln;Ricardo Cabanas;27;2500000.0;Zentrales Mittelfeld;Startaufstellung
49329;Schweiz;Hamburger SV;Raphael Wicky;29;3500000.0;Linkes Mittelfeld;Startaufstellung
49329;Schweiz;Bayer 04 Leverkusen;Tranquillo Barnetta;21;5500000.0;Rechtsaußen;Startaufstellung
49329;Schweiz;LOSC Lille;Daniel Gygax;24;2000000.0;Hängende Spitze;Startaufstellung
49329;Schweiz;FC Stade Rennes;Alex Frei;26;10000000.0;Mittelstürmer;Startaufstellung
49329;Togo;Djoliba AC Bamako;Ouro-Nimini Tchagnirou;28;200000.0;Torwart;Reservebank
49329;Togo;AC Merlan Lome;Kodjovi Dodji Obilale;21;250000.0;Torwart;Reservebank
49329;Togo;APOEL Nikosia;Jean-Paul Abalo;30;50000.0;Innenverteidiger;Reservebank
49329;Togo;Vereinslos;Éric Akoto;25;500000.0;Innenverteidiger;Reservebank
49329;Togo;Al-Hilal Riad;Franck Atsou;27;50000.0;Innenverteidiger;Reservebank
49329;Togo;Ciudad Murcia;Ludovic Assemoassa;25;50000.0;Linker Verteidiger;Reservebank
49329;Togo;AS Moulins;Affo Erassa;23;75000.0;Mittelfeld;Reservebank
49329;Togo;BSC Young Boys;Yao Aziawonou;26;800000.0;Defensives Mittelfeld;Reservebank
49329;Togo;Stade Brest 29;Moustapha Salifou;23;300000.0;Zentrales Mittelfeld;Reservebank
49329;Togo;Al Emirates;Adékambi Olufadé;26;750000.0;Rechtsaußen;Reservebank
49329;Togo;Stade Brest 29;Robert Malm;32;300000.0;Mittelstürmer;Reservebank
49329;Togo;SC YF Juventus Zürich;Yao Junior Sènaya;22;200000.0;Rechtsaußen;Reservebank
49329;Schweiz;CD Nacional;Diego Benaglio;22;1000000.0;Torwart;Reservebank
49329;Schweiz;Grasshopper Club Zürich;Fabio Coltorti;25;2000000.0;Torwart;Reservebank
49329;Schweiz;AJ Auxerre;Stéphane Grichting;27;2000000.0;Innenverteidiger;Reservebank
49329;Schweiz;FC Arsenal;Johan Djourou;19;600000.0;Innenverteidiger;Reservebank
49329;Schweiz;Eintracht Frankfurt;Christoph Spycher;28;2500000.0;Defensives Mittelfeld;Reservebank
49329;Schweiz;Lazio Rom;Valon Behrami;21;6000000.0;Defensives Mittelfeld;Reservebank
49329;Schweiz;FC Zürich;Blerim Dzemaili;20;1600000.0;Zentrales Mittelfeld;Reservebank
49329;Schweiz;FC Basel 1893;David Degen;23;1800000.0;Rechtes Mittelfeld;Reservebank
49329;Schweiz;FC Zürich;Xavier Margairaz;22;1700000.0;Offensives Mittelfeld;Reservebank
49329;Schweiz;BSC Young Boys;Hakan Yakin;29;2000000.0;Hängende Spitze;Reservebank
49329;Schweiz;1.FC Köln;Marco Streller;25;2500000.0;Mittelstürmer;Reservebank
49329;Schweiz;AC Sparta Prag;Mauro Lustrinelli;30;1500000.0;Mittelstürmer;Reservebank
