GameId;team;club;name;age;value;position;role
49320;Italien;Juventus Turin;Gianluigi Buffon;28;30000000.0;Torwart;Startaufstellung
49320;Italien;Juventus Turin;Fabio Cannavaro;32;14000000.0;Innenverteidiger;Startaufstellung
49320;Italien;AC Mailand;Alessandro Nesta;30;29000000.0;Innenverteidiger;Startaufstellung
49320;Italien;Juventus Turin;Gianluca Zambrotta;29;26000000.0;Linker Verteidiger;Startaufstellung
49320;Italien;US Palermo;Cristian Zaccardo;24;8000000.0;Rechter Verteidiger;Startaufstellung
49320;Italien;AC Mailand;Andrea Pirlo;27;25000000.0;Defensives Mittelfeld;Startaufstellung
49320;Italien;AS Rom;Daniele De Rossi;22;18000000.0;Zentrales Mittelfeld;Startaufstellung
49320;Italien;AS Rom;Simone Perrotta;28;13500000.0;Zentrales Mittelfeld;Startaufstellung
49320;Italien;AS Rom;Francesco Totti;29;37000000.0;Offensives Mittelfeld;Startaufstellung
49320;Italien;AC Florenz;Luca Toni;29;27000000.0;Mittelstürmer;Startaufstellung
49320;Italien;AC Mailand;Alberto Gilardino;23;27000000.0;Mittelstürmer;Startaufstellung
49320;Vereinigte Staaten;Borussia Mönchengladbach;Kasey Keller;36;3000000.0;Torwart;Startaufstellung
49320;Vereinigte Staaten;Standard Lüttich;Oguchi Onyewu;24;5000000.0;Innenverteidiger;Startaufstellung
49320;Vereinigte Staaten;Real Salt Lake City;Eddie Pope;32;500000.0;Innenverteidiger;Startaufstellung
49320;Vereinigte Staaten;FC Fulham;Carlos Bocanegra;27;2500000.0;Linker Verteidiger;Startaufstellung
49320;Vereinigte Staaten;Hannover 96;Steven Cherundolo;27;3000000.0;Rechter Verteidiger;Startaufstellung
49320;Vereinigte Staaten;Colorado Rapids;Pablo Mastroeni;29;900000.0;Defensives Mittelfeld;Startaufstellung
49320;Vereinigte Staaten;Manchester City;Claudio Reyna;32;3600000.0;Zentrales Mittelfeld;Startaufstellung
49320;Vereinigte Staaten;New England Revolution;Clint Dempsey;23;1000000.0;Rechtes Mittelfeld;Startaufstellung
49320;Vereinigte Staaten;FC Reading;Bobby Convey;23;1600000.0;Linkes Mittelfeld;Startaufstellung
49320;Vereinigte Staaten;Los Angeles Galaxy;Landon Donovan;24;2500000.0;Hängende Spitze;Startaufstellung
49320;Vereinigte Staaten;FC Fulham;Brian McBride;33;1500000.0;Mittelstürmer;Startaufstellung
49320;Italien;Lazio Rom;Angelo Peruzzi;36;3000000.0;Torwart;Reservebank
49320;Italien;AS Livorno;Marco Amelia;24;11000000.0;Torwart;Reservebank
49320;Italien;FC Internazionale;Marco Materazzi;32;5000000.0;Innenverteidiger;Reservebank
49320;Italien;US Palermo;Andrea Barzagli;25;10000000.0;Innenverteidiger;Reservebank
49320;Italien;US Palermo;Fabio Grosso;28;7000000.0;Linker Verteidiger;Reservebank
49320;Italien;Lazio Rom;Massimo Oddo;30;10000000.0;Rechter Verteidiger;Reservebank
49320;Italien;AC Mailand;Gennaro Gattuso;28;17000000.0;Zentrales Mittelfeld;Reservebank
49320;Italien;US Palermo;Simone Barone;28;6000000.0;Zentrales Mittelfeld;Reservebank
49320;Italien;Juventus Turin;Mauro Germán Camoranesi;29;18000000.0;Rechtes Mittelfeld;Reservebank
49320;Italien;Juventus Turin;Alessandro Del Piero;31;16000000.0;Hängende Spitze;Reservebank
49320;Italien;Udinese Calcio;Vincenzo Iaquinta;26;11000000.0;Mittelstürmer;Reservebank
49320;Italien;AC Mailand;Filippo Inzaghi;32;9000000.0;Mittelstürmer;Reservebank
49320;Vereinigte Staaten;Manchester United;Tim Howard;27;2400000.0;Torwart;Reservebank
49320;Vereinigte Staaten;FC Reading;Marcus Hahnemann;34;700000.0;Torwart;Reservebank
49320;Vereinigte Staaten;FC Energie Cottbus;Gregg Berhalter;32;600000.0;Innenverteidiger;Reservebank
49320;Vereinigte Staaten;Kansas City Wizards;Jimmy Conrad;29;500000.0;Innenverteidiger;Reservebank
49320;Vereinigte Staaten;PSV Eindhoven;DaMarcus Beasley;24;3500000.0;Linker Verteidiger;Reservebank
49320;Vereinigte Staaten;Los Angeles Galaxy;Chris Albright;27;500000.0;Rechter Verteidiger;Reservebank
49320;Vereinigte Staaten;CD Chivas USA;John O'Brien;28;2000000.0;Defensives Mittelfeld;Reservebank
49320;Vereinigte Staaten;D.C. United;Ben Olsen;29;1000000.0;Rechtes Mittelfeld;Reservebank
49320;Vereinigte Staaten;Leeds United;Eddie Lewis;32;1250000.0;Linkes Mittelfeld;Reservebank
49320;Vereinigte Staaten;Kansas City Wizards;Josh Wolff;29;1500000.0;Rechtsaußen;Reservebank
49320;Vereinigte Staaten;Kansas City Wizards;Eddie Johnson;22;1000000.0;Mittelstürmer;Reservebank
49320;Vereinigte Staaten;Houston Dynamo;Brian Ching;28;500000.0;Mittelstürmer;Reservebank
