GameId;team;club;name;age;value;position;role
49328;Frankreich;Olympique Marseille;Fabien Barthez;34;3000000.0;Torwart;Startaufstellung
49328;Frankreich;FC Chelsea;William Gallas;28;14700000.0;Innenverteidiger;Startaufstellung
49328;Frankreich;Juventus Turin;Lilian Thuram;34;5000000.0;Innenverteidiger;Startaufstellung
49328;Frankreich;Olympique Lyon;Éric Abidal;26;8500000.0;Linker Verteidiger;Startaufstellung
49328;Frankreich;FC Bayern München;Willy Sagnol;29;13500000.0;Rechter Verteidiger;Startaufstellung
49328;Frankreich;Juventus Turin;Patrick Vieira;29;28000000.0;Defensives Mittelfeld;Startaufstellung
49328;Frankreich;FC Chelsea;Claude Makélélé;33;9000000.0;Defensives Mittelfeld;Startaufstellung
49328;Frankreich;Real Madrid;Zinédine Zidane;33;12500000.0;Offensives Mittelfeld;Startaufstellung
49328;Frankreich;Olympique Lyon;Sylvain Wiltord;32;7000000.0;Linksaußen;Startaufstellung
49328;Frankreich;Olympique Lyon;Florent Malouda;26;10000000.0;Rechtsaußen;Startaufstellung
49328;Frankreich;FC Arsenal;Thierry Henry;28;50000000.0;Mittelstürmer;Startaufstellung
49328;Südkorea;Suwon Samsung Bluewings FC;Woon-Jae Lee;33;750000.0;Torwart;Startaufstellung
49328;Südkorea;Seongnam FC;Young-Chul Kim;29;500000.0;Innenverteidiger;Startaufstellung
49328;Südkorea;Jeonbuk Hyundai Motors FC;Jin-Cheul Choi;35;400000.0;Innenverteidiger;Startaufstellung
49328;Südkorea;FC Seoul;Dong-Jin Kim;24;1000000.0;Linker Verteidiger;Startaufstellung
49328;Südkorea;Tottenham Hotspur;Young-Pyo Lee;29;4300000.0;Rechter Verteidiger;Startaufstellung
49328;Südkorea;Suwon Samsung Bluewings FC;Nam-Il Kim;29;1500000.0;Defensives Mittelfeld;Startaufstellung
49328;Südkorea;Ulsan Hyundai;Ho Lee;21;350000.0;Defensives Mittelfeld;Startaufstellung
49328;Südkorea;Trabzonspor;Eul-Yong Lee;30;1300000.0;Defensives Mittelfeld;Startaufstellung
49328;Südkorea;Manchester United;Ji-Sung Park;25;10000000.0;Offensives Mittelfeld;Startaufstellung
49328;Südkorea;Ulsan Hyundai;Chun-Soo Lee;24;2000000.0;Hängende Spitze;Startaufstellung
49328;Südkorea;Shimizu S-Pulse;Jae-Jin Cho;24;750000.0;Mittelstürmer;Startaufstellung
49328;Frankreich;FC Nantes;Mickaël Landreau;27;6500000.0;Torwart;Reservebank
49328;Frankreich;Olympique Lyon;Grégory Coupet;33;8000000.0;Torwart;Reservebank
49328;Frankreich;Manchester United;Mikaël Silvestre;28;6750000.0;Innenverteidiger;Reservebank
49328;Frankreich;AS Monaco;Gaël Givet;24;7500000.0;Innenverteidiger;Reservebank
49328;Frankreich;Newcastle United;Jean-Alain Boumsong;26;7500000.0;Innenverteidiger;Reservebank
49328;Frankreich;Wigan Athletic;Pascal Chimbonda;27;4000000.0;Rechter Verteidiger;Reservebank
49328;Frankreich;RC Lens;Alou Diarra;24;5000000.0;Defensives Mittelfeld;Reservebank
49328;Frankreich;FC Paris Saint-Germain;Vikash Dhorasoo;32;4000000.0;Zentrales Mittelfeld;Reservebank
49328;Frankreich;Olympique Marseille;Franck Ribéry;23;11000000.0;Linksaußen;Reservebank
49328;Frankreich;Olympique Lyon;Sidney Govou;26;10000000.0;Rechtsaußen;Reservebank
49328;Frankreich;Manchester United;Louis Saha;27;12000000.0;Mittelstürmer;Reservebank
49328;Frankreich;Juventus Turin;David Trézéguet;28;30000000.0;Mittelstürmer;Reservebank
49328;Südkorea;;Yong-dae Kim;26;400000.0;Torwart;Reservebank
49328;Südkorea;Jeonnam Dragons FC;Yeong-kwan Kim;22;300000.0;Torwart;Reservebank
49328;Südkorea;Júbilo Iwata;Jin-kyu Kim;21;850000.0;Innenverteidiger;Reservebank
49328;Südkorea;Seongnam FC;Sang-Sik Kim;29;800000.0;Defensives Mittelfeld;Reservebank
49328;Südkorea;Suwon Samsung Bluewings FC;Chong-Gug Song;27;2200000.0;Rechter Verteidiger;Reservebank
49328;Südkorea;Suwon Samsung Bluewings FC;Won-heui Jo;23;500000.0;Defensives Mittelfeld;Reservebank
49328;Südkorea;FC Seoul;Ji-hun Baek;21;600000.0;Zentrales Mittelfeld;Reservebank
49328;Südkorea;Seongnam FC;Du-hyeon Kim;23;900000.0;Zentrales Mittelfeld;Reservebank
49328;Südkorea;;Kyung-Ho Chung;26;1200000.0;Linksaußen;Reservebank
49328;Südkorea;Wolverhampton Wanderers;Ki-Hyeon Seol;27;2250000.0;Rechtsaußen;Reservebank
49328;Südkorea;MSV Duisburg;Jung-Hwan Ahn;30;1500000.0;Hängende Spitze;Reservebank
49328;Südkorea;FC Seoul;Ju-yeong Park;20;1000000.0;Mittelstürmer;Reservebank
