GameId;team;club;name;age;value;position;role
49336;Paraguay;Club Libertad Asunción;Aldo Bobadilla;30;750000.0;Torwart;Startaufstellung
49336;Paraguay;SE Palmeiras São Paulo;Carlos Gamarra;35;2000000.0;Innenverteidiger;Startaufstellung
49336;Paraguay;Club Atlético River Plate;Julio Cáceres;26;1750000.0;Innenverteidiger;Startaufstellung
49336;Paraguay;Estudiantes de La Plata;Jorge Núñez;28;750000.0;Linker Verteidiger;Startaufstellung
49336;Paraguay;CD Cruz Azul;Denis Caniza;31;750000.0;Rechter Verteidiger;Startaufstellung
49336;Paraguay;Deportivo La Coruna ;Roberto Acuña;34;1250000.0;Defensives Mittelfeld;Startaufstellung
49336;Paraguay;FC Bayern München;Julio dos Santos;23;2500000.0;Rechtes Mittelfeld;Startaufstellung
49336;Paraguay;NEC Nijmegen;Édgar Barreto;21;2500000.0;Linkes Mittelfeld;Startaufstellung
49336;Paraguay;Reggina Calcio;Carlos Paredes;29;1500000.0;Offensives Mittelfeld;Startaufstellung
49336;Paraguay;FC Bayern München;Roque Santa Cruz;24;2500000.0;Mittelstürmer;Startaufstellung
49336;Paraguay;SV Werder Bremen;Nelson Valdez;22;5000000.0;Mittelstürmer;Startaufstellung
49336;Trinidad und Tobago;Dundee FC;Kelvin Jack;30;150000.0;Torwart;Startaufstellung
49336;Trinidad und Tobago;FC Gillingham;Brent Sancho;29;450000.0;Innenverteidiger;Startaufstellung
49336;Trinidad und Tobago;Wrexham AFC;Dennis Lawrence;31;400000.0;Innenverteidiger;Startaufstellung
49336;Trinidad und Tobago;New England Revolution;Avery John;31;500000.0;Linker Verteidiger;Startaufstellung
49336;Trinidad und Tobago;Luton Town;Carlos Edwards;27;350000.0;Rechter Verteidiger;Startaufstellung
49336;Trinidad und Tobago;San Juan Jabloteh;Aurtis Whitley;29;300000.0;Zentrales Mittelfeld;Startaufstellung
49336;Trinidad und Tobago;Sydney FC;Dwight Yorke;34;1500000.0;Zentrales Mittelfeld;Startaufstellung
49336;Trinidad und Tobago;FC Port Vale;Chris Birchall;22;200000.0;Rechtes Mittelfeld;Startaufstellung
49336;Trinidad und Tobago;Falkirk FC;Densill Theobald;23;250000.0;Linkes Mittelfeld;Startaufstellung
49336;Trinidad und Tobago;Los Angeles Galaxy;Cornell Glen;24;750000.0;Mittelstürmer;Startaufstellung
49336;Trinidad und Tobago;Coventry City;Stern John;29;1250000.0;Mittelstürmer;Startaufstellung
49336;Paraguay;Sportivo Luqueño;Derlis Gómez;33;750000.0;Torwart;Reservebank
49336;Paraguay;Club Atlético Newell's Old Boys;Justo Villar;28;750000.0;Torwart;Reservebank
49336;Paraguay;Deportivo Toluca;Paulo da Silva;26;750000.0;Innenverteidiger;Reservebank
49336;Paraguay;FC Santos;Julio Manzur;24;750000.0;Innenverteidiger;Reservebank
49336;Paraguay;Real Saragossa ;Delio Toledo;29;900000.0;Linker Verteidiger;Reservebank
49336;Paraguay;Club Libertad Asunción;Carlos Bonet;28;750000.0;Rechter Verteidiger;Reservebank
49336;Paraguay;Club Libertad Asunción;Cristian Riveros;23;750000.0;Defensives Mittelfeld;Reservebank
49336;Paraguay;Club Atlético Newell's Old Boys;Diego Gavilán;26;1500000.0;Zentrales Mittelfeld;Reservebank
49336;Paraguay;Olimpia Asunción;José Montiel;18;750000.0;Offensives Mittelfeld;Reservebank
49336;Paraguay;CF Pachuca;Nelson Cuevas;26;1500000.0;Rechtsaußen;Reservebank
49336;Paraguay;Jaguares de Chiapas;Salvador Cabañas;25;750000.0;Mittelstürmer;Reservebank
49336;Paraguay;FC Genua 1893;Dante López;22;750000.0;Mittelstürmer;Reservebank
49336;Trinidad und Tobago;Coventry City;Clayton Ince;33;125000.0;Torwart;Reservebank
49336;Trinidad und Tobago;West Ham United;Shaka Hislop;37;950000.0;Torwart;Reservebank
49336;Trinidad und Tobago;FC Gillingham;Ian Cox;35;150000.0;Innenverteidiger;Reservebank
49336;Trinidad und Tobago;Glasgow Rangers;Marvin Andrews;30;1500000.0;Innenverteidiger;Reservebank
49336;Trinidad und Tobago;W Connection;Atiba Charles;28;300000.0;Innenverteidiger;Reservebank
49336;Trinidad und Tobago;San Juan Jabloteh;Cyd Gray;29;400000.0;Rechter Verteidiger;Reservebank
49336;Trinidad und Tobago;Falkirk FC;Russell Latapy;37;125000.0;Offensives Mittelfeld;Reservebank
49336;Trinidad und Tobago;SV Waldhof Mannheim;Evans Wise;32;200000.0;Linksaußen;Reservebank
49336;Trinidad und Tobago;Dundee United FC;Collin Samuel;24;650000.0;Rechtsaußen;Reservebank
49336;Trinidad und Tobago;St. Johnstone FC;Jason Scotland;27;250000.0;Mittelstürmer;Reservebank
49336;Trinidad und Tobago;FC Southampton;Kenwyne Jones;21;800000.0;Mittelstürmer;Reservebank
49336;Trinidad und Tobago;San Juan Jabloteh;Anthony Wolfe;22;500000.0;Mittelstürmer;Reservebank
