GameId;team;club;name;age;value;position;role
49333;Costa Rica;Deportivo Saprissa;Francisco Porras;35;300000.0;Torwart;Startaufstellung
49333;Costa Rica;LD Alajuelense;Luis Marín;31;400000.0;Innenverteidiger;Startaufstellung
49333;Costa Rica;Brujas FC;Michael Umaña;23;300000.0;Innenverteidiger;Startaufstellung
49333;Costa Rica;Deportivo Saprissa;Gabriel Badilla †;21;400000.0;Innenverteidiger;Startaufstellung
49333;Costa Rica;CSD Comunicaciones;Mauricio Solís;33;300000.0;Defensives Mittelfeld;Startaufstellung
49333;Costa Rica;Deportivo Saprissa;Christian Bolaños;22;700000.0;Defensives Mittelfeld;Startaufstellung
49333;Costa Rica;Deportivo Saprissa;Jervis Drummond;29;700000.0;Rechtes Mittelfeld;Startaufstellung
49333;Costa Rica;;Leonardo González;25;400000.0;Linkes Mittelfeld;Startaufstellung
49333;Costa Rica;Deportivo Saprissa;Wálter Centeno;31;2000000.0;Offensives Mittelfeld;Startaufstellung
49333;Costa Rica;Deportivo Saprissa;Rónald Gómez;31;1000000.0;Mittelstürmer;Startaufstellung
49333;Costa Rica;CS Herediano;Paulo Wanchope;29;1750000.0;Mittelstürmer;Startaufstellung
49333;Polen;Celtic Glasgow;Artur Boruc;26;4500000.0;Torwart;Startaufstellung
49333;Polen;Al Rayyan Sports Club;Jacek Bak;33;1750000.0;Innenverteidiger;Startaufstellung
49333;Polen;Lech Posen;Bartosz Bosacki;30;600000.0;Innenverteidiger;Startaufstellung
49333;Polen;RSC Anderlecht;Michal Zewlakow;30;2000000.0;Linker Verteidiger;Startaufstellung
49333;Polen;Wisla Krakau;Marcin Baszczynski;29;3850000.0;Rechter Verteidiger;Startaufstellung
49333;Polen;FK Austria Wien;Arkadiusz Radomski;28;1700000.0;Defensives Mittelfeld;Startaufstellung
49333;Polen;Borussia Dortmund;Ebi Smolarek;25;4000000.0;Rechtes Mittelfeld;Startaufstellung
49333;Polen;Bayer 04 Leverkusen;Jacek Krzynowek;30;3250000.0;Linkes Mittelfeld;Startaufstellung
49333;Polen;Trabzonspor;Miroslaw Szymkowiak;29;4700000.0;Offensives Mittelfeld;Startaufstellung
49333;Polen;Celtic Glasgow;Maciej Zurawski;29;8000000.0;Mittelstürmer;Startaufstellung
49333;Polen;Wisla Plock;Ireneusz Jelen;25;2300000.0;Mittelstürmer;Startaufstellung
49333;Costa Rica;CS Herediano;Álvaro Mesén;33;750000.0;Torwart;Reservebank
49333;Costa Rica;LD Alajuelense;Wardy Alfaro;28;250000.0;Torwart;Reservebank
49333;Costa Rica;Brescia Calcio;Gilberto Martínez;26;3000000.0;Innenverteidiger;Reservebank
49333;Costa Rica;Real Salt Lake City;Douglas Sequeira;28;400000.0;Innenverteidiger;Reservebank
49333;Costa Rica;LD Alajuelense;Michael Rodríguez;24;300000.0;Innenverteidiger;Reservebank
49333;Costa Rica;LD Alajuelense;Hárold Wallace;30;300000.0;Rechter Verteidiger;Reservebank
49333;Costa Rica;CS Cartaginés;Danny Fonseca;26;450000.0;Defensives Mittelfeld;Reservebank
49333;Costa Rica;Deportivo Saprissa;Randall Azofeifa;21;600000.0;Defensives Mittelfeld;Reservebank
49333;Costa Rica;;Carlos Hernández;24;550000.0;Offensives Mittelfeld;Reservebank
49333;Costa Rica;Puntarenas FC;Kurt Bernard;28;800000.0;Mittelstürmer;Reservebank
49333;Costa Rica;;Álvaro Saborío;24;450000.0;Mittelstürmer;Reservebank
49333;Costa Rica;CS Cartaginés;Víctor Núnez;26;300000.0;Mittelstürmer;Reservebank
49333;Polen;West Bromwich Albion;Tomasz Kuszczak;24;3500000.0;Torwart;Reservebank
49333;Polen;Legia Warschau;Lukasz Fabianski;21;2500000.0;Torwart;Reservebank
49333;Polen;FK Moskau;Mariusz Jop;27;3500000.0;Innenverteidiger;Reservebank
49333;Polen;Wisla Krakau;Dariusz Dudka;22;2200000.0;Innenverteidiger;Reservebank
49333;Polen;Metalist Kharkiv;Seweryn Gancarczyk;24;700000.0;Linker Verteidiger;Reservebank
49333;Polen;Wisla Krakau;Radoslaw Sobolewski;29;3700000.0;Defensives Mittelfeld;Reservebank
49333;Polen;Shakhtar Donetsk;Mariusz Lewandowski;27;4250000.0;Defensives Mittelfeld;Reservebank
49333;Polen;FC Southampton;Kamil Kosowski;28;2750000.0;Linkes Mittelfeld;Reservebank
49333;Polen;FK Austria Wien;Sebastian Mila;23;1200000.0;Offensives Mittelfeld;Reservebank
49333;Polen;Cracovia Krakau;Piotr Giza;26;900000.0;Offensives Mittelfeld;Reservebank
49333;Polen;FC Southampton;Grzegorz Rasiak;27;3500000.0;Mittelstürmer;Reservebank
49333;Polen;Wisla Krakau;Pawel Brozek;23;3250000.0;Mittelstürmer;Reservebank
