GameId;team;club;name;age;value;position;role
49332;Ecuador;LDU Quito;Christian Mora;26;600000.0;Torwart;Startaufstellung
49332;Ecuador;CD El Nacional;Jorge Guagua;24;500000.0;Innenverteidiger;Startaufstellung
49332;Ecuador;LDU Quito;Giovanny Espinoza;29;750000.0;Innenverteidiger;Startaufstellung
49332;Ecuador;LDU Quito;Paúl Ambrosi;25;1200000.0;Linker Verteidiger;Startaufstellung
49332;Ecuador;Aston Villa;Ulises de la Cruz;32;1500000.0;Rechter Verteidiger;Startaufstellung
49332;Ecuador;Barcelona SC Guayaquil;Edwin Tenorio;30;450000.0;Defensives Mittelfeld;Startaufstellung
49332;Ecuador;Deportivo Quito;Marlon Ayoví;34;500000.0;Defensives Mittelfeld;Startaufstellung
49332;Ecuador;LDU Quito;Édison Méndez;27;2500000.0;Rechtes Mittelfeld;Startaufstellung
49332;Ecuador;Recreativo Huelva;Antonio Valencia;20;2250000.0;Linkes Mittelfeld;Startaufstellung
49332;Ecuador;CD El Nacional;Félix Borja;23;2000000.0;Mittelstürmer;Startaufstellung
49332;Ecuador;CS Norte América;Iván Kaviedes;28;900000.0;Mittelstürmer;Startaufstellung
49332;Deutschland;FC Arsenal;Jens Lehmann;36;5500000.0;Torwart;Startaufstellung
49332;Deutschland;FC Chelsea;Robert Huth;21;2750000.0;Innenverteidiger;Startaufstellung
49332;Deutschland;Hannover 96;Per Mertesacker;21;7500000.0;Innenverteidiger;Startaufstellung
49332;Deutschland;FC Bayern München;Philipp Lahm;22;7500000.0;Linker Verteidiger;Startaufstellung
49332;Deutschland;Hertha BSC;Arne Friedrich;27;7500000.0;Rechter Verteidiger;Startaufstellung
49332;Deutschland;SV Werder Bremen;Torsten Frings;29;10000000.0;Defensives Mittelfeld;Startaufstellung
49332;Deutschland;FC Bayern München;Michael Ballack;29;35000000.0;Zentrales Mittelfeld;Startaufstellung
49332;Deutschland;Bayer 04 Leverkusen;Bernd Schneider;32;3200000.0;Rechtes Mittelfeld;Startaufstellung
49332;Deutschland;FC Bayern München;Bastian Schweinsteiger;21;8000000.0;Linkes Mittelfeld;Startaufstellung
49332;Deutschland;1.FC Köln;Lukas Podolski;21;12000000.0;Mittelstürmer;Startaufstellung
49332;Deutschland;SV Werder Bremen;Miroslav Klose;28;20000000.0;Mittelstürmer;Startaufstellung
49332;Ecuador;Deportivo Quito;Edwin Villafuerte;27;600000.0;Torwart;Reservebank
49332;Ecuador;SD Aucas;Damián Lanza;24;500000.0;Torwart;Reservebank
49332;Ecuador;Al Arabi Sports Club;Iván Hurtado;31;750000.0;Innenverteidiger;Reservebank
49332;Ecuador;CD Olmedo;José Perlaza;24;500000.0;Innenverteidiger;Reservebank
49332;Ecuador;LDU Quito;Néicer Reascos;28;750000.0;Rechter Verteidiger;Reservebank
49332;Ecuador;CD El Nacional;Segundo Castillo;24;650000.0;Defensives Mittelfeld;Reservebank
49332;Ecuador;LDU Quito;Patricio Urrutia;28;1000000.0;Zentrales Mittelfeld;Reservebank
49332;Ecuador;CD El Nacional;Christian Lara;26;300000.0;Offensives Mittelfeld;Reservebank
49332;Ecuador;Deportivo Quito;Luis Saritama;22;800000.0;Offensives Mittelfeld;Reservebank
49332;Ecuador;CD El Nacional;Christian Benítez;20;400000.0;Mittelstürmer;Reservebank
49332;Ecuador;LDU Quito;Agustín Delgado;31;1000000.0;Mittelstürmer;Reservebank
49332;Ecuador;Al Sadd Sports Club;Carlos Tenorio;27;800000.0;Mittelstürmer;Reservebank
49332;Deutschland;FC Bayern München;Oliver Kahn;37;4500000.0;Torwart;Reservebank
49332;Deutschland;VfB Stuttgart;Timo Hildebrand;27;7500000.0;Torwart;Reservebank
49332;Deutschland;Bayer 04 Leverkusen;Jens Nowotny;32;2000000.0;Libero;Reservebank
49332;Deutschland;Borussia Dortmund;Christoph Metzelder;25;4000000.0;Innenverteidiger;Reservebank
49332;Deutschland;Borussia Mönchengladbach;Marcell Jansen;20;6000000.0;Linker Verteidiger;Reservebank
49332;Deutschland;Borussia Dortmund;Sebastian Kehl;26;8000000.0;Defensives Mittelfeld;Reservebank
49332;Deutschland;VfB Stuttgart;Thomas Hitzlsperger;24;2500000.0;Zentrales Mittelfeld;Reservebank
49332;Deutschland;SV Werder Bremen;Tim Borowski;26;11000000.0;Zentrales Mittelfeld;Reservebank
49332;Deutschland;Borussia Dortmund;David Odonkor;22;3500000.0;Rechtsaußen;Reservebank
49332;Deutschland;VfL Wolfsburg;Mike Hanke;22;3500000.0;Mittelstürmer;Reservebank
49332;Deutschland;Borussia Mönchengladbach;Oliver Neuville;33;3500000.0;Mittelstürmer;Reservebank
49332;Deutschland;FC Schalke 04;Gerald Asamoah;27;5000000.0;Mittelstürmer;Reservebank
