GameId;team;club;name;age;value;position;role
49331;Saudi-Arabien;Al-Ittihad Dschidda;Mabrouk Zaid;27;200000.0;Torwart;Startaufstellung
49331;Saudi-Arabien;Al-Ittihad Dschidda;Hamad Al Montashari;23;1000000.0;Innenverteidiger;Startaufstellung
49331;Saudi-Arabien;Al-Ittihad Dschidda;Redha Tukar;30;400000.0;Innenverteidiger;Startaufstellung
49331;Saudi-Arabien;Al-Ahli Dschidda;Hussein Abdulghani;29;200000.0;Linker Verteidiger;Startaufstellung
49331;Saudi-Arabien;Al-Ittihad Dschidda;Ahmad Al-Dokhi;29;450000.0;Rechter Verteidiger;Startaufstellung
49331;Saudi-Arabien;Al-Hilal Riad;Khaled Aziz;24;300000.0;Defensives Mittelfeld;Startaufstellung
49331;Saudi-Arabien;Al-Hilal Riad;Omar Al-Ghamdi;27;400000.0;Zentrales Mittelfeld;Startaufstellung
49331;Saudi-Arabien;Al-Ittihad Dschidda;Saud Khariri;25;600000.0;Zentrales Mittelfeld;Startaufstellung
49331;Saudi-Arabien;Al-Ittihad Dschidda;Mohammed Ameen;26;400000.0;Offensives Mittelfeld;Startaufstellung
49331;Saudi-Arabien;Al-Ittihad Dschidda;Mohammed Noor;28;700000.0;Offensives Mittelfeld;Startaufstellung
49331;Saudi-Arabien;Al-Hilal Riad;Yasser Al-Qahtani;23;800000.0;Mittelstürmer;Startaufstellung
49331;Ukraine;Dynamo Kiew;Oleksandr Shovkovsky;31;2000000.0;Torwart;Startaufstellung
49331;Ukraine;Dnipro Dnipropetrovsk;Andriy Rusol;23;1500000.0;Innenverteidiger;Startaufstellung
49331;Ukraine;Arsenal Kiew;Vyacheslav Svidersky;27;1000000.0;Innenverteidiger;Startaufstellung
49331;Ukraine;Dynamo Kiew;Andriy Nesmachny;27;4000000.0;Linker Verteidiger;Startaufstellung
49331;Ukraine;Dnipro Dnipropetrovsk;Oleg Shelayev;29;1200000.0;Rechter Verteidiger;Startaufstellung
49331;Ukraine;Shakhtar Donetsk;Anatoliy Tymoshchuk;27;6000000.0;Defensives Mittelfeld;Startaufstellung
49331;Ukraine;Spartak Moskau;Maksym Kalinichenko;27;2200000.0;Rechtes Mittelfeld;Startaufstellung
49331;Ukraine;Bayer 04 Leverkusen;Andriy Voronin;26;5500000.0;Offensives Mittelfeld;Startaufstellung
49331;Ukraine;Dynamo Kiew;Oleg Gusev;23;1000000.0;Linksaußen;Startaufstellung
49331;Ukraine;Dynamo Kiew;Sergiy Rebrov;32;1500000.0;Hängende Spitze;Startaufstellung
49331;Ukraine;AC Mailand;Andriy Shevchenko;29;51000000.0;Mittelstürmer;Startaufstellung
49331;Saudi-Arabien;Al-Hilal Riad;Mohammad Al-Deayea;33;300000.0;Torwart;Reservebank
49331;Saudi-Arabien;Al-Hilal Riad;Abdulaziz Al-Khathran;32;500000.0;Defensives Mittelfeld;Reservebank
49331;Saudi-Arabien;Al-Hilal Riad;Mohammad Al-Shalhoub;25;600000.0;Offensives Mittelfeld;Reservebank
49331;Saudi-Arabien;Al-Hilal Riad;Sami Al-Jaber;33;750000.0;Sturm;Reservebank
49331;Saudi-Arabien;Al-Ahli Dschidda;Malek Mouath;24;200000.0;Mittelstürmer;Reservebank
49331;Ukraine;Krylya Sovetov Samara;Andriy Gusin †;33;1500000.0;Defensives Mittelfeld;Reservebank
49331;Ukraine;Dynamo Kiew;Ruslan Rotan;24;2500000.0;Zentrales Mittelfeld;Reservebank
49331;Ukraine;Dynamo Kiew;Artem Milevsky;21;700000.0;Mittelstürmer;Reservebank
