GameId;team;club;name;age;value;position;role
49347;Ukraine;Dynamo Kiew;Oleksandr Shovkovsky;31;2000000.0;Torwart;Startaufstellung
49347;Ukraine;Dnipro Dnipropetrovsk;Andriy Rusol;23;1500000.0;Innenverteidiger;Startaufstellung
49347;Ukraine;Arsenal Kiew;Vyacheslav Svidersky;27;1000000.0;Innenverteidiger;Startaufstellung
49347;Ukraine;Dynamo Kiew;Andriy Nesmachny;27;4000000.0;Linker Verteidiger;Startaufstellung
49347;Ukraine;Dynamo Kiew;Oleg Gusev;23;1000000.0;Rechter Verteidiger;Startaufstellung
49347;Ukraine;Shakhtar Donetsk;Anatoliy Tymoshchuk;27;6000000.0;Defensives Mittelfeld;Startaufstellung
49347;Ukraine;Dnipro Dnipropetrovsk;Oleg Shelayev;29;1200000.0;Zentrales Mittelfeld;Startaufstellung
49347;Ukraine;Spartak Moskau;Maksym Kalinichenko;27;2200000.0;Rechtes Mittelfeld;Startaufstellung
49347;Ukraine;Dynamo Kiew;Sergiy Rebrov;32;1500000.0;Linksaußen;Startaufstellung
49347;Ukraine;Bayer 04 Leverkusen;Andriy Voronin;26;5500000.0;Hängende Spitze;Startaufstellung
49347;Ukraine;AC Mailand;Andriy Shevchenko;29;51000000.0;Mittelstürmer;Startaufstellung
49347;Tunesien;Club Africain Tunis;Ali Boumnijel;40;50000.0;Torwart;Startaufstellung
49347;Tunesien;Bolton Wanderers;Radhi Jaidi;30;2000000.0;Innenverteidiger;Startaufstellung
49347;Tunesien;RC Straßburg Alsace;Karim Haggui;22;4000000.0;Innenverteidiger;Startaufstellung
49347;Tunesien;Samsunspor;Anis Ayari;24;1000000.0;Linker Verteidiger;Startaufstellung
49347;Tunesien;Ajax Amsterdam;Hatem Trabelsi;29;5000000.0;Rechter Verteidiger;Startaufstellung
49347;Tunesien;Birmingham City;Mehdi Nafti;27;2000000.0;Defensives Mittelfeld;Startaufstellung
49347;Tunesien;1.FC Nürnberg;Jaouhar Mnari;29;2200000.0;Defensives Mittelfeld;Startaufstellung
49347;Tunesien;Kayseri Erciyesspor;Riadh Bouazizi;33;1500000.0;Defensives Mittelfeld;Startaufstellung
49347;Tunesien;1.FC Nürnberg;Adel Chedli;29;600000.0;Offensives Mittelfeld;Startaufstellung
49347;Tunesien;Glasgow Rangers;Hamed Namouchi;22;1500000.0;Offensives Mittelfeld;Startaufstellung
49347;Tunesien;ES Troyes AC;Zied Jaziri;27;2000000.0;Mittelstürmer;Startaufstellung
49347;Ukraine;Krylya Sovetov Samara;Andriy Gusin †;33;1500000.0;Defensives Mittelfeld;Reservebank
49347;Ukraine;Dynamo Kiew;Artem Milevsky;21;700000.0;Mittelstürmer;Reservebank
49347;Ukraine;Shakhtar Donetsk;Andriy Vorobey;27;2500000.0;Mittelstürmer;Reservebank
49347;Tunesien;US Monastir;Adel Nefzi;32;50000.0;Torwart;Reservebank
49347;Tunesien;Esperance Tunis;Hamdi Kasraoui;23;150000.0;Torwart;Reservebank
49347;Tunesien;US Lecce;Karim Saïdi;23;1600000.0;Innenverteidiger;Reservebank
49347;Tunesien;AS Saint-Étienne;Alaeddine Yahia;24;1400000.0;Innenverteidiger;Reservebank
49347;Tunesien;Rosenborg BK;Karim Essediri;26;500000.0;Rechter Verteidiger;Reservebank
49347;Tunesien;FC Girondins Bordeaux;David Jemmali;31;1500000.0;Rechter Verteidiger;Reservebank
49347;Tunesien;Gaziantepspor;Sofiene Melliti;27;650000.0;Zentrales Mittelfeld;Reservebank
49347;Tunesien;Konyaspor;Kaies Ghodhbane;30;1000000.0;Zentrales Mittelfeld;Reservebank
49347;Tunesien;SC Bastia;Chaouki Ben Saada;21;900000.0;Offensives Mittelfeld;Reservebank
49347;Tunesien;Etoile Sportive du Sahel;Yassine Chikhaoui;19;400000.0;Offensives Mittelfeld;Reservebank
49347;Tunesien;RC Straßburg Alsace;Haykel Gmamdia;24;850000.0;Mittelstürmer;Reservebank
49347;Tunesien;FC Toulouse;Santos;27;5000000.0;Mittelstürmer;Reservebank
