GameId;team;club;name;age;value;position;role
49346;Saudi-Arabien;Al-Ittihad Dschidda;Mabrouk Zaid;27;200000.0;Torwart;Startaufstellung
49346;Saudi-Arabien;Al-Ittihad Dschidda;Hamad Al Montashari;24;1000000.0;Innenverteidiger;Startaufstellung
49346;Saudi-Arabien;Al-Ittihad Dschidda;Redha Tukar;30;400000.0;Innenverteidiger;Startaufstellung
49346;Saudi-Arabien;Al-Ahli Dschidda;Hussein Abdulghani;29;100000.0;Linker Verteidiger;Startaufstellung
49346;Saudi-Arabien;Al-Ittihad Dschidda;Ahmad Al-Dokhi;29;450000.0;Rechter Verteidiger;Startaufstellung
49346;Saudi-Arabien;Al-Hilal Riad;Abdulaziz Al-Khathran;32;500000.0;Defensives Mittelfeld;Startaufstellung
49346;Saudi-Arabien;Al-Hilal Riad;Khaled Aziz;24;300000.0;Defensives Mittelfeld;Startaufstellung
49346;Saudi-Arabien;Al-Ittihad Dschidda;Saud Khariri;25;600000.0;Defensives Mittelfeld;Startaufstellung
49346;Saudi-Arabien;Al-Ittihad Dschidda;Mohammed Noor;28;700000.0;Zentrales Mittelfeld;Startaufstellung
49346;Saudi-Arabien;Al-Hilal Riad;Sami Al-Jaber;33;750000.0;Sturm;Startaufstellung
49346;Saudi-Arabien;Al-Nasr Riad;Saad Al-Harthi;22;500000.0;Mittelstürmer;Startaufstellung
49346;Spanien;FC Valencia;Santiago Cañizares;36;5500000.0;Torwart;Startaufstellung
49346;Spanien;Real Betis Sevilla;Juanito;29;6000000.0;Innenverteidiger;Startaufstellung
49346;Spanien;FC Valencia;Carlos Marchena;26;13000000.0;Innenverteidiger;Startaufstellung
49346;Spanien;Atlético Madrid;Antonio López;24;10500000.0;Linker Verteidiger;Startaufstellung
49346;Spanien;Real Madrid;Míchel Salgado;30;5000000.0;Rechter Verteidiger;Startaufstellung
49346;Spanien;FC Valencia;David Albelda;28;15000000.0;Defensives Mittelfeld;Startaufstellung
49346;Spanien;FC Barcelona;Andrés Iniesta;22;12000000.0;Zentrales Mittelfeld;Startaufstellung
49346;Spanien;FC Arsenal;Cesc Fàbregas;19;13500000.0;Zentrales Mittelfeld;Startaufstellung
49346;Spanien;FC Arsenal;José Antonio Reyes;22;17000000.0;Rechtsaußen;Startaufstellung
49346;Spanien;Real Betis Sevilla;Joaquín;24;22000000.0;Rechtsaußen;Startaufstellung
49346;Spanien;Real Madrid;Raúl;28;17500000.0;Hängende Spitze;Startaufstellung
49346;Saudi-Arabien;Al-Hilal Riad;Mohammad Al-Deayea;33;300000.0;Torwart;Reservebank
49346;Saudi-Arabien;;Mohammad Khojah;33;100000.0;Torwart;Reservebank
49346;Saudi-Arabien;;Mohamed Al Bishi;19;100000.0;Abwehr;Reservebank
49346;Saudi-Arabien;;Naif Al-Qadi;27;350000.0;Innenverteidiger;Reservebank
49346;Saudi-Arabien;Al-Shabab Riad;Ahmed Al-Bahri;15;450000.0;Rechter Verteidiger;Reservebank
49346;Saudi-Arabien;Al-Ittihad Dschidda;Mohammed Ameen;26;400000.0;Mittelfeld;Reservebank
49346;Saudi-Arabien;Al-Hilal Riad;Omar Al-Ghamdi;27;400000.0;Defensives Mittelfeld;Reservebank
49346;Saudi-Arabien;Al-Ahli Dschidda;Mohammed Massad;23;150000.0;Rechtes Mittelfeld;Reservebank
49346;Saudi-Arabien;Al-Hilal Riad;Mohammad Al-Shalhoub;25;600000.0;Offensives Mittelfeld;Reservebank
49346;Saudi-Arabien;Al-Hilal Riad;Nawaf Al-Temyat;29;650000.0;Offensives Mittelfeld;Reservebank
49346;Saudi-Arabien;Al-Hilal Riad;Yasser Al-Qahtani;23;800000.0;Mittelstürmer;Reservebank
49346;Saudi-Arabien;Al-Ahli Dschidda;Malek Mouath;24;200000.0;Mittelstürmer;Reservebank
49346;Spanien;FC Barcelona;Xavi;26;28000000.0;Zentrales Mittelfeld;Reservebank
49346;Spanien;FC Valencia;David Villa;24;22000000.0;Mittelstürmer;Reservebank
49346;Spanien;Atlético Madrid;Fernando Torres;22;25000000.0;Mittelstürmer;Reservebank
