GameId;team;club;name;age;value;position;role
49343;Schweiz;FC Basel 1893;Pascal Zuberbühler;35;800000.0;Torwart;Startaufstellung
49343;Schweiz;Olympique Lyon;Patrick Müller;29;4000000.0;Innenverteidiger;Startaufstellung
49343;Schweiz;FC Arsenal;Philippe Senderos;21;6000000.0;Innenverteidiger;Startaufstellung
49343;Schweiz;Eintracht Frankfurt;Christoph Spycher;28;2500000.0;Linker Verteidiger;Startaufstellung
49343;Schweiz;Borussia Dortmund;Philipp Degen;23;3500000.0;Rechter Verteidiger;Startaufstellung
49343;Schweiz;AC Mailand;Johann Vogel;29;4500000.0;Defensives Mittelfeld;Startaufstellung
49343;Schweiz;1.FC Köln;Ricardo Cabanas;27;2500000.0;Zentrales Mittelfeld;Startaufstellung
49343;Schweiz;Hamburger SV;Raphael Wicky;29;3500000.0;Linkes Mittelfeld;Startaufstellung
49343;Schweiz;Bayer 04 Leverkusen;Tranquillo Barnetta;21;5500000.0;Rechtsaußen;Startaufstellung
49343;Schweiz;BSC Young Boys;Hakan Yakin;29;2000000.0;Hängende Spitze;Startaufstellung
49343;Schweiz;FC Stade Rennes;Alex Frei;26;10000000.0;Mittelstürmer;Startaufstellung
49343;Südkorea;Suwon Samsung Bluewings FC;Woon-Jae Lee;33;750000.0;Torwart;Startaufstellung
49343;Südkorea;Jeonbuk Hyundai Motors FC;Jin-Cheul Choi;35;400000.0;Innenverteidiger;Startaufstellung
49343;Südkorea;Júbilo Iwata;Jin-kyu Kim;21;850000.0;Innenverteidiger;Startaufstellung
49343;Südkorea;FC Seoul;Dong-Jin Kim;24;1000000.0;Linker Verteidiger;Startaufstellung
49343;Südkorea;Tottenham Hotspur;Young-Pyo Lee;29;4300000.0;Rechter Verteidiger;Startaufstellung
49343;Südkorea;Suwon Samsung Bluewings FC;Nam-Il Kim;29;1500000.0;Defensives Mittelfeld;Startaufstellung
49343;Südkorea;Ulsan Hyundai;Ho Lee;21;350000.0;Defensives Mittelfeld;Startaufstellung
49343;Südkorea;Manchester United;Ji-Sung Park;25;10000000.0;Linksaußen;Startaufstellung
49343;Südkorea;Ulsan Hyundai;Chun-Soo Lee;24;2000000.0;Rechtsaußen;Startaufstellung
49343;Südkorea;FC Seoul;Ju-yeong Park;20;1000000.0;Hängende Spitze;Startaufstellung
49343;Südkorea;Shimizu S-Pulse;Jae-Jin Cho;24;750000.0;Mittelstürmer;Startaufstellung
49343;Schweiz;CD Nacional;Diego Benaglio;22;1000000.0;Torwart;Reservebank
49343;Schweiz;Grasshopper Club Zürich;Fabio Coltorti;25;2000000.0;Torwart;Reservebank
49343;Schweiz;AJ Auxerre;Stéphane Grichting;27;2000000.0;Innenverteidiger;Reservebank
49343;Schweiz;FC Arsenal;Johan Djourou;19;600000.0;Innenverteidiger;Reservebank
49343;Schweiz;VfB Stuttgart;Ludovic Magnin;27;2600000.0;Linker Verteidiger;Reservebank
49343;Schweiz;Lazio Rom;Valon Behrami;21;6000000.0;Defensives Mittelfeld;Reservebank
49343;Schweiz;FC Zürich;Blerim Dzemaili;20;1600000.0;Zentrales Mittelfeld;Reservebank
49343;Schweiz;FC Basel 1893;David Degen;23;1800000.0;Rechtes Mittelfeld;Reservebank
49343;Schweiz;FC Zürich;Xavier Margairaz;22;1700000.0;Offensives Mittelfeld;Reservebank
49343;Schweiz;LOSC Lille;Daniel Gygax;24;2000000.0;Offensives Mittelfeld;Reservebank
49343;Schweiz;1.FC Köln;Marco Streller;25;2500000.0;Mittelstürmer;Reservebank
49343;Schweiz;AC Sparta Prag;Mauro Lustrinelli;30;1500000.0;Mittelstürmer;Reservebank
49343;Südkorea;;Yong-dae Kim;26;400000.0;Torwart;Reservebank
49343;Südkorea;Jeonnam Dragons FC;Yeong-kwan Kim;22;300000.0;Torwart;Reservebank
49343;Südkorea;Seongnam FC;Young-Chul Kim;29;500000.0;Innenverteidiger;Reservebank
49343;Südkorea;Seongnam FC;Sang-Sik Kim;29;800000.0;Innenverteidiger;Reservebank
49343;Südkorea;Suwon Samsung Bluewings FC;Chong-Gug Song;27;2200000.0;Rechter Verteidiger;Reservebank
49343;Südkorea;Suwon Samsung Bluewings FC;Won-heui Jo;23;500000.0;Defensives Mittelfeld;Reservebank
49343;Südkorea;FC Seoul;Ji-hun Baek;21;600000.0;Zentrales Mittelfeld;Reservebank
49343;Südkorea;Seongnam FC;Du-hyeon Kim;23;900000.0;Zentrales Mittelfeld;Reservebank
49343;Südkorea;Trabzonspor;Eul-Yong Lee;30;1300000.0;Linkes Mittelfeld;Reservebank
49343;Südkorea;;Kyung-Ho Chung;26;1200000.0;Linksaußen;Reservebank
49343;Südkorea;Wolverhampton Wanderers;Ki-Hyeon Seol;27;2250000.0;Rechtsaußen;Reservebank
49343;Südkorea;MSV Duisburg;Jung-Hwan Ahn;30;1500000.0;Mittelstürmer;Reservebank
