GameId;team;club;name;age;value;position;role
49342;Togo;FC Metz;Kossi Agassa;27;400000.0;Torwart;Startaufstellung
49342;Togo;RAEC Mons;Daré Nibombé;26;350000.0;Innenverteidiger;Startaufstellung
49342;Togo;APOEL Nikosia;Jean-Paul Abalo;30;50000.0;Innenverteidiger;Startaufstellung
49342;Togo;Le Poiré-sur-Vie VF;Richmond Forson;26;50000.0;Linker Verteidiger;Startaufstellung
49342;Togo;Benevento Calcio;Massamasso Tchangai;27;50000.0;Rechter Verteidiger;Startaufstellung
49342;Togo;BSC Young Boys;Yao Aziawonou;26;800000.0;Defensives Mittelfeld;Startaufstellung
49342;Togo;FC Metz;Cheriffe Maman-Touré;28;650000.0;Offensives Mittelfeld;Startaufstellung
49342;Togo;Stade Brest 29;Moustapha Salifou;23;300000.0;Linksaußen;Startaufstellung
49342;Togo;SC YF Juventus Zürich;Yao Junior Sènaya;22;200000.0;Rechtsaußen;Startaufstellung
49342;Togo;FC Arsenal;Emmanuel Adebayor;22;10000000.0;Mittelstürmer;Startaufstellung
49342;Togo;EA Guingamp;Mohamed Kader;27;1250000.0;Mittelstürmer;Startaufstellung
49342;Frankreich;Olympique Marseille;Fabien Barthez;34;3000000.0;Torwart;Startaufstellung
49342;Frankreich;FC Chelsea;William Gallas;28;14700000.0;Innenverteidiger;Startaufstellung
49342;Frankreich;Juventus Turin;Lilian Thuram;34;5000000.0;Innenverteidiger;Startaufstellung
49342;Frankreich;Manchester United;Mikaël Silvestre;28;6750000.0;Linker Verteidiger;Startaufstellung
49342;Frankreich;FC Bayern München;Willy Sagnol;29;13500000.0;Rechter Verteidiger;Startaufstellung
49342;Frankreich;Juventus Turin;Patrick Vieira;30;28000000.0;Defensives Mittelfeld;Startaufstellung
49342;Frankreich;FC Chelsea;Claude Makélélé;33;9000000.0;Defensives Mittelfeld;Startaufstellung
49342;Frankreich;Olympique Lyon;Florent Malouda;26;10000000.0;Linksaußen;Startaufstellung
49342;Frankreich;Olympique Marseille;Franck Ribéry;23;11000000.0;Rechtsaußen;Startaufstellung
49342;Frankreich;FC Arsenal;Thierry Henry;28;50000000.0;Mittelstürmer;Startaufstellung
49342;Frankreich;Juventus Turin;David Trézéguet;28;30000000.0;Mittelstürmer;Startaufstellung
49342;Togo;Djoliba AC Bamako;Ouro-Nimini Tchagnirou;28;200000.0;Torwart;Reservebank
49342;Togo;AC Merlan Lome;Kodjovi Dodji Obilale;21;250000.0;Torwart;Reservebank
49342;Togo;;Assimiou Touré;18;150000.0;Innenverteidiger;Reservebank
49342;Togo;Vereinslos;Éric Akoto;25;500000.0;Innenverteidiger;Reservebank
49342;Togo;Al-Hilal Riad;Franck Atsou;27;50000.0;Innenverteidiger;Reservebank
49342;Togo;AS Moulins;Affo Erassa;23;75000.0;Mittelfeld;Reservebank
49342;Togo;KSK Beveren;Kuami Agboh;28;300000.0;Defensives Mittelfeld;Reservebank
49342;Togo;CS Louhans-Cuiseaux 71;Alaixys Romao;22;50000.0;Defensives Mittelfeld;Reservebank
49342;Togo;Al Emirates;Adékambi Olufadé;26;750000.0;Rechtsaußen;Reservebank
49342;Togo;Valenciennes FC ;Thomas Dossevi;27;300000.0;Mittelstürmer;Reservebank
49342;Togo;Stade Brest 29;Robert Malm;32;300000.0;Mittelstürmer;Reservebank
49342;Frankreich;FC Nantes;Mickaël Landreau;27;6500000.0;Torwart;Reservebank
49342;Frankreich;Olympique Lyon;Grégory Coupet;33;8000000.0;Torwart;Reservebank
49342;Frankreich;AS Monaco;Gaël Givet;24;7500000.0;Innenverteidiger;Reservebank
49342;Frankreich;Newcastle United;Jean-Alain Boumsong;26;7500000.0;Innenverteidiger;Reservebank
49342;Frankreich;Wigan Athletic;Pascal Chimbonda;27;4000000.0;Rechter Verteidiger;Reservebank
49342;Frankreich;RC Lens;Alou Diarra;24;5000000.0;Defensives Mittelfeld;Reservebank
49342;Frankreich;FC Paris Saint-Germain;Vikash Dhorasoo;32;4000000.0;Zentrales Mittelfeld;Reservebank
49342;Frankreich;Olympique Lyon;Sidney Govou;26;8000000.0;Rechtsaußen;Reservebank
49342;Frankreich;Olympique Lyon;Sylvain Wiltord;32;7000000.0;Linksaußen;Reservebank
49342;Frankreich;Manchester United;Louis Saha;27;12000000.0;Mittelstürmer;Reservebank
