GameId;team;club;name;age;value;position;role
53478;Argentinien;Club Atlético Boca Juniors;Roberto Abbondanzieri;33;2500000.0;Torwart;Startaufstellung
53478;Argentinien;Manchester United;Gabriel Heinze;28;16250000.0;Innenverteidiger;Startaufstellung
53478;Argentinien;FC Valencia;Roberto Ayala;33;8750000.0;Innenverteidiger;Startaufstellung
53478;Argentinien;FC Villarreal;Juan Pablo Sorín;30;5500000.0;Linker Verteidiger;Startaufstellung
53478;Argentinien;West Ham United;Lionel Scaloni;28;4000000.0;Rechter Verteidiger;Startaufstellung
53478;Argentinien;Corinthians Sao Paulo;Javier Mascherano;22;11800000.0;Defensives Mittelfeld;Startaufstellung
53478;Argentinien;FC Internazionale;Esteban Cambiasso;25;19000000.0;Rechtes Mittelfeld;Startaufstellung
53478;Argentinien;Atlético Madrid;Maxi Rodríguez;25;9000000.0;Linkes Mittelfeld;Startaufstellung
53478;Argentinien;FC Villarreal;Juan Riquelme;28;18000000.0;Offensives Mittelfeld;Startaufstellung
53478;Argentinien;FC Sevilla;Javier Saviola;24;11500000.0;Mittelstürmer;Startaufstellung
53478;Argentinien;FC Chelsea;Hernán Crespo;30;14000000.0;Mittelstürmer;Startaufstellung
53478;Mexiko;Deportivo Guadalajara;Oswaldo Sánchez;32;2250000.0;Torwart;Startaufstellung
53478;Mexiko;Deportivo Guadalajara;Carlos Salcido;26;1000000.0;Innenverteidiger;Startaufstellung
53478;Mexiko;FC Barcelona;Rafael Márquez;27;16000000.0;Innenverteidiger;Startaufstellung
53478;Mexiko;CD Cruz Azul;Ricardo Osorio;26;1500000.0;Innenverteidiger;Startaufstellung
53478;Mexiko;CF América;Pável Pardo;29;2000000.0;Defensives Mittelfeld;Startaufstellung
53478;Mexiko;CF Monterrey;Mario Méndez;27;1500000.0;Rechtes Mittelfeld;Startaufstellung
53478;Mexiko;Atlas Guadalajara;Andrés Guardado;19;600000.0;Linkes Mittelfeld;Startaufstellung
53478;Mexiko;CF América;José Antonio Castro;25;500000.0;Offensives Mittelfeld;Startaufstellung
53478;Mexiko;Deportivo Guadalajara;Ramón Morales;30;1650000.0;Offensives Mittelfeld;Startaufstellung
53478;Mexiko;Bolton Wanderers;Jared Borgetti;32;2500000.0;Mittelstürmer;Startaufstellung
53478;Mexiko;CD Cruz Azul;Francisco Fonseca;26;2500000.0;Mittelstürmer;Startaufstellung
53478;Argentinien;Atlético Madrid;Leo Franco;29;6500000.0;Torwart;Reservebank
53478;Argentinien;CA Independiente de Avellaneda;Óscar Ustari;19;1500000.0;Torwart;Reservebank
53478;Argentinien;Real Saragossa ;Gabriel Milito;25;8500000.0;Innenverteidiger;Reservebank
53478;Argentinien;Deportivo La Coruna ;Fabricio Coloccini;24;8000000.0;Innenverteidiger;Reservebank
53478;Argentinien;FC Internazionale;Nicolás Burdisso;25;6000000.0;Innenverteidiger;Reservebank
53478;Argentinien;AS Rom;Leandro Cufré;28;4000000.0;Linker Verteidiger;Reservebank
53478;Argentinien;FC Porto;Lucho González;25;14000000.0;Zentrales Mittelfeld;Reservebank
53478;Argentinien;FC Valencia;Pablo Aimar;26;18000000.0;Rechtes Mittelfeld;Reservebank
53478;Argentinien;FC Barcelona;Lionel Messi;19;15000000.0;Mittelstürmer;Reservebank
53478;Argentinien;Corinthians Sao Paulo;Carlos Tévez;22;15000000.0;Mittelstürmer;Reservebank
53478;Argentinien;Club Atlético Boca Juniors;Rodrigo Palacio;24;3000000.0;Mittelstürmer;Reservebank
53478;Argentinien;FC Internazionale;Julio Cruz;31;7000000.0;Mittelstürmer;Reservebank
53478;Mexiko;Tecos de la Universidad Autónoma de Guadalajara;Jesús Corona;25;350000.0;Torwart;Reservebank
53478;Mexiko;CF América;Guillermo Ochoa;20;300000.0;Torwart;Reservebank
53478;Mexiko;CD Chivas USA;Claudio Suárez;37;200000.0;Innenverteidiger;Reservebank
53478;Mexiko;Deportivo Guadalajara;Maza;24;700000.0;Innenverteidiger;Reservebank
53478;Mexiko;CD Cruz Azul;Gerardo Torrado;27;2500000.0;Defensives Mittelfeld;Reservebank
53478;Mexiko;Atlas Guadalajara;Rafael García;31;1000000.0;Defensives Mittelfeld;Reservebank
53478;Mexiko;Deportivo Guadalajara;Gonzalo Pineda;23;1000000.0;Linkes Mittelfeld;Reservebank
53478;Mexiko;Deportivo Toluca;Sinha;30;1250000.0;Offensives Mittelfeld;Reservebank
53478;Mexiko;CF Monterrey;Jesús Arellano;33;2000000.0;Rechtsaußen;Reservebank
53478;Mexiko;FC Villarreal;Guillermo Franco;29;2500000.0;Mittelstürmer;Reservebank
53478;Mexiko;Deportivo Guadalajara;Omar Bravo;26;1750000.0;Mittelstürmer;Reservebank
