GameId;team;club;name;age;value;position;role
53477;England;Tottenham Hotspur;Paul Robinson;26;9000000.0;Torwart;Startaufstellung
53477;England;Manchester United;Rio Ferdinand;27;25000000.0;Innenverteidiger;Startaufstellung
53477;England;FC Chelsea;John Terry;25;30000000.0;Innenverteidiger;Startaufstellung
53477;England;FC Arsenal;Ashley Cole;25;17000000.0;Linker Verteidiger;Startaufstellung
53477;England;FC Bayern München;Owen Hargreaves;25;8000000.0;Rechter Verteidiger;Startaufstellung
53477;England;Tottenham Hotspur;Michael Carrick;24;8300000.000000001;Defensives Mittelfeld;Startaufstellung
53477;England;FC Liverpool;Steven Gerrard;26;34000000.0;Zentrales Mittelfeld;Startaufstellung
53477;England;Real Madrid;David Beckham;31;22000000.0;Rechtes Mittelfeld;Startaufstellung
53477;England;FC Chelsea;Joe Cole;24;16500000.0;Linkes Mittelfeld;Startaufstellung
53477;England;FC Chelsea;Frank Lampard;28;38500000.0;Offensives Mittelfeld;Startaufstellung
53477;England;Manchester United;Wayne Rooney;20;36000000.0;Mittelstürmer;Startaufstellung
53477;Ecuador;LDU Quito;Christian Mora;26;600000.0;Torwart;Startaufstellung
53477;Ecuador;Al Arabi Sports Club;Iván Hurtado;31;750000.0;Innenverteidiger;Startaufstellung
53477;Ecuador;LDU Quito;Giovanny Espinoza;29;750000.0;Innenverteidiger;Startaufstellung
53477;Ecuador;LDU Quito;Néicer Reascos;28;750000.0;Linker Verteidiger;Startaufstellung
53477;Ecuador;Aston Villa;Ulises de la Cruz;32;1500000.0;Rechter Verteidiger;Startaufstellung
53477;Ecuador;Barcelona SC Guayaquil;Edwin Tenorio;30;450000.0;Defensives Mittelfeld;Startaufstellung
53477;Ecuador;CD El Nacional;Segundo Castillo;24;650000.0;Defensives Mittelfeld;Startaufstellung
53477;Ecuador;LDU Quito;Édison Méndez;27;2500000.0;Linkes Mittelfeld;Startaufstellung
53477;Ecuador;Recreativo Huelva;Antonio Valencia;20;2250000.0;Rechtsaußen;Startaufstellung
53477;Ecuador;LDU Quito;Agustín Delgado;31;1000000.0;Mittelstürmer;Startaufstellung
53477;Ecuador;Al Sadd Sports Club;Carlos Tenorio;27;800000.0;Mittelstürmer;Startaufstellung
53477;England;Manchester City;David James;35;3600000.0;Torwart;Reservebank
53477;England;FC Liverpool;Scott Carson;20;1750000.0;Torwart;Reservebank
53477;England;FC Arsenal;Sol Campbell;31;10000000.0;Innenverteidiger;Reservebank
53477;England;FC Liverpool;Jamie Carragher;28;15750000.0;Innenverteidiger;Reservebank
53477;England;FC Chelsea;Wayne Bridge;25;7750000.0;Linker Verteidiger;Reservebank
53477;England;Manchester United;Gary Neville;31;7000000.0;Rechter Verteidiger;Reservebank
53477;England;Tottenham Hotspur;Jermaine Jenas;23;12700000.0;Zentrales Mittelfeld;Reservebank
53477;England;FC Middlesbrough;Stewart Downing;21;7000000.0;Linkes Mittelfeld;Reservebank
53477;England;FC Arsenal;Theo Walcott;17;7500000.0;Rechtsaußen;Reservebank
53477;England;Tottenham Hotspur;Aaron Lennon;19;3500000.0;Rechtsaußen;Reservebank
53477;England;Newcastle United;Michael Owen;26;20000000.0;Mittelstürmer;Reservebank
53477;England;FC Liverpool;Peter Crouch;25;10500000.0;Mittelstürmer;Reservebank
53477;Ecuador;Deportivo Quito;Edwin Villafuerte;27;600000.0;Torwart;Reservebank
53477;Ecuador;SD Aucas;Damián Lanza;24;500000.0;Torwart;Reservebank
53477;Ecuador;CD El Nacional;Jorge Guagua;24;500000.0;Innenverteidiger;Reservebank
53477;Ecuador;CD Olmedo;José Perlaza;24;500000.0;Innenverteidiger;Reservebank
53477;Ecuador;LDU Quito;Paúl Ambrosi;25;1200000.0;Linker Verteidiger;Reservebank
53477;Ecuador;Deportivo Quito;Marlon Ayoví;34;500000.0;Defensives Mittelfeld;Reservebank
53477;Ecuador;LDU Quito;Patricio Urrutia;28;1000000.0;Zentrales Mittelfeld;Reservebank
53477;Ecuador;CD El Nacional;Christian Lara;26;300000.0;Offensives Mittelfeld;Reservebank
53477;Ecuador;Deportivo Quito;Luis Saritama;22;800000.0;Offensives Mittelfeld;Reservebank
53477;Ecuador;CD El Nacional;Christian Benítez;20;400000.0;Mittelstürmer;Reservebank
53477;Ecuador;CD El Nacional;Félix Borja;23;2000000.0;Mittelstürmer;Reservebank
53477;Ecuador;CS Norte América;Iván Kaviedes;28;900000.0;Mittelstürmer;Reservebank
