GameId;team;club;name;age;value;position;role
53476;Deutschland;FC Arsenal;Jens Lehmann;36;5500000.0;Torwart;Startaufstellung
53476;Deutschland;Hannover 96;Per Mertesacker;21;7500000.0;Innenverteidiger;Startaufstellung
53476;Deutschland;Borussia Dortmund;Christoph Metzelder;25;4000000.0;Innenverteidiger;Startaufstellung
53476;Deutschland;FC Bayern München;Philipp Lahm;22;7500000.0;Linker Verteidiger;Startaufstellung
53476;Deutschland;Hertha BSC;Arne Friedrich;27;7500000.0;Rechter Verteidiger;Startaufstellung
53476;Deutschland;SV Werder Bremen;Torsten Frings;29;10000000.0;Defensives Mittelfeld;Startaufstellung
53476;Deutschland;FC Bayern München;Michael Ballack;29;35000000.0;Zentrales Mittelfeld;Startaufstellung
53476;Deutschland;Bayer 04 Leverkusen;Bernd Schneider;32;3200000.0;Rechtes Mittelfeld;Startaufstellung
53476;Deutschland;FC Bayern München;Bastian Schweinsteiger;21;8000000.0;Linkes Mittelfeld;Startaufstellung
53476;Deutschland;1.FC Köln;Lukas Podolski;21;12000000.0;Hängende Spitze;Startaufstellung
53476;Deutschland;SV Werder Bremen;Miroslav Klose;28;20000000.0;Mittelstürmer;Startaufstellung
53476;Schweden;FC Stade Rennes;Andreas Isaksson;24;4000000.0;Torwart;Startaufstellung
53476;Schweden;BK Häcken;Teddy Lucic;33;2000000.0;Innenverteidiger;Startaufstellung
53476;Schweden;Aston Villa;Olof Mellberg;28;7250000.0;Innenverteidiger;Startaufstellung
53476;Schweden;FC Stade Rennes;Erik Edman;27;3000000.0;Linker Verteidiger;Startaufstellung
53476;Schweden;IFK Göteborg;Niclas Alexandersson;34;2000000.0;Rechter Verteidiger;Startaufstellung
53476;Schweden;FC Kopenhagen;Tobias Linderoth;27;2750000.0;Defensives Mittelfeld;Startaufstellung
53476;Schweden;FC Stade Rennes;Kim Källström;23;7500000.0;Offensives Mittelfeld;Startaufstellung
53476;Schweden;FC Arsenal;Freddie Ljungberg;29;14000000.0;Linksaußen;Startaufstellung
53476;Schweden;Djurgardens IF;Mattias Jonson;32;1000000.0;Rechtsaußen;Startaufstellung
53476;Schweden;Juventus Turin;Zlatan Ibrahimovic;24;25000000.0;Mittelstürmer;Startaufstellung
53476;Schweden;FC Barcelona;Henrik Larsson;34;4500000.0;Mittelstürmer;Startaufstellung
53476;Deutschland;FC Bayern München;Oliver Kahn;37;4500000.0;Torwart;Reservebank
53476;Deutschland;VfB Stuttgart;Timo Hildebrand;27;7500000.0;Torwart;Reservebank
53476;Deutschland;Bayer 04 Leverkusen;Jens Nowotny;32;2000000.0;Libero;Reservebank
53476;Deutschland;FC Chelsea;Robert Huth;21;2750000.0;Innenverteidiger;Reservebank
53476;Deutschland;Borussia Mönchengladbach;Marcell Jansen;20;6000000.0;Linker Verteidiger;Reservebank
53476;Deutschland;Borussia Dortmund;Sebastian Kehl;26;8000000.0;Defensives Mittelfeld;Reservebank
53476;Deutschland;VfB Stuttgart;Thomas Hitzlsperger;24;2500000.0;Zentrales Mittelfeld;Reservebank
53476;Deutschland;SV Werder Bremen;Tim Borowski;26;11000000.0;Zentrales Mittelfeld;Reservebank
53476;Deutschland;Borussia Dortmund;David Odonkor;22;3500000.0;Rechtsaußen;Reservebank
53476;Deutschland;VfL Wolfsburg;Mike Hanke;22;3500000.0;Mittelstürmer;Reservebank
53476;Deutschland;Borussia Mönchengladbach;Oliver Neuville;33;3500000.0;Mittelstürmer;Reservebank
53476;Deutschland;FC Schalke 04;Gerald Asamoah;27;5000000.0;Mittelstürmer;Reservebank
53476;Schweden;Fredrikstad FK;Rami Shaaban;30;500000.0;Torwart;Reservebank
53476;Schweden;Viborg FF;John Alvbage;23;500000.0;Torwart;Reservebank
53476;Schweden;IF Elfsborg Boras;Anders Svensson;29;2500000.0;Innenverteidiger;Reservebank
53476;Schweden;Bayer 04 Leverkusen;Fredrik Stenman;23;2000000.0;Innenverteidiger;Reservebank
53476;Schweden;SC Heerenveen;Petter Hansson;29;3250000.0;Innenverteidiger;Reservebank
53476;Schweden;IFK Göteborg;Karl Svensson;22;900000.0;Innenverteidiger;Reservebank
53476;Schweden;Malmö FF;Daniel Andersson;28;3500000.0;Innenverteidiger;Reservebank
53476;Schweden;Panathinaikos Athen;Mikael Nilsson;28;1800000.0;Rechter Verteidiger;Reservebank
53476;Schweden;RSC Anderlecht;Christian Wilhelmsson;26;7000000.0;Rechtsaußen;Reservebank
53476;Schweden;Bröndby IF;Johan Elmander;25;3500000.0;Mittelstürmer;Reservebank
53476;Schweden;FC Kopenhagen;Marcus Allbäck;32;1750000.0;Mittelstürmer;Reservebank
53476;Schweden;Ajax Amsterdam;Markus Rosenberg;23;4500000.0;Mittelstürmer;Reservebank
