GameId;team;club;name;age;value;position;role
53481;Italien;Juventus Turin;Gianluigi Buffon;28;30000000.0;Torwart;Startaufstellung
53481;Italien;FC Internazionale;Marco Materazzi;32;5000000.0;Innenverteidiger;Startaufstellung
53481;Italien;Juventus Turin;Fabio Cannavaro;32;14000000.0;Innenverteidiger;Startaufstellung
53481;Italien;US Palermo;Fabio Grosso;28;7000000.0;Linker Verteidiger;Startaufstellung
53481;Italien;Juventus Turin;Gianluca Zambrotta;29;26000000.0;Rechter Verteidiger;Startaufstellung
53481;Italien;AC Mailand;Andrea Pirlo;27;25000000.0;Zentrales Mittelfeld;Startaufstellung
53481;Italien;AC Mailand;Gennaro Gattuso;28;17000000.0;Zentrales Mittelfeld;Startaufstellung
53481;Italien;AS Rom;Simone Perrotta;28;13500000.0;Rechtes Mittelfeld;Startaufstellung
53481;Italien;Juventus Turin;Alessandro Del Piero;31;16000000.0;Linksaußen;Startaufstellung
53481;Italien;AC Florenz;Luca Toni;29;27000000.0;Mittelstürmer;Startaufstellung
53481;Italien;AC Mailand;Alberto Gilardino;23;27000000.0;Mittelstürmer;Startaufstellung
53481;Australien;FC Middlesbrough;Mark Schwarzer;33;3750000.0;Torwart;Startaufstellung
53481;Australien;Blackburn Rovers;Lucas Neill;28;3000000.0;Innenverteidiger;Startaufstellung
53481;Australien;Newcastle United;Craig Moore;30;800000.0;Innenverteidiger;Startaufstellung
53481;Australien;FC Basel 1893;Scott Chipperfield;30;2400000.0;Innenverteidiger;Startaufstellung
53481;Australien;Parma FC;Vince Grella;26;2500000.0;Zentrales Mittelfeld;Startaufstellung
53481;Australien;PSV Eindhoven;Jason Culina;25;3000000.0;Rechtes Mittelfeld;Startaufstellung
53481;Australien;Bristol City;Luke Wilkshire;24;500000.0;Linkes Mittelfeld;Startaufstellung
53481;Australien;FC Everton;Tim Cahill;26;8500000.0;Offensives Mittelfeld;Startaufstellung
53481;Australien;Parma FC;Mark Bresciano;26;4500000.0;Linksaußen;Startaufstellung
53481;Australien;FC Basel 1893;Mile Sterjovski;27;750000.0;Rechtsaußen;Startaufstellung
53481;Australien;FC Middlesbrough;Mark Viduka;30;5500000.0;Mittelstürmer;Startaufstellung
53481;Italien;Lazio Rom;Angelo Peruzzi;36;3000000.0;Torwart;Reservebank
53481;Italien;AS Livorno;Marco Amelia;24;11000000.0;Torwart;Reservebank
53481;Italien;US Palermo;Cristian Zaccardo;24;8000000.0;Innenverteidiger;Reservebank
53481;Italien;US Palermo;Andrea Barzagli;25;10000000.0;Innenverteidiger;Reservebank
53481;Italien;Lazio Rom;Massimo Oddo;30;10000000.0;Rechter Verteidiger;Reservebank
53481;Italien;US Palermo;Simone Barone;28;6000000.0;Zentrales Mittelfeld;Reservebank
53481;Italien;Juventus Turin;Mauro Germán Camoranesi;29;18000000.0;Rechtes Mittelfeld;Reservebank
53481;Italien;AS Rom;Francesco Totti;29;37000000.0;Offensives Mittelfeld;Reservebank
53481;Italien;Udinese Calcio;Vincenzo Iaquinta;26;11000000.0;Mittelstürmer;Reservebank
53481;Italien;AC Mailand;Filippo Inzaghi;32;9000000.0;Mittelstürmer;Reservebank
53481;Australien;Deportivo Alavés;John Aloisi;30;2250000.0;Mittelstürmer;Reservebank
