GameId;team;club;name;age;value;position;role
53485;England;Tottenham Hotspur;Paul Robinson;26;9000000.0;Torwart;Startaufstellung
53485;England;Manchester United;Rio Ferdinand;27;25000000.0;Innenverteidiger;Startaufstellung
53485;England;FC Chelsea;John Terry;25;30000000.0;Innenverteidiger;Startaufstellung
53485;England;FC Arsenal;Ashley Cole;25;17000000.0;Linker Verteidiger;Startaufstellung
53485;England;Manchester United;Gary Neville;31;7000000.0;Rechter Verteidiger;Startaufstellung
53485;England;FC Bayern München;Owen Hargreaves;25;8000000.0;Defensives Mittelfeld;Startaufstellung
53485;England;FC Chelsea;Frank Lampard;28;38500000.0;Zentrales Mittelfeld;Startaufstellung
53485;England;FC Liverpool;Steven Gerrard;26;34000000.0;Zentrales Mittelfeld;Startaufstellung
53485;England;Real Madrid;David Beckham;31;22000000.0;Rechtes Mittelfeld;Startaufstellung
53485;England;FC Chelsea;Joe Cole;24;16500000.0;Linkes Mittelfeld;Startaufstellung
53485;England;Manchester United;Wayne Rooney;20;36000000.0;Mittelstürmer;Startaufstellung
53485;Portugal;Sporting Lissabon;Ricardo;30;4000000.0;Torwart;Startaufstellung
53485;Portugal;VfB Stuttgart;Fernando Meira;28;9000000.0;Innenverteidiger;Startaufstellung
53485;Portugal;FC Chelsea;Ricardo Carvalho;28;17500000.0;Innenverteidiger;Startaufstellung
53485;Portugal;FC Everton;Nuno Valente;31;3750000.0;Linker Verteidiger;Startaufstellung
53485;Portugal;FC Valencia;Miguel;26;10000000.0;Rechter Verteidiger;Startaufstellung
53485;Portugal;Benfica Lissabon;Petit;29;7000000.0;Defensives Mittelfeld;Startaufstellung
53485;Portugal;Olympique Lyon;Tiago;25;12000000.0;Rechtes Mittelfeld;Startaufstellung
53485;Portugal;Dinamo Moskau;Maniche;28;13000000.0;Linkes Mittelfeld;Startaufstellung
53485;Portugal;Manchester United;Cristiano Ronaldo;21;25000000.0;Hängende Spitze;Startaufstellung
53485;Portugal;FC Internazionale;Luís Figo;33;13000000.0;Hängende Spitze;Startaufstellung
53485;Portugal;FC Paris Saint-Germain;Pauleta;33;11500000.0;Mittelstürmer;Startaufstellung
53485;England;Manchester City;David James;35;3600000.0;Torwart;Reservebank
53485;England;FC Liverpool;Scott Carson;20;1750000.0;Torwart;Reservebank
53485;England;FC Arsenal;Sol Campbell;31;10000000.0;Innenverteidiger;Reservebank
53485;England;FC Liverpool;Jamie Carragher;28;15750000.0;Innenverteidiger;Reservebank
53485;England;FC Chelsea;Wayne Bridge;25;7750000.0;Linker Verteidiger;Reservebank
53485;England;Tottenham Hotspur;Michael Carrick;24;8300000.000000001;Defensives Mittelfeld;Reservebank
53485;England;Tottenham Hotspur;Jermaine Jenas;23;12700000.0;Zentrales Mittelfeld;Reservebank
53485;England;FC Middlesbrough;Stewart Downing;21;7000000.0;Linkes Mittelfeld;Reservebank
53485;England;FC Arsenal;Theo Walcott;17;7500000.0;Rechtsaußen;Reservebank
53485;England;Tottenham Hotspur;Aaron Lennon;19;3500000.0;Rechtsaußen;Reservebank
53485;England;Newcastle United;Michael Owen;26;20000000.0;Mittelstürmer;Reservebank
53485;England;FC Liverpool;Peter Crouch;25;10500000.0;Mittelstürmer;Reservebank
53485;Portugal;SC Braga;Paulo Santos;33;1000000.0;Torwart;Reservebank
53485;Portugal;Benfica Lissabon;Quim;30;1250000.0;Torwart;Reservebank
53485;Portugal;Sporting Lissabon;Marco Caneira;27;2100000.0;Innenverteidiger;Reservebank
53485;Portugal;FC Porto;Ricardo Costa;25;3750000.0;Innenverteidiger;Reservebank
53485;Portugal;FC Chelsea;Paulo Ferreira;27;13000000.0;Rechter Verteidiger;Reservebank
53485;Portugal;Atlético Madrid;Costinha;31;15000000.0;Defensives Mittelfeld;Reservebank
53485;Portugal;FC Valencia;Hugo Viana;23;7500000.0;Zentrales Mittelfeld;Reservebank
53485;Portugal;FC Fulham;Luís Boa Morte;28;3500000.0;Linkes Mittelfeld;Reservebank
53485;Portugal;FC Barcelona;Deco;28;24250000.0;Offensives Mittelfeld;Reservebank
53485;Portugal;Benfica Lissabon;Simão Sabrosa;26;15000000.0;Linksaußen;Reservebank
53485;Portugal;Benfica Lissabon;Nuno Gomes;29;8500000.0;Mittelstürmer;Reservebank
53485;Portugal;FC Porto;Hélder Postiga;23;4500000.0;Mittelstürmer;Reservebank
