GameId;team;club;name;age;value;position;role
53484;Deutschland;FC Arsenal;Jens Lehmann;36;5500000.0;Torwart;Startaufstellung
53484;Deutschland;Hannover 96;Per Mertesacker;21;7500000.0;Innenverteidiger;Startaufstellung
53484;Deutschland;Borussia Dortmund;Christoph Metzelder;25;4000000.0;Innenverteidiger;Startaufstellung
53484;Deutschland;FC Bayern München;Philipp Lahm;22;7500000.0;Linker Verteidiger;Startaufstellung
53484;Deutschland;Hertha BSC;Arne Friedrich;27;7500000.0;Rechter Verteidiger;Startaufstellung
53484;Deutschland;SV Werder Bremen;Torsten Frings;29;10000000.0;Defensives Mittelfeld;Startaufstellung
53484;Deutschland;FC Bayern München;Michael Ballack;29;35000000.0;Zentrales Mittelfeld;Startaufstellung
53484;Deutschland;Bayer 04 Leverkusen;Bernd Schneider;32;3200000.0;Rechtes Mittelfeld;Startaufstellung
53484;Deutschland;FC Bayern München;Bastian Schweinsteiger;21;8000000.0;Linkes Mittelfeld;Startaufstellung
53484;Deutschland;1.FC Köln;Lukas Podolski;21;12000000.0;Hängende Spitze;Startaufstellung
53484;Deutschland;SV Werder Bremen;Miroslav Klose;28;20000000.0;Mittelstürmer;Startaufstellung
53484;Argentinien;Club Atlético Boca Juniors;Roberto Abbondanzieri;33;2500000.0;Torwart;Startaufstellung
53484;Argentinien;Manchester United;Gabriel Heinze;28;16250000.0;Innenverteidiger;Startaufstellung
53484;Argentinien;FC Valencia;Roberto Ayala;33;8750000.0;Innenverteidiger;Startaufstellung
53484;Argentinien;FC Villarreal;Juan Pablo Sorín;30;5500000.0;Linker Verteidiger;Startaufstellung
53484;Argentinien;Deportivo La Coruna ;Fabricio Coloccini;24;8000000.0;Rechter Verteidiger;Startaufstellung
53484;Argentinien;Corinthians Sao Paulo;Javier Mascherano;22;11800000.0;Defensives Mittelfeld;Startaufstellung
53484;Argentinien;Atlético Madrid;Maxi Rodríguez;25;9000000.0;Rechtes Mittelfeld;Startaufstellung
53484;Argentinien;FC Porto;Lucho González;25;14000000.0;Linkes Mittelfeld;Startaufstellung
53484;Argentinien;FC Villarreal;Juan Riquelme;28;18000000.0;Offensives Mittelfeld;Startaufstellung
53484;Argentinien;Corinthians Sao Paulo;Carlos Tévez;22;15000000.0;Mittelstürmer;Startaufstellung
53484;Argentinien;FC Chelsea;Hernán Crespo;30;14000000.0;Mittelstürmer;Startaufstellung
53484;Deutschland;FC Bayern München;Oliver Kahn;37;4500000.0;Torwart;Reservebank
53484;Deutschland;VfB Stuttgart;Timo Hildebrand;27;7500000.0;Torwart;Reservebank
53484;Deutschland;Bayer 04 Leverkusen;Jens Nowotny;32;2000000.0;Libero;Reservebank
53484;Deutschland;FC Chelsea;Robert Huth;21;2750000.0;Innenverteidiger;Reservebank
53484;Deutschland;Borussia Mönchengladbach;Marcell Jansen;20;6000000.0;Linker Verteidiger;Reservebank
53484;Deutschland;Borussia Dortmund;Sebastian Kehl;26;8000000.0;Defensives Mittelfeld;Reservebank
53484;Deutschland;VfB Stuttgart;Thomas Hitzlsperger;24;2500000.0;Zentrales Mittelfeld;Reservebank
53484;Deutschland;SV Werder Bremen;Tim Borowski;26;11000000.0;Zentrales Mittelfeld;Reservebank
53484;Deutschland;Borussia Dortmund;David Odonkor;22;3500000.0;Rechtsaußen;Reservebank
53484;Deutschland;VfL Wolfsburg;Mike Hanke;22;3500000.0;Mittelstürmer;Reservebank
53484;Deutschland;Borussia Mönchengladbach;Oliver Neuville;33;3500000.0;Mittelstürmer;Reservebank
53484;Deutschland;FC Schalke 04;Gerald Asamoah;27;5000000.0;Mittelstürmer;Reservebank
53484;Argentinien;Atlético Madrid;Leo Franco;29;6500000.0;Torwart;Reservebank
53484;Argentinien;CA Independiente de Avellaneda;Óscar Ustari;19;1500000.0;Torwart;Reservebank
53484;Argentinien;Real Saragossa ;Gabriel Milito;25;8500000.0;Innenverteidiger;Reservebank
53484;Argentinien;FC Internazionale;Nicolás Burdisso;25;6000000.0;Innenverteidiger;Reservebank
53484;Argentinien;AS Rom;Leandro Cufré;28;4000000.0;Linker Verteidiger;Reservebank
53484;Argentinien;Deportivo La Coruna ;Lionel Scaloni;28;4000000.0;Rechter Verteidiger;Reservebank
53484;Argentinien;FC Internazionale;Esteban Cambiasso;25;19000000.0;Defensives Mittelfeld;Reservebank
53484;Argentinien;FC Valencia;Pablo Aimar;26;18000000.0;Offensives Mittelfeld;Reservebank
53484;Argentinien;FC Barcelona;Lionel Messi;19;15000000.0;Rechtsaußen;Reservebank
53484;Argentinien;FC Barcelona;Javier Saviola;24;11500000.0;Hängende Spitze;Reservebank
53484;Argentinien;Club Atlético Boca Juniors;Rodrigo Palacio;24;3000000.0;Mittelstürmer;Reservebank
53484;Argentinien;FC Internazionale;Julio Cruz;31;7000000.0;Mittelstürmer;Reservebank
