GameId;team;club;name;age;value;position;role
53491;Italien;Juventus Turin;Gianluigi Buffon;28;30000000.0;Torwart;Startaufstellung
53491;Italien;FC Internazionale;Marco Materazzi;32;5000000.0;Innenverteidiger;Startaufstellung
53491;Italien;Real Madrid;Fabio Cannavaro;32;14000000.0;Innenverteidiger;Startaufstellung
53491;Italien;US Palermo;Fabio Grosso;28;7000000.0;Linker Verteidiger;Startaufstellung
53491;Italien;Juventus Turin;Gianluca Zambrotta;29;26000000.0;Rechter Verteidiger;Startaufstellung
53491;Italien;AC Mailand;Andrea Pirlo;27;25000000.0;Defensives Mittelfeld;Startaufstellung
53491;Italien;AC Mailand;Gennaro Gattuso;28;17000000.0;Zentrales Mittelfeld;Startaufstellung
53491;Italien;Juventus Turin;Mauro Germán Camoranesi;29;18000000.0;Rechtes Mittelfeld;Startaufstellung
53491;Italien;AS Rom;Simone Perrotta;28;13500000.0;Linkes Mittelfeld;Startaufstellung
53491;Italien;AS Rom;Francesco Totti;29;37000000.0;Hängende Spitze;Startaufstellung
53491;Italien;AC Florenz;Luca Toni;29;27000000.0;Mittelstürmer;Startaufstellung
53491;Frankreich;pausiert;Fabien Barthez;35;3000000.0;Torwart;Startaufstellung
53491;Frankreich;FC Chelsea;William Gallas;28;14700000.0;Innenverteidiger;Startaufstellung
53491;Frankreich;FC Barcelona;Lilian Thuram;34;5000000.0;Innenverteidiger;Startaufstellung
53491;Frankreich;Olympique Lyon;Éric Abidal;26;8500000.0;Linker Verteidiger;Startaufstellung
53491;Frankreich;FC Bayern München;Willy Sagnol;29;13500000.0;Rechter Verteidiger;Startaufstellung
53491;Frankreich;FC Internazionale;Patrick Vieira;30;28000000.0;Defensives Mittelfeld;Startaufstellung
53491;Frankreich;FC Chelsea;Claude Makélélé;33;9000000.0;Defensives Mittelfeld;Startaufstellung
53491;Frankreich;Real Madrid;Zinédine Zidane;34;12500000.0;Offensives Mittelfeld;Startaufstellung
53491;Frankreich;Olympique Lyon;Florent Malouda;26;10000000.0;Linksaußen;Startaufstellung
53491;Frankreich;Olympique Marseille;Franck Ribéry;23;11000000.0;Rechtsaußen;Startaufstellung
53491;Frankreich;FC Arsenal;Thierry Henry;28;50000000.0;Mittelstürmer;Startaufstellung
53491;Italien;Lazio Rom;Angelo Peruzzi;36;3000000.0;Torwart;Reservebank
53491;Italien;AS Livorno;Marco Amelia;24;11000000.0;Torwart;Reservebank
53491;Italien;US Palermo;Cristian Zaccardo;24;8000000.0;Innenverteidiger;Reservebank
53491;Italien;US Palermo;Andrea Barzagli;25;10000000.0;Innenverteidiger;Reservebank
53491;Italien;AC Mailand;Alessandro Nesta;30;29000000.0;Innenverteidiger;Reservebank
53491;Italien;Lazio Rom;Massimo Oddo;30;10000000.0;Rechter Verteidiger;Reservebank
53491;Italien;AS Rom;Daniele De Rossi;22;18000000.0;Defensives Mittelfeld;Reservebank
53491;Italien;US Palermo;Simone Barone;28;6000000.0;Zentrales Mittelfeld;Reservebank
53491;Italien;Juventus Turin;Alessandro Del Piero;31;16000000.0;Hängende Spitze;Reservebank
53491;Italien;AC Mailand;Alberto Gilardino;24;27000000.0;Mittelstürmer;Reservebank
53491;Italien;Udinese Calcio;Vincenzo Iaquinta;26;11000000.0;Mittelstürmer;Reservebank
53491;Italien;AC Mailand;Filippo Inzaghi;32;9000000.0;Mittelstürmer;Reservebank
53491;Frankreich;FC Paris Saint-Germain;Mickaël Landreau;27;6500000.0;Torwart;Reservebank
53491;Frankreich;Olympique Lyon;Grégory Coupet;33;8000000.0;Torwart;Reservebank
53491;Frankreich;Manchester United;Mikaël Silvestre;28;6750000.0;Innenverteidiger;Reservebank
53491;Frankreich;AS Monaco;Gaël Givet;24;7500000.0;Innenverteidiger;Reservebank
53491;Frankreich;Newcastle United;Jean-Alain Boumsong;26;7500000.0;Innenverteidiger;Reservebank
53491;Frankreich;Wigan Athletic;Pascal Chimbonda;27;4000000.0;Rechter Verteidiger;Reservebank
53491;Frankreich;RC Lens;Alou Diarra;24;5000000.0;Defensives Mittelfeld;Reservebank
53491;Frankreich;FC Paris Saint-Germain;Vikash Dhorasoo;32;3000000.0;Zentrales Mittelfeld;Reservebank
53491;Frankreich;Olympique Lyon;Sidney Govou;26;8000000.0;Rechtsaußen;Reservebank
53491;Frankreich;Olympique Lyon;Sylvain Wiltord;32;7000000.0;Hängende Spitze;Reservebank
53491;Frankreich;Juventus Turin;David Trézéguet;28;30000000.0;Mittelstürmer;Reservebank
