GameId;team;club;name;age;value;position;role
53490;Deutschland;FC Bayern München;Oliver Kahn;37;4500000.0;Torwart;Startaufstellung
53490;Deutschland;GNK Dinamo Zagreb;Jens Nowotny;32;2000000.0;Innenverteidiger;Startaufstellung
53490;Deutschland;Borussia Dortmund;Christoph Metzelder;25;4000000.0;Innenverteidiger;Startaufstellung
53490;Deutschland;Borussia Mönchengladbach;Marcell Jansen;20;6000000.0;Linker Verteidiger;Startaufstellung
53490;Deutschland;FC Bayern München;Philipp Lahm;22;7500000.0;Rechter Verteidiger;Startaufstellung
53490;Deutschland;Borussia Dortmund;Sebastian Kehl;26;8000000.0;Zentrales Mittelfeld;Startaufstellung
53490;Deutschland;SV Werder Bremen;Torsten Frings;29;10000000.0;Zentrales Mittelfeld;Startaufstellung
53490;Deutschland;Bayer 04 Leverkusen;Bernd Schneider;32;3200000.0;Rechtes Mittelfeld;Startaufstellung
53490;Deutschland;FC Bayern München;Bastian Schweinsteiger;21;8000000.0;Linkes Mittelfeld;Startaufstellung
53490;Deutschland;1.FC Köln;Lukas Podolski;21;12000000.0;Hängende Spitze;Startaufstellung
53490;Deutschland;SV Werder Bremen;Miroslav Klose;28;20000000.0;Mittelstürmer;Startaufstellung
53490;Portugal;Sporting Lissabon;Ricardo;30;4000000.0;Torwart;Startaufstellung
53490;Portugal;FC Porto;Ricardo Costa;25;3750000.0;Innenverteidiger;Startaufstellung
53490;Portugal;VfB Stuttgart;Fernando Meira;28;9000000.0;Innenverteidiger;Startaufstellung
53490;Portugal;FC Everton;Nuno Valente;31;3750000.0;Linker Verteidiger;Startaufstellung
53490;Portugal;FC Chelsea;Paulo Ferreira;27;13000000.0;Rechter Verteidiger;Startaufstellung
53490;Portugal;Atlético Madrid;Costinha;31;15000000.0;Defensives Mittelfeld;Startaufstellung
53490;Portugal;Dinamo Moskau;Maniche;28;13000000.0;Defensives Mittelfeld;Startaufstellung
53490;Portugal;FC Barcelona;Deco;28;24250000.0;Offensives Mittelfeld;Startaufstellung
53490;Portugal;Benfica Lissabon;Simão Sabrosa;26;15000000.0;Linksaußen;Startaufstellung
53490;Portugal;Manchester United;Cristiano Ronaldo;21;25000000.0;Rechtsaußen;Startaufstellung
53490;Portugal;FC Paris Saint-Germain;Pauleta;33;11500000.0;Mittelstürmer;Startaufstellung
53490;Deutschland;FC Arsenal;Jens Lehmann;36;5500000.0;Torwart;Reservebank
53490;Deutschland;VfB Stuttgart;Timo Hildebrand;27;7500000.0;Torwart;Reservebank
53490;Deutschland;FC Chelsea;Robert Huth;21;2750000.0;Innenverteidiger;Reservebank
53490;Deutschland;VfB Stuttgart;Thomas Hitzlsperger;24;2500000.0;Linkes Mittelfeld;Reservebank
53490;Deutschland;Borussia Dortmund;David Odonkor;22;3500000.0;Rechtsaußen;Reservebank
53490;Deutschland;VfL Wolfsburg;Mike Hanke;22;3500000.0;Mittelstürmer;Reservebank
53490;Deutschland;Borussia Mönchengladbach;Oliver Neuville;33;3500000.0;Hängende Spitze;Reservebank
53490;Deutschland;FC Schalke 04;Gerald Asamoah;27;5000000.0;Mittelstürmer;Reservebank
53490;Portugal;SC Braga;Paulo Santos;33;1000000.0;Torwart;Reservebank
53490;Portugal;Benfica Lissabon;Quim;30;1250000.0;Torwart;Reservebank
53490;Portugal;Sporting Lissabon;Marco Caneira;27;2100000.0;Innenverteidiger;Reservebank
53490;Portugal;Benfica Lissabon;Petit;29;7000000.0;Defensives Mittelfeld;Reservebank
53490;Portugal;FC Valencia;Hugo Viana;23;7500000.0;Zentrales Mittelfeld;Reservebank
53490;Portugal;Olympique Lyon;Tiago;25;12000000.0;Zentrales Mittelfeld;Reservebank
53490;Portugal;FC Fulham;Luís Boa Morte;28;3500000.0;Linkes Mittelfeld;Reservebank
53490;Portugal;FC Internazionale;Luís Figo;33;13000000.0;Rechtsaußen;Reservebank
53490;Portugal;Benfica Lissabon;Nuno Gomes;30;8500000.0;Mittelstürmer;Reservebank
53490;Portugal;FC Porto;Hélder Postiga;23;4500000.0;Mittelstürmer;Reservebank
