GameId;team;club;name;age;value;position;role
88029;Schweiz;VfL Wolfsburg;Diego Benaglio;24;5000000.0;Torwart;Startaufstellung
88029;Schweiz;Olympique Lyon;Patrick Müller;31;800000.0;Innenverteidiger;Startaufstellung
88029;Schweiz;FC Arsenal;Philippe Senderos;23;6500000.0;Innenverteidiger;Startaufstellung
88029;Schweiz;VfB Stuttgart;Ludovic Magnin;29;3500000.0;Linker Verteidiger;Startaufstellung
88029;Schweiz;LOSC Lille;Stephan Lichtsteiner;24;5000000.0;Rechter Verteidiger;Startaufstellung
88029;Schweiz;Manchester City;Gelson Fernandes;21;4500000.0;Defensives Mittelfeld;Startaufstellung
88029;Schweiz;Udinese Calcio;Gökhan Inler;23;5500000.0;Zentrales Mittelfeld;Startaufstellung
88029;Schweiz;Bayer 04 Leverkusen;Tranquillo Barnetta;23;9500000.0;Linksaußen;Startaufstellung
88029;Schweiz;Lazio Rom;Valon Behrami;23;5000000.0;Rechtsaußen;Startaufstellung
88029;Schweiz;FC Basel 1893;Marco Streller;26;2500000.0;Mittelstürmer;Startaufstellung
88029;Schweiz;Borussia Dortmund;Alex Frei;28;11000000.0;Mittelstürmer;Startaufstellung
88029;Tschechien;FC Chelsea;Petr Cech;26;28000000.0;Torwart;Startaufstellung
88029;Tschechien;AC Florenz;Tomás Ujfalusi;30;10500000.0;Innenverteidiger;Startaufstellung
88029;Tschechien;Lazio Rom;David Rozehnal;27;4000000.0;Innenverteidiger;Startaufstellung
88029;Tschechien;AC Mailand;Marek Jankulovski;31;9000000.0;Linker Verteidiger;Startaufstellung
88029;Tschechien;Juventus Turin;Zdenek Grygera;28;5500000.0;Rechter Verteidiger;Startaufstellung
88029;Tschechien;1.FC Nürnberg;Tomás Galásek;35;2000000.0;Defensives Mittelfeld;Startaufstellung
88029;Tschechien;RSC Anderlecht;Jan Polak;27;4000000.0;Zentrales Mittelfeld;Startaufstellung
88029;Tschechien;Hamburger SV;David Jarolím;29;7000000.0;Zentrales Mittelfeld;Startaufstellung
88029;Tschechien;CA Osasuna;Jaroslav Plasil;26;3600000.0;Linksaußen;Startaufstellung
88029;Tschechien;FC Kopenhagen;Libor Sionko;31;3750000.0;Rechtsaußen;Startaufstellung
88029;Tschechien;1.FC Nürnberg;Jan Koller;35;2000000.0;Mittelstürmer;Startaufstellung
88029;Schweiz;Neuchâtel Xamax;Pascal Zuberbühler;37;650000.0;Torwart;Reservebank
88029;Schweiz;Grasshopper Club Zürich;Eldin Jakupovic;23;1300000.0;Torwart;Reservebank
88029;Schweiz;AJ Auxerre;Stéphane Grichting;29;2000000.0;Innenverteidiger;Reservebank
88029;Schweiz;FC Arsenal;Johan Djourou;21;3750000.0;Innenverteidiger;Reservebank
88029;Schweiz;Borussia Dortmund;Philipp Degen;25;2500000.0;Rechter Verteidiger;Reservebank
88029;Schweiz;Eintracht Frankfurt;Christoph Spycher;30;3000000.0;Defensives Mittelfeld;Reservebank
88029;Schweiz;FC Basel 1893;Benjamin Huggel;30;1200000.0;Defensives Mittelfeld;Reservebank
88029;Schweiz;Grasshopper Club Zürich;Ricardo Cabanas;29;1150000.0;Zentrales Mittelfeld;Reservebank
88029;Schweiz;Red Bull Salzburg;Johan Vonlanthen;22;2000000.0;Rechtsaußen;Reservebank
88029;Schweiz;BSC Young Boys;Hakan Yakin;31;2700000.0;Hängende Spitze;Reservebank
88029;Schweiz;FC Metz;Daniel Gygax;26;1700000.0;Offensives Mittelfeld;Reservebank
88029;Schweiz;FC Basel 1893;Eren Derdiyok;19;1200000.0;Mittelstürmer;Reservebank
88029;Tschechien;RSC Anderlecht;Daniel Zitka;32;2500000.0;Torwart;Reservebank
88029;Tschechien;1.FC Nürnberg;Jaromír Blazek;35;1200000.0;Torwart;Reservebank
88029;Tschechien;AC Sparta Prag;Michal Kadlec;23;2000000.0;Innenverteidiger;Reservebank
88029;Tschechien;Spartak Moskau;Radoslav Kovac;28;5000000.0;Defensives Mittelfeld;Reservebank
88029;Tschechien;AC Sparta Prag;Tomás Sivok;24;3500000.0;Innenverteidiger;Reservebank
88029;Tschechien;FC Reading;Marek Matejovsky;26;2000000.0;Zentrales Mittelfeld;Reservebank
88029;Tschechien;Hertha BSC;Rudi Skácel;28;2500000.0;Offensives Mittelfeld;Reservebank
88029;Tschechien;RSC Anderlecht;Stanislav Vlcek;32;2500000.0;Rechtsaußen;Reservebank
88029;Tschechien;Eintracht Frankfurt;Martin Fenin;21;3500000.0;Mittelstürmer;Reservebank
88029;Tschechien;FC Banik Ostrau;Vaclav Sverkos;24;1500000.0;Mittelstürmer;Reservebank
88029;Tschechien;Olympique Lyon;Milan Baros;26;5500000.0;Mittelstürmer;Reservebank
