GameId;team;club;name;age;value;position;role
88034;Niederlande;Manchester United;Edwin van der Sar;37;5000000.0;Torwart;Startaufstellung
88034;Niederlande;Hamburger SV;Joris Mathijsen;28;12000000.0;Innenverteidiger;Startaufstellung
88034;Niederlande;Blackburn Rovers;André Ooijer;33;3000000.0;Innenverteidiger;Startaufstellung
88034;Niederlande;Feyenoord Rotterdam;Giovanni van Bronckhorst;33;5200000.0;Linker Verteidiger;Startaufstellung
88034;Niederlande;FC Sevilla;Khalid Boulahrouz;26;5000000.0;Rechter Verteidiger;Startaufstellung
88034;Niederlande;FC Twente Enschede;Orlando Engelaar;28;3500000.0;Defensives Mittelfeld;Startaufstellung
88034;Niederlande;Hamburger SV;Nigel de Jong;23;8500000.0;Defensives Mittelfeld;Startaufstellung
88034;Niederlande;Hamburger SV;Rafael van der Vaart;25;23000000.0;Offensives Mittelfeld;Startaufstellung
88034;Niederlande;Real Madrid;Wesley Sneijder;24;24000000.0;Linksaußen;Startaufstellung
88034;Niederlande;FC Liverpool;Dirk Kuyt;27;12500000.0;Rechtsaußen;Startaufstellung
88034;Niederlande;Real Madrid;Ruud van Nistelrooy;31;30000000.0;Mittelstürmer;Startaufstellung
88034;Italien;Juventus Turin;Gianluigi Buffon;30;30000000.0;Torwart;Startaufstellung
88034;Italien;FC Internazionale;Marco Materazzi;34;7500000.0;Innenverteidiger;Startaufstellung
88034;Italien;US Palermo;Andrea Barzagli;27;14500000.0;Innenverteidiger;Startaufstellung
88034;Italien;FC Barcelona;Gianluca Zambrotta;31;16000000.0;Linker Verteidiger;Startaufstellung
88034;Italien;AS Rom;Christian Panucci;35;4000000.0;Rechter Verteidiger;Startaufstellung
88034;Italien;AC Mailand;Andrea Pirlo;29;36000000.0;Defensives Mittelfeld;Startaufstellung
88034;Italien;AC Mailand;Gennaro Gattuso;30;22000000.0;Zentrales Mittelfeld;Startaufstellung
88034;Italien;AC Mailand;Massimo Ambrosini;31;9000000.0;Zentrales Mittelfeld;Startaufstellung
88034;Italien;Udinese Calcio;Antonio Di Natale;30;15000000.0;Linksaußen;Startaufstellung
88034;Italien;Juventus Turin;Mauro Germán Camoranesi;31;15500000.0;Rechtsaußen;Startaufstellung
88034;Italien;FC Bayern München;Luca Toni;31;28500000.0;Mittelstürmer;Startaufstellung
88034;Niederlande;Feyenoord Rotterdam;Henk Timmer;36;2500000.0;Torwart;Reservebank
88034;Niederlande;Ajax Amsterdam;Maarten Stekelenburg;25;5500000.0;Torwart;Reservebank
88034;Niederlande;Ajax Amsterdam;Johnny Heitinga;24;7000000.0;Rechter Verteidiger;Reservebank
88034;Niederlande;Aston Villa;Wilfred Bouma;29;5250000.0;Linker Verteidiger;Reservebank
88034;Niederlande;Feyenoord Rotterdam;Tim de Cler;29;5000000.0;Linker Verteidiger;Reservebank
88034;Niederlande;Wigan Athletic;Mario Melchiot;31;3250000.0;Rechter Verteidiger;Reservebank
88034;Niederlande;AZ Alkmaar;Demy de Zeeuw;25;4500000.0;Zentrales Mittelfeld;Reservebank
88034;Niederlande;PSV Eindhoven;Ibrahim Afellay;22;5000000.0;Rechtsaußen;Reservebank
88034;Niederlande;FC Arsenal;Robin van Persie;24;16000000.0;Mittelstürmer;Reservebank
88034;Niederlande;Ajax Amsterdam;Klaas-Jan Huntelaar;24;15000000.0;Mittelstürmer;Reservebank
88034;Niederlande;Celtic Glasgow;Jan Vennegoor of Hesselink;29;7500000.0;Mittelstürmer;Reservebank
88034;Italien;AS Livorno;Marco Amelia;26;10000000.0;Torwart;Reservebank
88034;Italien;FC Sevilla;Morgan De Sanctis;31;4800000.0;Torwart;Reservebank
88034;Italien;Juventus Turin;Giorgio Chiellini;23;15000000.0;Innenverteidiger;Reservebank
88034;Italien;AC Florenz;Alessandro Gamberini;26;8500000.0;Innenverteidiger;Reservebank
88034;Italien;Olympique Lyon;Fabio Grosso;30;10000000.0;Innenverteidiger;Reservebank
88034;Italien;AS Rom;Daniele De Rossi;24;30000000.0;Defensives Mittelfeld;Reservebank
88034;Italien;AS Rom;Alberto Aquilani;23;16000000.0;Zentrales Mittelfeld;Reservebank
88034;Italien;AS Rom;Simone Perrotta;30;15000000.0;Offensives Mittelfeld;Reservebank
88034;Italien;Juventus Turin;Alessandro Del Piero;33;14000000.0;Linksaußen;Reservebank
88034;Italien;Sampdoria Genua;Antonio Cassano;25;9000000.0;Rechtsaußen;Reservebank
88034;Italien;FC Genua 1893;Marco Borriello;25;8000000.0;Mittelstürmer;Reservebank
88034;Italien;Udinese Calcio;Fabio Quagliarella;25;13000000.0;Mittelstürmer;Reservebank
