GameId;team;club;name;age;value;position;role
88036;Griechenland;Olympiakos Piräus;Antonis Nikopolidis;37;2000000.0;Torwart;Startaufstellung
88036;Griechenland;AEK Athen;Traianos Dellas;32;3300000.0;Libero;Startaufstellung
88036;Griechenland;Eintracht Frankfurt;Sotiris Kyrgiakos;28;6000000.0;Innenverteidiger;Startaufstellung
88036;Griechenland;Olympiakos Piräus;Paraskevas Antzas;31;2750000.0;Innenverteidiger;Startaufstellung
88036;Griechenland;Olympiakos Piräus;Vasilios Torosidis;23;5500000.0;Linker Verteidiger;Startaufstellung
88036;Griechenland;Atlético Madrid;Georgios Seitaridis;27;6000000.0;Rechter Verteidiger;Startaufstellung
88036;Griechenland;RCD Mallorca;Angelos Basinas;32;3200000.0;Defensives Mittelfeld;Startaufstellung
88036;Griechenland;Benfica Lissabon;Konstantinos Katsouranis;28;7500000.0;Defensives Mittelfeld;Startaufstellung
88036;Griechenland;Panathinaikos Athen;Georgios Karagounis;31;6000000.0;Linksaußen;Startaufstellung
88036;Griechenland;1.FC Nürnberg;Angelos Charisteas;28;3000000.0;Rechtsaußen;Startaufstellung
88036;Griechenland;Bayer 04 Leverkusen;Theofanis Gekas;28;7000000.0;Mittelstürmer;Startaufstellung
88036;Schweden;Manchester City;Andreas Isaksson;26;3000000.0;Torwart;Startaufstellung
88036;Schweden;Aston Villa;Olof Mellberg;30;7500000.0;Innenverteidiger;Startaufstellung
88036;Schweden;FC Stade Rennes;Petter Hansson;31;3500000.0;Innenverteidiger;Startaufstellung
88036;Schweden;Panathinaikos Athen;Mikael Nilsson;29;2500000.0;Linker Verteidiger;Startaufstellung
88036;Schweden;IFK Göteborg;Niclas Alexandersson;36;1000000.0;Rechter Verteidiger;Startaufstellung
88036;Schweden;Malmö FF;Daniel Andersson;30;3500000.0;Defensives Mittelfeld;Startaufstellung
88036;Schweden;IF Elfsborg Boras;Anders Svensson;31;3000000.0;Zentrales Mittelfeld;Startaufstellung
88036;Schweden;West Ham United;Freddie Ljungberg;31;6000000.0;Linksaußen;Startaufstellung
88036;Schweden;Deportivo La Coruna ;Christian Wilhelmsson;28;3400000.0;Rechtsaußen;Startaufstellung
88036;Schweden;FC Internazionale;Zlatan Ibrahimovic;26;38000000.0;Mittelstürmer;Startaufstellung
88036;Schweden;Helsingborgs IF;Henrik Larsson;36;2000000.0;Mittelstürmer;Startaufstellung
88036;Griechenland;Aris Thessaloniki;Konstantinos Chalkias;34;1500000.0;Torwart;Reservebank
88036;Griechenland;OFI Kreta;Alexandros Tzorvas;25;1000000.0;Torwart;Reservebank
88036;Griechenland;Panathinaikos Athen;Loukas Vyntra;27;2000000.0;Innenverteidiger;Reservebank
88036;Griechenland;Panathinaikos Athen;Giannis Goumas;33;2300000.0;Innenverteidiger;Reservebank
88036;Griechenland;Panathinaikos Athen;Nikolaos Spyropoulos;24;2600000.0;Linker Verteidiger;Reservebank
88036;Griechenland;Olympiakos Piräus;Christos Patsatzoglou;29;2750000.0;Defensives Mittelfeld;Reservebank
88036;Griechenland;Panathinaikos Athen;Alexandros Tziolis;23;2500000.0;Defensives Mittelfeld;Reservebank
88036;Griechenland;Celtic Glasgow;Georgios Samaras;23;4000000.0;Mittelstürmer;Reservebank
88036;Griechenland;Bolton Wanderers;Stelios Giannakopoulos;33;2500000.0;Rechtsaußen;Reservebank
88036;Griechenland;Panathinaikos Athen;Dimitrios Salpingidis;26;6000000.0;Rechtsaußen;Reservebank
88036;Griechenland;Eintracht Frankfurt;Giannis Amanatidis;26;6000000.0;Mittelstürmer;Reservebank
88036;Griechenland;AEK Athen;Nikolaos Lyberopoulos;32;4000000.0;Mittelstürmer;Reservebank
88036;Schweden;Hammarby IF;Rami Shaaban;32;700000.0;Torwart;Reservebank
88036;Schweden;IF Elfsborg Boras;Johan Wiland;27;1000000.0;Torwart;Reservebank
88036;Schweden;FC Basel 1893;Daniel Majstorovic;31;2000000.0;Innenverteidiger;Reservebank
88036;Schweden;Wigan Athletic;Andreas Granqvist;23;2000000.0;Innenverteidiger;Reservebank
88036;Schweden;CFR Cluj;Mikael Dorsin;26;1300000.0;Linker Verteidiger;Reservebank
88036;Schweden;Rosenborg BK;Fredrik Stoor;24;850000.0;Rechter Verteidiger;Reservebank
88036;Schweden;Olympique Lyon;Kim Källström;25;11000000.0;Defensives Mittelfeld;Reservebank
88036;Schweden;Galatasaray Istanbul;Tobias Linderoth;29;4500000.0;Defensives Mittelfeld;Reservebank
88036;Schweden;Birmingham City;Sebastian Larsson;23;4000000.0;Zentrales Mittelfeld;Reservebank
88036;Schweden;FC Toulouse;Johan Elmander;27;9000000.0;Mittelstürmer;Reservebank
88036;Schweden;FC Kopenhagen;Marcus Allbäck;34;2800000.0;Mittelstürmer;Reservebank
88036;Schweden;SV Werder Bremen;Markus Rosenberg;25;8500000.0;Rechtsaußen;Reservebank
