GameId;team;club;name;age;value;position;role
88030;Portugal;Real Betis Sevilla;Ricardo;32;3800000.0;Torwart;Startaufstellung
88030;Portugal;Real Madrid;Pepe;25;20000000.0;Innenverteidiger;Startaufstellung
88030;Portugal;FC Chelsea;Ricardo Carvalho;30;20000000.0;Innenverteidiger;Startaufstellung
88030;Portugal;FC Chelsea;Paulo Ferreira;29;7000000.0;Linker Verteidiger;Startaufstellung
88030;Portugal;FC Porto;Bosingwa;25;10000000.0;Rechter Verteidiger;Startaufstellung
88030;Portugal;Benfica Lissabon;Petit;31;6500000.0;Defensives Mittelfeld;Startaufstellung
88030;Portugal;Sporting Lissabon;João Moutinho;21;10000000.0;Offensives Mittelfeld;Startaufstellung
88030;Portugal;FC Barcelona;Deco;30;18000000.0;Offensives Mittelfeld;Startaufstellung
88030;Portugal;Atlético Madrid;Simão Sabrosa;28;16000000.0;Linksaußen;Startaufstellung
88030;Portugal;Manchester United;Cristiano Ronaldo;23;55000000.0;Rechtsaußen;Startaufstellung
88030;Portugal;Benfica Lissabon;Nuno Gomes;31;7000000.0;Mittelstürmer;Startaufstellung
88030;Türkei;Fenerbahce Istanbul;Volkan Demirel;26;3500000.0;Torwart;Startaufstellung
88030;Türkei;Galatasaray Istanbul;Servet Cetin;27;5000000.0;Innenverteidiger;Startaufstellung
88030;Türkei;Besiktas Istanbul;Gökhan Zan;26;5000000.0;Innenverteidiger;Startaufstellung
88030;Türkei;Galatasaray Istanbul;Hakan Balta;25;3200000.0;Linker Verteidiger;Startaufstellung
88030;Türkei;FC Bayern München;Hamit Altintop;25;8000000.0;Rechter Verteidiger;Startaufstellung
88030;Türkei;Fenerbahce Istanbul;Mehmet Aurélio;30;7300000.0;Defensives Mittelfeld;Startaufstellung
88030;Türkei;Newcastle United;Emre Belözoglu;27;7500000.0;Zentrales Mittelfeld;Startaufstellung
88030;Türkei;FC Middlesbrough;Tuncay Sanli;26;9000000.0;Linksaußen;Startaufstellung
88030;Türkei;Fenerbahce Istanbul;Colin Kazim-Richards;21;2200000.0;Rechtsaußen;Startaufstellung
88030;Türkei;FC Sochaux-Montbéliard;Mevlüt Erdinc;21;4500000.0;Hängende Spitze;Startaufstellung
88030;Türkei;FC Villarreal;Nihat Kahveci;28;12000000.0;Mittelstürmer;Startaufstellung
88030;Portugal;Sporting Lissabon;Rui Patrício;20;1500000.0;Torwart;Reservebank
88030;Portugal;FC Porto;Bruno Alves;26;7000000.0;Innenverteidiger;Reservebank
88030;Portugal;VfB Stuttgart;Fernando Meira;30;10000000.0;Defensives Mittelfeld;Reservebank
88030;Portugal;Boavista Porto FC;Jorge Ribeiro;26;3000000.0;Linker Verteidiger;Reservebank
88030;Portugal;FC Valencia;Miguel;28;10000000.0;Rechter Verteidiger;Reservebank
88030;Portugal;Sporting Lissabon;Miguel Veloso;22;7000000.0;Defensives Mittelfeld;Reservebank
88030;Portugal;FC Porto;Raúl Meireles;25;6000000.0;Zentrales Mittelfeld;Reservebank
88030;Portugal;Manchester United;Nani;21;19000000.0;Rechtsaußen;Reservebank
88030;Portugal;FC Porto;Ricardo Quaresma;24;23000000.0;Rechtsaußen;Reservebank
88030;Portugal;SV Werder Bremen;Hugo Almeida;24;7000000.0;Mittelstürmer;Reservebank
88030;Portugal;Panathinaikos Athen;Hélder Postiga;25;4500000.0;Mittelstürmer;Reservebank
88030;Türkei;Besiktas Istanbul;Rüstü Recber;35;1500000.0;Torwart;Reservebank
88030;Türkei;Trabzonspor;Tolga Zengin;24;1300000.0;Torwart;Reservebank
88030;Türkei;Galatasaray Istanbul;Emre Güngör;23;2200000.0;Innenverteidiger;Reservebank
88030;Türkei;Ankaraspor;Emre Asik;34;1500000.0;Innenverteidiger;Reservebank
88030;Türkei;Galatasaray Istanbul;Sabri Sarioglu;23;4400000.0;Rechter Verteidiger;Reservebank
88030;Türkei;Galatasaray Istanbul;Mehmet Topal;22;2200000.0;Defensives Mittelfeld;Reservebank
88030;Türkei;Galatasaray Istanbul;Ayhan Akman;31;3300000.0;Zentrales Mittelfeld;Reservebank
88030;Türkei;Fenerbahce Istanbul;Ugur Boral;26;2200000.0;Linkes Mittelfeld;Reservebank
88030;Türkei;AE Larisa;Tümer Metin;33;2500000.0;Offensives Mittelfeld;Reservebank
88030;Türkei;Rubin Kazan;Gökdeniz Karadeniz;28;7500000.0;Linksaußen;Reservebank
88030;Türkei;Galatasaray Istanbul;Arda Turan;21;7500000.0;Linksaußen;Reservebank
88030;Türkei;Fenerbahce Istanbul;Semih Sentürk;25;3500000.0;Mittelstürmer;Reservebank
