GameId;team;club;name;age;value;position;role
88032;Deutschland;FC Arsenal;Jens Lehmann;38;3000000.0;Torwart;Startaufstellung
88032;Deutschland;SV Werder Bremen;Per Mertesacker;23;15000000.0;Innenverteidiger;Startaufstellung
88032;Deutschland;Real Madrid;Christoph Metzelder;27;7000000.0;Innenverteidiger;Startaufstellung
88032;Deutschland;FC Bayern München;Marcell Jansen;22;10000000.0;Linker Verteidiger;Startaufstellung
88032;Deutschland;FC Bayern München;Philipp Lahm;24;18000000.0;Rechter Verteidiger;Startaufstellung
88032;Deutschland;SV Werder Bremen;Torsten Frings;31;15000000.0;Defensives Mittelfeld;Startaufstellung
88032;Deutschland;FC Chelsea;Michael Ballack;31;26000000.0;Zentrales Mittelfeld;Startaufstellung
88032;Deutschland;SV Werder Bremen;Clemens Fritz;27;7000000.0;Rechtes Mittelfeld;Startaufstellung
88032;Deutschland;FC Bayern München;Lukas Podolski;23;10000000.0;Linksaußen;Startaufstellung
88032;Deutschland;VfB Stuttgart;Mario Gómez;22;19000000.0;Mittelstürmer;Startaufstellung
88032;Deutschland;FC Bayern München;Miroslav Klose;29;20000000.0;Mittelstürmer;Startaufstellung
88032;Polen;Celtic Glasgow;Artur Boruc;28;11000000.0;Torwart;Startaufstellung
88032;Polen;FK Austria Wien;Jacek Bak;35;1250000.0;Innenverteidiger;Startaufstellung
88032;Polen;Olympiakos Piräus;Michal Zewlakow;32;2500000.0;Innenverteidiger;Startaufstellung
88032;Polen;Steaua Bukarest;Pawel Golanski;25;1750000.0;Linker Verteidiger;Startaufstellung
88032;Polen;RSC Anderlecht;Marcin Wasilewski;27;3000000.0;Rechter Verteidiger;Startaufstellung
88032;Polen;Wisla Krakau;Dariusz Dudka;24;3300000.0;Defensives Mittelfeld;Startaufstellung
88032;Polen;Shakhtar Donetsk;Mariusz Lewandowski;29;5250000.0;Defensives Mittelfeld;Startaufstellung
88032;Polen;VfL Wolfsburg;Jacek Krzynowek;32;2000000.0;Linkes Mittelfeld;Startaufstellung
88032;Polen;Wisla Krakau;Wojciech Lobodzinski;25;2300000.0;Rechtsaußen;Startaufstellung
88032;Polen;AE Larisa;Maciej Zurawski;31;2500000.0;Hängende Spitze;Startaufstellung
88032;Polen;Racing Santander;Ebi Smolarek;27;4800000.0;Mittelstürmer;Startaufstellung
88032;Deutschland;Hannover 96;Robert Enke;30;8500000.0;Torwart;Reservebank
88032;Deutschland;Bayer 04 Leverkusen;René Adler;23;8500000.0;Torwart;Reservebank
88032;Deutschland;Hertha BSC;Arne Friedrich;29;7000000.0;Innenverteidiger;Reservebank
88032;Deutschland;FC Schalke 04;Heiko Westermann;24;7000000.0;Innenverteidiger;Reservebank
88032;Deutschland;Bayer 04 Leverkusen;Simon Rolfes;26;8500000.0;Defensives Mittelfeld;Reservebank
88032;Deutschland;VfB Stuttgart;Thomas Hitzlsperger;26;7500000.0;Zentrales Mittelfeld;Reservebank
88032;Deutschland;SV Werder Bremen;Tim Borowski;28;8500000.0;Zentrales Mittelfeld;Reservebank
88032;Deutschland;FC Bayern München;Bastian Schweinsteiger;23;10000000.0;Rechtes Mittelfeld;Reservebank
88032;Deutschland;Hamburger SV;Piotr Trochowski;24;4500000.0;Offensives Mittelfeld;Reservebank
88032;Deutschland;Real Betis Sevilla;David Odonkor;24;2000000.0;Rechtsaußen;Reservebank
88032;Deutschland;Borussia Mönchengladbach;Oliver Neuville;35;2400000.0;Mittelstürmer;Reservebank
88032;Deutschland;FC Schalke 04;Kevin Kuranyi;26;10000000.0;Mittelstürmer;Reservebank
88032;Polen;FC Arsenal;Lukasz Fabianski;23;3000000.0;Torwart;Reservebank
88032;Polen;Górnik Zabrze;Michal Pazdan;20;550000.0;Innenverteidiger;Reservebank
88032;Polen;FK Moskau;Mariusz Jop;29;1000000.0;Innenverteidiger;Reservebank
88032;Polen;Wisla Krakau;Adam Kokoszka;21;900000.0;Innenverteidiger;Reservebank
88032;Polen;Legia Warschau;Jakub Wawrzyniak;24;1000000.0;Linker Verteidiger;Reservebank
88032;Polen;Hertha BSC;Lukasz Piszczek;23;1500000.0;Rechtes Mittelfeld;Reservebank
88032;Polen;Lech Posen;Rafal Murawski;26;1600000.0;Zentrales Mittelfeld;Reservebank
88032;Polen;Legia Warschau;Roger Guerreiro;26;2200000.0;Offensives Mittelfeld;Reservebank
88032;Polen;GKS Belchatow;Lukasz Gargula;27;2100000.0;Offensives Mittelfeld;Reservebank
88032;Polen;FC Southampton;Marek Saganowski;29;3300000.0;Mittelstürmer;Reservebank
88032;Polen;Górnik Zabrze;Tomasz Zahorski;23;1000000.0;Mittelstürmer;Reservebank
