GameId;team;club;name;age;value;position;role
88039;Kroatien;Spartak Moskau;Stipe Pletikosa;29;4750000.0;Torwart;Startaufstellung
88039;Kroatien;Hertha BSC;Josip Simunic;30;7500000.0;Innenverteidiger;Startaufstellung
88039;Kroatien;Borussia Dortmund;Robert Kovac;34;2500000.0;Innenverteidiger;Startaufstellung
88039;Kroatien;SC Heerenveen;Danijel Pranjic;26;4500000.0;Linker Verteidiger;Startaufstellung
88039;Kroatien;Manchester City;Vedran Corluka;22;11000000.0;Rechter Verteidiger;Startaufstellung
88039;Kroatien;Red Bull Salzburg;Niko Kovac;36;1250000.0;Defensives Mittelfeld;Startaufstellung
88039;Kroatien;GNK Dinamo Zagreb;Luka Modric;22;18000000.0;Zentrales Mittelfeld;Startaufstellung
88039;Kroatien;Shakhtar Donetsk;Darijo Srna;26;11000000.0;Rechtes Mittelfeld;Startaufstellung
88039;Kroatien;FC Schalke 04;Ivan Rakitic;20;6000000.0;Linkes Mittelfeld;Startaufstellung
88039;Kroatien;FC Portsmouth;Niko Kranjcar;23;7500000.0;Offensives Mittelfeld;Startaufstellung
88039;Kroatien;Hamburger SV;Ivica Olic;28;8000000.0;Mittelstürmer;Startaufstellung
88039;Deutschland;FC Arsenal;Jens Lehmann;38;3000000.0;Torwart;Startaufstellung
88039;Deutschland;SV Werder Bremen;Per Mertesacker;23;15000000.0;Innenverteidiger;Startaufstellung
88039;Deutschland;Real Madrid;Christoph Metzelder;27;7000000.0;Innenverteidiger;Startaufstellung
88039;Deutschland;FC Bayern München;Marcell Jansen;22;10000000.0;Linker Verteidiger;Startaufstellung
88039;Deutschland;FC Bayern München;Philipp Lahm;24;18000000.0;Rechter Verteidiger;Startaufstellung
88039;Deutschland;SV Werder Bremen;Torsten Frings;31;15000000.0;Defensives Mittelfeld;Startaufstellung
88039;Deutschland;FC Chelsea;Michael Ballack;31;26000000.0;Zentrales Mittelfeld;Startaufstellung
88039;Deutschland;SV Werder Bremen;Clemens Fritz;27;7000000.0;Rechtes Mittelfeld;Startaufstellung
88039;Deutschland;FC Bayern München;Lukas Podolski;23;10000000.0;Linksaußen;Startaufstellung
88039;Deutschland;VfB Stuttgart;Mario Gómez;22;19000000.0;Mittelstürmer;Startaufstellung
88039;Deutschland;FC Bayern München;Miroslav Klose;30;20000000.0;Mittelstürmer;Startaufstellung
88039;Kroatien;Panathinaikos Athen;Mario Galinovic;31;1900000.0;Torwart;Reservebank
88039;Kroatien;RC Lens;Vedran Runje;32;3500000.0;Torwart;Reservebank
88039;Kroatien;AC Mailand;Dario Simic;32;2000000.0;Innenverteidiger;Reservebank
88039;Kroatien;Tom Tomsk;Hrvoje Vejic;31;1000000.0;Innenverteidiger;Reservebank
88039;Kroatien;AS Livorno;Dario Knezevic;26;2800000.0;Innenverteidiger;Reservebank
88039;Kroatien;AS Monaco;Nikola Pokrivac;22;3000000.0;Defensives Mittelfeld;Reservebank
88039;Kroatien;GNK Dinamo Zagreb;Ognjen Vukojevic;24;5000000.0;Defensives Mittelfeld;Reservebank
88039;Kroatien;AS Monaco;Jerko Leko;28;3500000.0;Defensives Mittelfeld;Reservebank
88039;Kroatien;SV Werder Bremen;Ivan Klasnic;28;5000000.0;Mittelstürmer;Reservebank
88039;Kroatien;Borussia Dortmund;Mladen Petric;27;9500000.0;Mittelstürmer;Reservebank
88039;Kroatien;HNK Hajduk Split;Nikola Kalinic;20;6000000.0;Mittelstürmer;Reservebank
88039;Kroatien;Parma FC;Igor Budan;28;5500000.0;Mittelstürmer;Reservebank
88039;Deutschland;Hannover 96;Robert Enke;30;8500000.0;Torwart;Reservebank
88039;Deutschland;Bayer 04 Leverkusen;René Adler;23;8500000.0;Torwart;Reservebank
88039;Deutschland;Hertha BSC;Arne Friedrich;29;7000000.0;Innenverteidiger;Reservebank
88039;Deutschland;FC Schalke 04;Heiko Westermann;24;7000000.0;Innenverteidiger;Reservebank
88039;Deutschland;Bayer 04 Leverkusen;Simon Rolfes;26;8500000.0;Defensives Mittelfeld;Reservebank
88039;Deutschland;VfB Stuttgart;Thomas Hitzlsperger;26;7500000.0;Zentrales Mittelfeld;Reservebank
88039;Deutschland;SV Werder Bremen;Tim Borowski;28;8500000.0;Zentrales Mittelfeld;Reservebank
88039;Deutschland;FC Bayern München;Bastian Schweinsteiger;23;10000000.0;Zentrales Mittelfeld;Reservebank
88039;Deutschland;Hamburger SV;Piotr Trochowski;24;4500000.0;Offensives Mittelfeld;Reservebank
88039;Deutschland;Real Betis Sevilla;David Odonkor;24;2000000.0;Rechtsaußen;Reservebank
88039;Deutschland;Borussia Mönchengladbach;Oliver Neuville;35;2400000.0;Mittelstürmer;Reservebank
88039;Deutschland;FC Schalke 04;Kevin Kuranyi;26;10000000.0;Mittelstürmer;Reservebank
