GameId;team;club;name;age;value;position;role
88038;Schweiz;VfL Wolfsburg;Diego Benaglio;24;5000000.0;Torwart;Startaufstellung
88038;Schweiz;Olympique Lyon;Patrick Müller;31;800000.0;Innenverteidiger;Startaufstellung
88038;Schweiz;FC Arsenal;Philippe Senderos;23;6500000.0;Innenverteidiger;Startaufstellung
88038;Schweiz;VfB Stuttgart;Ludovic Magnin;29;3500000.0;Linker Verteidiger;Startaufstellung
88038;Schweiz;LOSC Lille;Stephan Lichtsteiner;24;5000000.0;Rechter Verteidiger;Startaufstellung
88038;Schweiz;Manchester City;Gelson Fernandes;21;4500000.0;Defensives Mittelfeld;Startaufstellung
88038;Schweiz;Udinese Calcio;Gökhan Inler;23;5500000.0;Zentrales Mittelfeld;Startaufstellung
88038;Schweiz;Bayer 04 Leverkusen;Tranquillo Barnetta;23;9500000.0;Linksaußen;Startaufstellung
88038;Schweiz;Lazio Rom;Valon Behrami;23;5000000.0;Rechtsaußen;Startaufstellung
88038;Schweiz;BSC Young Boys;Hakan Yakin;31;2700000.0;Hängende Spitze;Startaufstellung
88038;Schweiz;FC Basel 1893;Eren Derdiyok;19;1200000.0;Mittelstürmer;Startaufstellung
88038;Türkei;Fenerbahce Istanbul;Volkan Demirel;26;3500000.0;Torwart;Startaufstellung
88038;Türkei;Galatasaray Istanbul;Servet Cetin;27;5000000.0;Innenverteidiger;Startaufstellung
88038;Türkei;Ankaraspor;Emre Asik;34;1500000.0;Innenverteidiger;Startaufstellung
88038;Türkei;Galatasaray Istanbul;Hakan Balta;25;3200000.0;Linker Verteidiger;Startaufstellung
88038;Türkei;FC Bayern München;Hamit Altintop;25;8000000.0;Rechter Verteidiger;Startaufstellung
88038;Türkei;Fenerbahce Istanbul;Mehmet Aurélio;30;7300000.0;Defensives Mittelfeld;Startaufstellung
88038;Türkei;AE Larisa;Tümer Metin;33;2500000.0;Offensives Mittelfeld;Startaufstellung
88038;Türkei;FC Middlesbrough;Tuncay Sanli;26;9000000.0;Offensives Mittelfeld;Startaufstellung
88038;Türkei;Galatasaray Istanbul;Arda Turan;21;7500000.0;Linksaußen;Startaufstellung
88038;Türkei;Rubin Kazan;Gökdeniz Karadeniz;28;7500000.0;Rechtsaußen;Startaufstellung
88038;Türkei;FC Villarreal;Nihat Kahveci;28;12000000.0;Mittelstürmer;Startaufstellung
88038;Schweiz;Neuchâtel Xamax;Pascal Zuberbühler;37;650000.0;Torwart;Reservebank
88038;Schweiz;Grasshopper Club Zürich;Eldin Jakupovic;23;1300000.0;Torwart;Reservebank
88038;Schweiz;AJ Auxerre;Stéphane Grichting;29;2000000.0;Innenverteidiger;Reservebank
88038;Schweiz;FC Arsenal;Johan Djourou;21;3750000.0;Innenverteidiger;Reservebank
88038;Schweiz;Borussia Dortmund;Philipp Degen;25;2500000.0;Rechter Verteidiger;Reservebank
88038;Schweiz;Eintracht Frankfurt;Christoph Spycher;30;3000000.0;Defensives Mittelfeld;Reservebank
88038;Schweiz;FC Basel 1893;Benjamin Huggel;30;1200000.0;Defensives Mittelfeld;Reservebank
88038;Schweiz;Grasshopper Club Zürich;Ricardo Cabanas;29;1150000.0;Zentrales Mittelfeld;Reservebank
88038;Schweiz;Red Bull Salzburg;Johan Vonlanthen;22;2000000.0;Linksaußen;Reservebank
88038;Schweiz;FC Metz;Daniel Gygax;26;1700000.0;Mittelstürmer;Reservebank
88038;Türkei;Besiktas Istanbul;Rüstü Recber;35;1500000.0;Torwart;Reservebank
88038;Türkei;Trabzonspor;Tolga Zengin;24;1300000.0;Torwart;Reservebank
88038;Türkei;Galatasaray Istanbul;Emre Güngör;23;2200000.0;Innenverteidiger;Reservebank
88038;Türkei;Galatasaray Istanbul;Sabri Sarioglu;23;4400000.0;Rechter Verteidiger;Reservebank
88038;Türkei;Galatasaray Istanbul;Mehmet Topal;22;2200000.0;Defensives Mittelfeld;Reservebank
88038;Türkei;Galatasaray Istanbul;Ayhan Akman;31;3300000.0;Zentrales Mittelfeld;Reservebank
88038;Türkei;Fenerbahce Istanbul;Ugur Boral;26;2200000.0;Linkes Mittelfeld;Reservebank
88038;Türkei;Fenerbahce Istanbul;Semih Sentürk;25;3500000.0;Mittelstürmer;Reservebank
88038;Türkei;Fenerbahce Istanbul;Colin Kazim-Richards;21;2200000.0;Mittelstürmer;Reservebank
88038;Türkei;FC Sochaux-Montbéliard;Mevlüt Erdinc;21;4500000.0;Mittelstürmer;Reservebank
