GameId;team;club;name;age;value;position;role
88031;Österreich;AEK Athen;Jürgen Macho;30;1500000.0;Torwart;Startaufstellung
88031;Österreich;FC Middlesbrough;Emanuel Pogatetz;25;5000000.0;Innenverteidiger;Startaufstellung
88031;Österreich;SK Sturm Graz;Sebastian Prödl;20;2000000.0;Innenverteidiger;Startaufstellung
88031;Österreich;Spartak Moskau;Martin Stranzl;27;4000000.0;Innenverteidiger;Startaufstellung
88031;Österreich;Red Bull Salzburg;René Aufhauser;31;1500000.0;Defensives Mittelfeld;Startaufstellung
88031;Österreich;SK Sturm Graz;Jürgen Säumel;23;1500000.0;Defensives Mittelfeld;Startaufstellung
88031;Österreich;FK Austria Wien;Joachim Standfest;28;1250000.0;Rechtes Mittelfeld;Startaufstellung
88031;Österreich;FK Austria Wien;Ronald Gercaliu;22;1150000.0;Linkes Mittelfeld;Startaufstellung
88031;Österreich;Panathinaikos Athen;Andreas Ivanschitz;24;3800000.0;Offensives Mittelfeld;Startaufstellung
88031;Österreich;SV Werder Bremen;Martin Harnik;20;1000000.0;Hängende Spitze;Startaufstellung
88031;Österreich;SC Braga;Roland Linz;26;5500000.0;Mittelstürmer;Startaufstellung
88031;Kroatien;Spartak Moskau;Stipe Pletikosa;29;4750000.0;Torwart;Startaufstellung
88031;Kroatien;Hertha BSC;Josip Simunic;30;7500000.0;Innenverteidiger;Startaufstellung
88031;Kroatien;Borussia Dortmund;Robert Kovac;34;2500000.0;Innenverteidiger;Startaufstellung
88031;Kroatien;SC Heerenveen;Danijel Pranjic;26;4500000.0;Linker Verteidiger;Startaufstellung
88031;Kroatien;Manchester City;Vedran Corluka;22;11000000.0;Rechter Verteidiger;Startaufstellung
88031;Kroatien;Red Bull Salzburg;Niko Kovac;36;1250000.0;Defensives Mittelfeld;Startaufstellung
88031;Kroatien;Shakhtar Donetsk;Darijo Srna;26;11000000.0;Rechtes Mittelfeld;Startaufstellung
88031;Kroatien;FC Portsmouth;Niko Kranjcar;23;7500000.0;Linkes Mittelfeld;Startaufstellung
88031;Kroatien;GNK Dinamo Zagreb;Luka Modric;22;18000000.0;Offensives Mittelfeld;Startaufstellung
88031;Kroatien;Hamburger SV;Ivica Olic;28;8000000.0;Mittelstürmer;Startaufstellung
88031;Kroatien;Borussia Dortmund;Mladen Petric;27;9500000.0;Mittelstürmer;Startaufstellung
88031;Österreich;TSG 1899 Hoffenheim;Ramazan Özcan;23;1250000.0;Torwart;Reservebank
88031;Österreich;AC Siena;Alexander Manninger;31;3000000.0;Torwart;Reservebank
88031;Österreich;SK Rapid Wien;Markus Katzer;28;1300000.0;Innenverteidiger;Reservebank
88031;Österreich;SK Rapid Wien;Jürgen Patocka;30;1000000.0;Innenverteidiger;Reservebank
88031;Österreich;SK Austria Kärnten;Martin Hiden;35;650000.0;Innenverteidiger;Reservebank
88031;Österreich;SV Mattersburg;Christian Fuchs;22;1350000.0;Linker Verteidiger;Reservebank
88031;Österreich;SSC Neapel;György Garics;24;1800000.0;Rechter Verteidiger;Reservebank
88031;Österreich;Red Bull Salzburg;Christoph Leitgeb;23;2000000.0;Zentrales Mittelfeld;Reservebank
88031;Österreich;SK Rapid Wien;Ümit Korkmaz;22;825000.0;Linkes Mittelfeld;Reservebank
88031;Österreich;LASK Linz;Ivica Vastic;38;750000.0;Hängende Spitze;Reservebank
88031;Österreich;SK Rapid Wien;Erwin Hoffer;21;950000.0;Mittelstürmer;Reservebank
88031;Österreich;Hamarkameratene;Roman Kienast;24;800000.0;Mittelstürmer;Reservebank
88031;Kroatien;Panathinaikos Athen;Mario Galinovic;31;1500000.0;Torwart;Reservebank
88031;Kroatien;RC Lens;Vedran Runje;32;3500000.0;Torwart;Reservebank
88031;Kroatien;AS Livorno;Dario Knezevic;26;2800000.0;Innenverteidiger;Reservebank
88031;Kroatien;AC Mailand;Dario Simic;32;2000000.0;Innenverteidiger;Reservebank
88031;Kroatien;Tom Tomsk;Hrvoje Vejic;31;1000000.0;Innenverteidiger;Reservebank
88031;Kroatien;AS Monaco;Nikola Pokrivac;22;3000000.0;Defensives Mittelfeld;Reservebank
88031;Kroatien;AS Monaco;Jerko Leko;28;3500000.0;Defensives Mittelfeld;Reservebank
88031;Kroatien;GNK Dinamo Zagreb;Ognjen Vukojevic;24;5000000.0;Defensives Mittelfeld;Reservebank
88031;Kroatien;FC Schalke 04;Ivan Rakitic;20;6000000.0;Zentrales Mittelfeld;Reservebank
88031;Kroatien;SV Werder Bremen;Ivan Klasnic;28;5000000.0;Mittelstürmer;Reservebank
88031;Kroatien;HNK Hajduk Split;Nikola Kalinic;20;6000000.0;Mittelstürmer;Reservebank
88031;Kroatien;Parma FC;Igor Budan;28;5500000.0;Mittelstürmer;Reservebank
