GameId;team;club;name;age;value;position;role
88033;Rumänien;Dinamo Bukarest;Bogdan Lobont;30;1800000.0;Torwart;Startaufstellung
88033;Rumänien;AJ Auxerre;Gabriel Tamas;24;3000000.0;Innenverteidiger;Startaufstellung
88033;Rumänien;Steaua Bukarest;Dorin Goian;27;2000000.0;Innenverteidiger;Startaufstellung
88033;Rumänien;Shakhtar Donetsk;Razvan Rat;27;3750000.0;Linker Verteidiger;Startaufstellung
88033;Rumänien;FC Getafe;Cosmin Contra;32;1000000.0;Rechter Verteidiger;Startaufstellung
88033;Rumänien;Al-Hilal Riad;Mirel Radoi;27;2600000.0;Defensives Mittelfeld;Startaufstellung
88033;Rumänien;FC Internazionale;Cristian Chivu;27;21000000.0;Zentrales Mittelfeld;Startaufstellung
88033;Rumänien;Lokomotiv Moskau;Razvan Cocis;25;2500000.0;Zentrales Mittelfeld;Startaufstellung
88033;Rumänien;AC Florenz;Adrian Mutu;29;25000000.0;Linksaußen;Startaufstellung
88033;Rumänien;Steaua Bukarest;Banel Nicolita;23;1600000.0;Rechtsaußen;Startaufstellung
88033;Rumänien;AJ Auxerre;Daniel Niculae;25;5000000.0;Mittelstürmer;Startaufstellung
88033;Frankreich;Olympique Lyon;Grégory Coupet;35;6000000.0;Torwart;Startaufstellung
88033;Frankreich;FC Arsenal;William Gallas;30;18000000.0;Innenverteidiger;Startaufstellung
88033;Frankreich;FC Barcelona;Lilian Thuram;36;2800000.0;Innenverteidiger;Startaufstellung
88033;Frankreich;FC Barcelona;Éric Abidal;28;17000000.0;Linker Verteidiger;Startaufstellung
88033;Frankreich;FC Bayern München;Willy Sagnol;31;12000000.0;Rechter Verteidiger;Startaufstellung
88033;Frankreich;FC Chelsea;Claude Makélélé;35;6500000.0;Defensives Mittelfeld;Startaufstellung
88033;Frankreich;Olympique Lyon;Jérémy Toulalan;24;20000000.0;Defensives Mittelfeld;Startaufstellung
88033;Frankreich;FC Chelsea;Florent Malouda;27;17500000.0;Linksaußen;Startaufstellung
88033;Frankreich;FC Bayern München;Franck Ribéry;25;27000000.0;Rechtsaußen;Startaufstellung
88033;Frankreich;Olympique Lyon;Karim Benzema;20;23000000.0;Mittelstürmer;Startaufstellung
88033;Frankreich;FC Chelsea;Nicolas Anelka;29;22500000.0;Mittelstürmer;Startaufstellung
88033;Rumänien;Politehnica Timisoara ;Marius Popa;29;800000.0;Torwart;Reservebank
88033;Rumänien;CFR Cluj;Eduard Stancioiu;27;900000.0;Torwart;Reservebank
88033;Rumänien;Rapid Bukarest;Cristian Sapunaru;24;1400000.0;Innenverteidiger;Reservebank
88033;Rumänien;Steaua Bukarest;Sorin Ghionea;29;1000000.0;Innenverteidiger;Reservebank
88033;Rumänien;Dinamo Bukarest;Cosmin Moti;23;1000000.0;Innenverteidiger;Reservebank
88033;Rumänien;Lazio Rom;Stefan Radu;21;1400000.0;Linker Verteidiger;Reservebank
88033;Rumänien;AC Siena;Paul Codrea;27;1500000.0;Zentrales Mittelfeld;Reservebank
88033;Rumänien;Dinamo Bukarest;Adrian Cristea;24;1900000.0;Linksaußen;Reservebank
88033;Rumänien;ZSKA Sofia;Florentin Petre;32;750000.0;Rechtsaußen;Reservebank
88033;Rumänien;Steaua Bukarest;Nicolae Dica;28;3200000.0;Hängende Spitze;Reservebank
88033;Rumänien;Inverness Caledonian Thistle FC;Marius Niculae;27;500000.0;Linksaußen;Reservebank
88033;Rumänien;VfB Stuttgart;Ciprian Marica;22;5500000.0;Mittelstürmer;Reservebank
88033;Frankreich;Olympique Marseille;Steve Mandanda;23;6000000.0;Torwart;Reservebank
88033;Frankreich;AC Florenz;Sébastien Frey;28;20000000.0;Torwart;Reservebank
88033;Frankreich;Olympique Lyon;Jean-Alain Boumsong;28;4000000.0;Innenverteidiger;Reservebank
88033;Frankreich;Olympique Lyon;Sébastien Squillaci;27;15000000.0;Innenverteidiger;Reservebank
88033;Frankreich;Manchester United;Patrice Evra;27;15000000.0;Linker Verteidiger;Reservebank
88033;Frankreich;Olympique Lyon;François Clerc;25;7500000.0;Rechter Verteidiger;Reservebank
88033;Frankreich;FC Portsmouth;Lassana Diarra;23;7000000.0;Defensives Mittelfeld;Reservebank
88033;Frankreich;Olympique Marseille;Samir Nasri;20;15000000.0;Offensives Mittelfeld;Reservebank
88033;Frankreich;Olympique Lyon;Sidney Govou;28;8000000.0;Rechtsaußen;Reservebank
88033;Frankreich;FC Barcelona;Thierry Henry;30;30000000.0;Mittelstürmer;Reservebank
88033;Frankreich;AS Saint-Étienne;Bafétimbi Gomis;22;10000000.0;Mittelstürmer;Reservebank
