GameId;team;club;name;age;value;position;role
88037;Tschechien;FC Chelsea;Petr Cech;26;28000000.0;Torwart;Startaufstellung
88037;Tschechien;AC Florenz;Tomás Ujfalusi;30;10500000.0;Innenverteidiger;Startaufstellung
88037;Tschechien;Lazio Rom;David Rozehnal;27;4000000.0;Innenverteidiger;Startaufstellung
88037;Tschechien;AC Mailand;Marek Jankulovski;31;9000000.0;Linker Verteidiger;Startaufstellung
88037;Tschechien;Juventus Turin;Zdenek Grygera;28;5500000.0;Rechter Verteidiger;Startaufstellung
88037;Tschechien;1.FC Nürnberg;Tomás Galásek;35;2000000.0;Defensives Mittelfeld;Startaufstellung
88037;Tschechien;RSC Anderlecht;Jan Polak;27;4000000.0;Zentrales Mittelfeld;Startaufstellung
88037;Tschechien;FC Reading;Marek Matejovsky;26;2000000.0;Zentrales Mittelfeld;Startaufstellung
88037;Tschechien;CA Osasuna;Jaroslav Plasil;26;3600000.0;Linksaußen;Startaufstellung
88037;Tschechien;FC Kopenhagen;Libor Sionko;31;3750000.0;Rechtsaußen;Startaufstellung
88037;Tschechien;Olympique Lyon;Milan Baros;26;5500000.0;Mittelstürmer;Startaufstellung
88037;Portugal;Real Betis Sevilla;Ricardo;32;3800000.0;Torwart;Startaufstellung
88037;Portugal;Real Madrid;Pepe;25;20000000.0;Innenverteidiger;Startaufstellung
88037;Portugal;FC Chelsea;Ricardo Carvalho;30;20000000.0;Innenverteidiger;Startaufstellung
88037;Portugal;FC Chelsea;Paulo Ferreira;29;7000000.0;Linker Verteidiger;Startaufstellung
88037;Portugal;FC Porto;Bosingwa;25;10000000.0;Rechter Verteidiger;Startaufstellung
88037;Portugal;Benfica Lissabon;Petit;31;6500000.0;Defensives Mittelfeld;Startaufstellung
88037;Portugal;Sporting Lissabon;João Moutinho;21;10000000.0;Offensives Mittelfeld;Startaufstellung
88037;Portugal;FC Barcelona;Deco;30;18000000.0;Offensives Mittelfeld;Startaufstellung
88037;Portugal;Manchester United;Cristiano Ronaldo;23;55000000.0;Linksaußen;Startaufstellung
88037;Portugal;Atlético Madrid;Simão Sabrosa;28;16000000.0;Rechtsaußen;Startaufstellung
88037;Portugal;Benfica Lissabon;Nuno Gomes;31;7000000.0;Mittelstürmer;Startaufstellung
88037;Tschechien;RSC Anderlecht;Daniel Zitka;32;2500000.0;Torwart;Reservebank
88037;Tschechien;1.FC Nürnberg;Jaromír Blazek;35;1200000.0;Torwart;Reservebank
88037;Tschechien;AC Sparta Prag;Michal Kadlec;23;2000000.0;Innenverteidiger;Reservebank
88037;Tschechien;Spartak Moskau;Radoslav Kovac;28;5000000.0;Innenverteidiger;Reservebank
88037;Tschechien;AC Sparta Prag;Tomás Sivok;24;3500000.0;Innenverteidiger;Reservebank
88037;Tschechien;FC Kopenhagen;Zdenek Pospech;29;1000000.0;Rechter Verteidiger;Reservebank
88037;Tschechien;Hamburger SV;David Jarolím;29;7000000.0;Defensives Mittelfeld;Reservebank
88037;Tschechien;Hertha BSC;Rudi Skácel;28;2500000.0;Offensives Mittelfeld;Reservebank
88037;Tschechien;RSC Anderlecht;Stanislav Vlcek;32;2500000.0;Mittelstürmer;Reservebank
88037;Tschechien;Eintracht Frankfurt;Martin Fenin;21;3500000.0;Mittelstürmer;Reservebank
88037;Tschechien;FC Banik Ostrau;Vaclav Sverkos;24;1500000.0;Mittelstürmer;Reservebank
88037;Tschechien;1.FC Nürnberg;Jan Koller;35;2000000.0;Mittelstürmer;Reservebank
88037;Portugal;FC Porto;Nuno Espírito Santo;34;1000000.0;Torwart;Reservebank
88037;Portugal;Sporting Lissabon;Rui Patrício;20;1500000.0;Torwart;Reservebank
88037;Portugal;FC Porto;Bruno Alves;26;7000000.0;Innenverteidiger;Reservebank
88037;Portugal;VfB Stuttgart;Fernando Meira;30;10000000.0;Defensives Mittelfeld;Reservebank
88037;Portugal;Boavista Porto FC;Jorge Ribeiro;26;3000000.0;Linker Verteidiger;Reservebank
88037;Portugal;FC Valencia;Miguel;28;10000000.0;Rechter Verteidiger;Reservebank
88037;Portugal;Sporting Lissabon;Miguel Veloso;22;7000000.0;Defensives Mittelfeld;Reservebank
88037;Portugal;FC Porto;Raúl Meireles;25;6000000.0;Zentrales Mittelfeld;Reservebank
88037;Portugal;Manchester United;Nani;21;19000000.0;Linksaußen;Reservebank
88037;Portugal;FC Porto;Ricardo Quaresma;24;23000000.0;Rechtsaußen;Reservebank
88037;Portugal;SV Werder Bremen;Hugo Almeida;24;7000000.0;Mittelstürmer;Reservebank
88037;Portugal;Panathinaikos Athen;Hélder Postiga;25;4000000.0;Mittelstürmer;Reservebank
