GameId;team;club;name;age;value;position;role
88035;Spanien;Real Madrid;Iker Casillas;27;28000000.0;Torwart;Startaufstellung
88035;Spanien;FC Valencia;Carlos Marchena;28;8000000.0;Innenverteidiger;Startaufstellung
88035;Spanien;FC Barcelona;Carles Puyol;30;26000000.0;Innenverteidiger;Startaufstellung
88035;Spanien;FC Villarreal;Joan Capdevila;30;11000000.0;Linker Verteidiger;Startaufstellung
88035;Spanien;Real Madrid;Sergio Ramos;22;30000000.0;Rechter Verteidiger;Startaufstellung
88035;Spanien;FC Villarreal;Marcos Senna;31;8000000.0;Defensives Mittelfeld;Startaufstellung
88035;Spanien;FC Barcelona;Xavi;28;28000000.0;Offensives Mittelfeld;Startaufstellung
88035;Spanien;FC Valencia;David Silva;22;18000000.0;Linksaußen;Startaufstellung
88035;Spanien;FC Barcelona;Andrés Iniesta;24;30000000.0;Rechtsaußen;Startaufstellung
88035;Spanien;FC Valencia;David Villa;26;28000000.0;Hängende Spitze;Startaufstellung
88035;Spanien;FC Liverpool;Fernando Torres;24;35000000.0;Mittelstürmer;Startaufstellung
88035;Russland;ZSKA Moskau;Igor Akinfeev;22;11000000.0;Torwart;Startaufstellung
88035;Russland;Dinamo Moskau;Denis Kolodin;26;4000000.0;Innenverteidiger;Startaufstellung
88035;Russland;Zenit St. Petersburg;Roman Shirokov;26;3750000.0;Innenverteidiger;Startaufstellung
88035;Russland;ZSKA Moskau;Yuri Zhirkov;24;7000000.0;Linker Verteidiger;Startaufstellung
88035;Russland;Zenit St. Petersburg;Aleksandr Anyukov;25;6000000.0;Rechter Verteidiger;Startaufstellung
88035;Russland;Rubin Kazan;Sergey Semak;32;1850000.0;Defensives Mittelfeld;Startaufstellung
88035;Russland;Zenit St. Petersburg;Konstantin Zyryanov;30;6750000.0;Rechtes Mittelfeld;Startaufstellung
88035;Russland;Lokomotiv Moskau;Diniyar Bilyaletdinov;23;8750000.0;Linkes Mittelfeld;Startaufstellung
88035;Russland;Dinamo Moskau;Igor Semshov;30;5250000.0;Offensives Mittelfeld;Startaufstellung
88035;Russland;Lokomotiv Moskau;Dmitri Sychev;24;6750000.0;Hängende Spitze;Startaufstellung
88035;Russland;Spartak Moskau;Roman Pavlyuchenko;26;8000000.0;Mittelstürmer;Startaufstellung
88035;Spanien;FC Sevilla;Andrés Palop;34;7000000.0;Torwart;Reservebank
88035;Spanien;FC Liverpool;Pepe Reina;25;13000000.0;Torwart;Reservebank
88035;Spanien;FC Valencia;Raúl Albiol;22;9000000.0;Innenverteidiger;Reservebank
88035;Spanien;Real Betis Sevilla;Juanito;31;5000000.0;Innenverteidiger;Reservebank
88035;Spanien;RCD Mallorca;Fernando Navarro;25;6000000.0;Linker Verteidiger;Reservebank
88035;Spanien;FC Liverpool;Álvaro Arbeloa;25;6000000.0;Rechter Verteidiger;Reservebank
88035;Spanien;FC Liverpool;Xabi Alonso;26;22000000.0;Defensives Mittelfeld;Reservebank
88035;Spanien;FC Villarreal;Santi Cazorla;23;6000000.0;Rechtes Mittelfeld;Reservebank
88035;Spanien;FC Arsenal;Cesc Fàbregas;21;35000000.0;Offensives Mittelfeld;Reservebank
88035;Spanien;FC Getafe;Rubén de la Red;23;6000000.0;Zentrales Mittelfeld;Reservebank
88035;Spanien;Real Saragossa ;Sergio García;25;6000000.0;Mittelstürmer;Reservebank
88035;Spanien;RCD Mallorca;Daniel Güiza;27;10000000.0;Mittelstürmer;Reservebank
88035;Russland;Amkar Perm;Vladimir Gabulov;24;2250000.0;Torwart;Reservebank
88035;Russland;Zenit St. Petersburg;Vyacheslav Malafeev;29;4750000.0;Torwart;Reservebank
88035;Russland;ZSKA Moskau;Aleksey Berezutski;25;4000000.0;Innenverteidiger;Reservebank
88035;Russland;ZSKA Moskau;Vasili Berezutski;25;3500000.0;Innenverteidiger;Reservebank
88035;Russland;ZSKA Moskau;Sergey Ignashevich;28;4500000.0;Innenverteidiger;Reservebank
88035;Russland;Lokomotiv Moskau;Renat Yanbaev;24;2500000.0;Linker Verteidiger;Reservebank
88035;Russland;Lokomotiv Moskau;Dmitri Torbinski;24;5000000.0;Linkes Mittelfeld;Reservebank
88035;Russland;Spartak Moskau;Vladimir Bystrov;24;6500000.0;Hängende Spitze;Reservebank
88035;Russland;Krylya Sovetov Samara;Oleg Ivanov;21;1750000.0;Offensives Mittelfeld;Reservebank
88035;Russland;1.FC Nürnberg;Ivan Saenko;24;3000000.0;Rechtsaußen;Reservebank
88035;Russland;FK Moskau;Roman Adamov;25;3000000.0;Mittelstürmer;Reservebank
