GameId;team;club;name;age;value;position;role
88047;Österreich;AEK Athen;Jürgen Macho;30;1700000.0;Torwart;Startaufstellung
88047;Österreich;FC Middlesbrough;Emanuel Pogatetz;25;5000000.0;Innenverteidiger;Startaufstellung
88047;Österreich;Spartak Moskau;Martin Stranzl;28;4000000.0;Innenverteidiger;Startaufstellung
88047;Österreich;SK Austria Kärnten;Martin Hiden;35;650000.0;Innenverteidiger;Startaufstellung
88047;Österreich;Red Bull Salzburg;René Aufhauser;31;1500000.0;Defensives Mittelfeld;Startaufstellung
88047;Österreich;SSC Neapel;György Garics;24;1800000.0;Rechtes Mittelfeld;Startaufstellung
88047;Österreich;SV Mattersburg;Christian Fuchs;22;1350000.0;Linkes Mittelfeld;Startaufstellung
88047;Österreich;Panathinaikos Athen;Andreas Ivanschitz;24;4300000.0;Offensives Mittelfeld;Startaufstellung
88047;Österreich;SK Rapid Wien;Ümit Korkmaz;22;825000.0;Linksaußen;Startaufstellung
88047;Österreich;SV Werder Bremen;Martin Harnik;21;1000000.0;Rechtsaußen;Startaufstellung
88047;Österreich;SK Rapid Wien;Erwin Hoffer;21;950000.0;Mittelstürmer;Startaufstellung
88047;Deutschland;FC Arsenal;Jens Lehmann;38;3000000.0;Torwart;Startaufstellung
88047;Deutschland;SV Werder Bremen;Per Mertesacker;23;15000000.0;Innenverteidiger;Startaufstellung
88047;Deutschland;Real Madrid;Christoph Metzelder;27;7000000.0;Innenverteidiger;Startaufstellung
88047;Deutschland;FC Bayern München;Philipp Lahm;24;18000000.0;Linker Verteidiger;Startaufstellung
88047;Deutschland;Hertha BSC;Arne Friedrich;29;7000000.0;Rechter Verteidiger;Startaufstellung
88047;Deutschland;SV Werder Bremen;Torsten Frings;31;15000000.0;Defensives Mittelfeld;Startaufstellung
88047;Deutschland;FC Chelsea;Michael Ballack;31;26000000.0;Zentrales Mittelfeld;Startaufstellung
88047;Deutschland;SV Werder Bremen;Clemens Fritz;27;7000000.0;Rechtes Mittelfeld;Startaufstellung
88047;Deutschland;FC Bayern München;Lukas Podolski;23;10000000.0;Linksaußen;Startaufstellung
88047;Deutschland;VfB Stuttgart;Mario Gómez;22;19000000.0;Mittelstürmer;Startaufstellung
88047;Deutschland;FC Bayern München;Miroslav Klose;30;20000000.0;Mittelstürmer;Startaufstellung
88047;Österreich;TSG 1899 Hoffenheim;Ramazan Özcan;23;1250000.0;Torwart;Reservebank
88047;Österreich;AC Siena;Alexander Manninger;31;3000000.0;Torwart;Reservebank
88047;Österreich;SK Rapid Wien;Markus Katzer;28;1300000.0;Innenverteidiger;Reservebank
88047;Österreich;SK Rapid Wien;Jürgen Patocka;30;1000000.0;Innenverteidiger;Reservebank
88047;Österreich;FK Austria Wien;Ronald Gercaliu;22;1150000.0;Linker Verteidiger;Reservebank
88047;Österreich;FK Austria Wien;Joachim Standfest;28;1250000.0;Rechter Verteidiger;Reservebank
88047;Österreich;SK Sturm Graz;Jürgen Säumel;23;1500000.0;Defensives Mittelfeld;Reservebank
88047;Österreich;Red Bull Salzburg;Christoph Leitgeb;23;2000000.0;Zentrales Mittelfeld;Reservebank
88047;Österreich;LASK Linz;Ivica Vastic;38;750000.0;Hängende Spitze;Reservebank
88047;Österreich;SC Braga;Roland Linz;26;5500000.0;Mittelstürmer;Reservebank
88047;Österreich;Hamarkameratene;Roman Kienast;24;800000.0;Mittelstürmer;Reservebank
88047;Deutschland;Hannover 96;Robert Enke;30;8500000.0;Torwart;Reservebank
88047;Deutschland;Bayer 04 Leverkusen;René Adler;23;8500000.0;Torwart;Reservebank
88047;Deutschland;FC Schalke 04;Heiko Westermann;24;7000000.0;Innenverteidiger;Reservebank
88047;Deutschland;Bayer 04 Leverkusen;Simon Rolfes;26;8500000.0;Defensives Mittelfeld;Reservebank
88047;Deutschland;VfB Stuttgart;Thomas Hitzlsperger;26;7500000.0;Zentrales Mittelfeld;Reservebank
88047;Deutschland;SV Werder Bremen;Tim Borowski;28;8500000.0;Zentrales Mittelfeld;Reservebank
88047;Deutschland;Hamburger SV;Piotr Trochowski;24;4500000.0;Offensives Mittelfeld;Reservebank
88047;Deutschland;Real Betis Sevilla;David Odonkor;24;2000000.0;Rechtsaußen;Reservebank
88047;Deutschland;Borussia Mönchengladbach;Oliver Neuville;35;2400000.0;Mittelstürmer;Reservebank
88047;Deutschland;FC Schalke 04;Kevin Kuranyi;26;10000000.0;Mittelstürmer;Reservebank
