GameId;team;club;name;age;value;position;role
88046;Türkei;Fenerbahce Istanbul;Volkan Demirel;26;3500000.0;Torwart;Startaufstellung
88046;Türkei;Galatasaray Istanbul;Servet Cetin;27;5000000.0;Innenverteidiger;Startaufstellung
88046;Türkei;Galatasaray Istanbul;Emre Güngör;23;2200000.0;Innenverteidiger;Startaufstellung
88046;Türkei;Galatasaray Istanbul;Hakan Balta;25;3200000.0;Linker Verteidiger;Startaufstellung
88046;Türkei;FC Bayern München;Hamit Altintop;25;8000000.0;Rechter Verteidiger;Startaufstellung
88046;Türkei;Galatasaray Istanbul;Mehmet Topal;22;2200000.0;Defensives Mittelfeld;Startaufstellung
88046;Türkei;Fenerbahce Istanbul;Mehmet Aurélio;30;7300000.0;Defensives Mittelfeld;Startaufstellung
88046;Türkei;Galatasaray Istanbul;Arda Turan;21;7500000.0;Linksaußen;Startaufstellung
88046;Türkei;FC Middlesbrough;Tuncay Sanli;26;9000000.0;Rechtsaußen;Startaufstellung
88046;Türkei;Fenerbahce Istanbul;Semih Sentürk;25;3500000.0;Mittelstürmer;Startaufstellung
88046;Türkei;FC Villarreal;Nihat Kahveci;28;12000000.0;Mittelstürmer;Startaufstellung
88046;Tschechien;FC Chelsea;Petr Cech;26;28000000.0;Torwart;Startaufstellung
88046;Tschechien;AC Florenz;Tomás Ujfalusi;30;10500000.0;Innenverteidiger;Startaufstellung
88046;Tschechien;Lazio Rom;David Rozehnal;27;4000000.0;Innenverteidiger;Startaufstellung
88046;Tschechien;AC Mailand;Marek Jankulovski;31;9000000.0;Linker Verteidiger;Startaufstellung
88046;Tschechien;Juventus Turin;Zdenek Grygera;28;5500000.0;Rechter Verteidiger;Startaufstellung
88046;Tschechien;1.FC Nürnberg;Tomás Galásek;35;2000000.0;Defensives Mittelfeld;Startaufstellung
88046;Tschechien;RSC Anderlecht;Jan Polak;27;4000000.0;Zentrales Mittelfeld;Startaufstellung
88046;Tschechien;FC Reading;Marek Matejovsky;26;2000000.0;Zentrales Mittelfeld;Startaufstellung
88046;Tschechien;CA Osasuna;Jaroslav Plasil;26;3600000.0;Linksaußen;Startaufstellung
88046;Tschechien;FC Kopenhagen;Libor Sionko;31;3750000.0;Rechtsaußen;Startaufstellung
88046;Tschechien;1.FC Nürnberg;Jan Koller;35;2000000.0;Mittelstürmer;Startaufstellung
88046;Türkei;Besiktas Istanbul;Rüstü Recber;35;1500000.0;Torwart;Reservebank
88046;Türkei;Trabzonspor;Tolga Zengin;24;1300000.0;Torwart;Reservebank
88046;Türkei;Ankaraspor;Emre Asik;34;1500000.0;Innenverteidiger;Reservebank
88046;Türkei;Galatasaray Istanbul;Sabri Sarioglu;23;4400000.0;Rechtes Mittelfeld;Reservebank
88046;Türkei;Galatasaray Istanbul;Ayhan Akman;31;3300000.0;Zentrales Mittelfeld;Reservebank
88046;Türkei;Fenerbahce Istanbul;Ugur Boral;26;2200000.0;Linkes Mittelfeld;Reservebank
88046;Türkei;Rubin Kazan;Gökdeniz Karadeniz;28;7500000.0;Linksaußen;Reservebank
88046;Türkei;Fenerbahce Istanbul;Colin Kazim-Richards;21;2200000.0;Mittelstürmer;Reservebank
88046;Türkei;FC Sochaux-Montbéliard;Mevlüt Erdinc;21;4500000.0;Mittelstürmer;Reservebank
88046;Tschechien;RSC Anderlecht;Daniel Zitka;32;2500000.0;Torwart;Reservebank
88046;Tschechien;1.FC Nürnberg;Jaromír Blazek;35;1200000.0;Torwart;Reservebank
88046;Tschechien;AC Sparta Prag;Michal Kadlec;23;2000000.0;Linksaußen;Reservebank
88046;Tschechien;Spartak Moskau;Radoslav Kovac;28;5000000.0;Innenverteidiger;Reservebank
88046;Tschechien;AC Sparta Prag;Tomás Sivok;24;3500000.0;Innenverteidiger;Reservebank
88046;Tschechien;FC Kopenhagen;Zdenek Pospech;29;1000000.0;Rechter Verteidiger;Reservebank
88046;Tschechien;Hamburger SV;David Jarolím;29;7000000.0;Zentrales Mittelfeld;Reservebank
88046;Tschechien;Hertha BSC;Rudi Skácel;28;2500000.0;Offensives Mittelfeld;Reservebank
88046;Tschechien;RSC Anderlecht;Stanislav Vlcek;32;2500000.0;Rechtsaußen;Reservebank
88046;Tschechien;Eintracht Frankfurt;Martin Fenin;21;3500000.0;Mittelstürmer;Reservebank
88046;Tschechien;FC Banik Ostrau;Vaclav Sverkos;24;1500000.0;Mittelstürmer;Reservebank
88046;Tschechien;Olympique Lyon;Milan Baros;26;5500000.0;Mittelstürmer;Reservebank
