GameId;team;club;name;age;value;position;role
88049;Niederlande;Ajax Amsterdam;Maarten Stekelenburg;25;5500000.0;Torwart;Startaufstellung
88049;Niederlande;Ajax Amsterdam;Johnny Heitinga;24;7000000.0;Innenverteidiger;Startaufstellung
88049;Niederlande;Aston Villa;Wilfred Bouma;30;5250000.0;Innenverteidiger;Startaufstellung
88049;Niederlande;Feyenoord Rotterdam;Tim de Cler;29;5000000.0;Linker Verteidiger;Startaufstellung
88049;Niederlande;FC Sevilla;Khalid Boulahrouz;26;5000000.0;Rechter Verteidiger;Startaufstellung
88049;Niederlande;FC Twente Enschede;Orlando Engelaar;28;3500000.0;Defensives Mittelfeld;Startaufstellung
88049;Niederlande;AZ Alkmaar;Demy de Zeeuw;25;4500000.0;Defensives Mittelfeld;Startaufstellung
88049;Niederlande;Real Madrid;Arjen Robben;24;24000000.0;Linksaußen;Startaufstellung
88049;Niederlande;PSV Eindhoven;Ibrahim Afellay;22;5000000.0;Rechtsaußen;Startaufstellung
88049;Niederlande;FC Arsenal;Robin van Persie;24;16000000.0;Hängende Spitze;Startaufstellung
88049;Niederlande;Ajax Amsterdam;Klaas-Jan Huntelaar;24;15000000.0;Mittelstürmer;Startaufstellung
88049;Rumänien;Dinamo Bukarest;Bogdan Lobont;30;1800000.0;Torwart;Startaufstellung
88049;Rumänien;AJ Auxerre;Gabriel Tamas;24;3000000.0;Innenverteidiger;Startaufstellung
88049;Rumänien;Steaua Bukarest;Sorin Ghionea;29;1000000.0;Innenverteidiger;Startaufstellung
88049;Rumänien;Shakhtar Donetsk;Razvan Rat;27;3750000.0;Linker Verteidiger;Startaufstellung
88049;Rumänien;FC Getafe;Cosmin Contra;32;1000000.0;Rechter Verteidiger;Startaufstellung
88049;Rumänien;FC Internazionale;Cristian Chivu;27;21000000.0;Defensives Mittelfeld;Startaufstellung
88049;Rumänien;AC Siena;Paul Codrea;27;1500000.0;Zentrales Mittelfeld;Startaufstellung
88049;Rumänien;Lokomotiv Moskau;Razvan Cocis;25;2500000.0;Zentrales Mittelfeld;Startaufstellung
88049;Rumänien;AC Florenz;Adrian Mutu;29;25000000.0;Linksaußen;Startaufstellung
88049;Rumänien;Steaua Bukarest;Banel Nicolita;23;1600000.0;Rechtsaußen;Startaufstellung
88049;Rumänien;Inverness Caledonian Thistle FC;Marius Niculae;27;500000.0;Mittelstürmer;Startaufstellung
88049;Niederlande;Feyenoord Rotterdam;Henk Timmer;36;2500000.0;Torwart;Reservebank
88049;Niederlande;Manchester United;Edwin van der Sar;37;5000000.0;Torwart;Reservebank
88049;Niederlande;Hamburger SV;Joris Mathijsen;28;12000000.0;Innenverteidiger;Reservebank
88049;Niederlande;Blackburn Rovers;André Ooijer;33;3000000.0;Innenverteidiger;Reservebank
88049;Niederlande;Feyenoord Rotterdam;Giovanni van Bronckhorst;33;5200000.0;Linker Verteidiger;Reservebank
88049;Niederlande;Wigan Athletic;Mario Melchiot;31;3250000.0;Rechter Verteidiger;Reservebank
88049;Niederlande;Hamburger SV;Nigel de Jong;23;8500000.0;Defensives Mittelfeld;Reservebank
88049;Niederlande;Hamburger SV;Rafael van der Vaart;25;23000000.0;Offensives Mittelfeld;Reservebank
88049;Niederlande;Real Madrid;Wesley Sneijder;24;24000000.0;Offensives Mittelfeld;Reservebank
88049;Niederlande;FC Liverpool;Dirk Kuyt;27;12500000.0;Rechtsaußen;Reservebank
88049;Niederlande;Real Madrid;Ruud van Nistelrooy;31;30000000.0;Mittelstürmer;Reservebank
88049;Niederlande;Celtic Glasgow;Jan Vennegoor of Hesselink;29;7500000.0;Mittelstürmer;Reservebank
88049;Rumänien;Politehnica Timisoara ;Marius Popa;29;800000.0;Torwart;Reservebank
88049;Rumänien;CFR Cluj;Eduard Stancioiu;27;900000.0;Torwart;Reservebank
88049;Rumänien;Rapid Bukarest;Cristian Sapunaru;24;1400000.0;Innenverteidiger;Reservebank
88049;Rumänien;Dinamo Bukarest;Cosmin Moti;23;1000000.0;Innenverteidiger;Reservebank
88049;Rumänien;Lazio Rom;Stefan Radu;21;1400000.0;Linker Verteidiger;Reservebank
88049;Rumänien;Dinamo Bukarest;Adrian Cristea;24;1900000.0;Linksaußen;Reservebank
88049;Rumänien;ZSKA Sofia;Florentin Petre;32;750000.0;Rechtsaußen;Reservebank
88049;Rumänien;Steaua Bukarest;Nicolae Dica;28;3200000.0;Hängende Spitze;Reservebank
88049;Rumänien;VfB Stuttgart;Ciprian Marica;22;5500000.0;Mittelstürmer;Reservebank
88049;Rumänien;AJ Auxerre;Daniel Niculae;25;5000000.0;Mittelstürmer;Reservebank
