GameId;team;club;name;age;value;position;role
88043;Schweden;Manchester City;Andreas Isaksson;26;3000000.0;Torwart;Startaufstellung
88043;Schweden;Aston Villa;Olof Mellberg;30;7500000.0;Innenverteidiger;Startaufstellung
88043;Schweden;FC Stade Rennes;Petter Hansson;31;3500000.0;Innenverteidiger;Startaufstellung
88043;Schweden;Panathinaikos Athen;Mikael Nilsson;29;2500000.0;Linker Verteidiger;Startaufstellung
88043;Schweden;Rosenborg BK;Fredrik Stoor;24;850000.0;Rechter Verteidiger;Startaufstellung
88043;Schweden;Malmö FF;Daniel Andersson;30;3500000.0;Defensives Mittelfeld;Startaufstellung
88043;Schweden;IF Elfsborg Boras;Anders Svensson;31;3000000.0;Zentrales Mittelfeld;Startaufstellung
88043;Schweden;West Ham United;Freddie Ljungberg;31;6000000.0;Linksaußen;Startaufstellung
88043;Schweden;FC Toulouse;Johan Elmander;27;9000000.0;Rechtsaußen;Startaufstellung
88043;Schweden;FC Internazionale;Zlatan Ibrahimovic;26;38000000.0;Mittelstürmer;Startaufstellung
88043;Schweden;Helsingborgs IF;Henrik Larsson;36;2000000.0;Mittelstürmer;Startaufstellung
88043;Spanien;Real Madrid;Iker Casillas;27;28000000.0;Torwart;Startaufstellung
88043;Spanien;FC Valencia;Carlos Marchena;28;8000000.0;Innenverteidiger;Startaufstellung
88043;Spanien;FC Barcelona;Carles Puyol;30;26000000.0;Innenverteidiger;Startaufstellung
88043;Spanien;FC Villarreal;Joan Capdevila;30;11000000.0;Linker Verteidiger;Startaufstellung
88043;Spanien;Real Madrid;Sergio Ramos;22;30000000.0;Rechter Verteidiger;Startaufstellung
88043;Spanien;FC Villarreal;Marcos Senna;31;8000000.0;Defensives Mittelfeld;Startaufstellung
88043;Spanien;FC Barcelona;Xavi;28;28000000.0;Zentrales Mittelfeld;Startaufstellung
88043;Spanien;FC Valencia;David Silva;22;18000000.0;Linksaußen;Startaufstellung
88043;Spanien;FC Barcelona;Andrés Iniesta;24;30000000.0;Rechtsaußen;Startaufstellung
88043;Spanien;FC Valencia;David Villa;26;28000000.0;Hängende Spitze;Startaufstellung
88043;Spanien;FC Liverpool;Fernando Torres;24;35000000.0;Mittelstürmer;Startaufstellung
88043;Schweden;Hammarby IF;Rami Shaaban;32;700000.0;Torwart;Reservebank
88043;Schweden;IF Elfsborg Boras;Johan Wiland;27;1000000.0;Torwart;Reservebank
88043;Schweden;FC Basel 1893;Daniel Majstorovic;31;2000000.0;Innenverteidiger;Reservebank
88043;Schweden;Wigan Athletic;Andreas Granqvist;23;2000000.0;Innenverteidiger;Reservebank
88043;Schweden;CFR Cluj;Mikael Dorsin;26;1300000.0;Linker Verteidiger;Reservebank
88043;Schweden;Olympique Lyon;Kim Källström;25;11000000.0;Linksaußen;Reservebank
88043;Schweden;Galatasaray Istanbul;Tobias Linderoth;29;4500000.0;Defensives Mittelfeld;Reservebank
88043;Schweden;Birmingham City;Sebastian Larsson;23;4000000.0;Rechtes Mittelfeld;Reservebank
88043;Schweden;FC Kopenhagen;Marcus Allbäck;34;2800000.0;Mittelstürmer;Reservebank
88043;Schweden;SV Werder Bremen;Markus Rosenberg;25;8500000.0;Mittelstürmer;Reservebank
88043;Spanien;FC Sevilla;Andrés Palop;34;7000000.0;Torwart;Reservebank
88043;Spanien;FC Liverpool;Pepe Reina;25;13000000.0;Torwart;Reservebank
88043;Spanien;FC Valencia;Raúl Albiol;22;9000000.0;Innenverteidiger;Reservebank
88043;Spanien;Real Betis Sevilla;Juanito;31;5000000.0;Innenverteidiger;Reservebank
88043;Spanien;RCD Mallorca;Fernando Navarro;25;6000000.0;Linker Verteidiger;Reservebank
88043;Spanien;FC Liverpool;Álvaro Arbeloa;25;6000000.0;Rechter Verteidiger;Reservebank
88043;Spanien;FC Liverpool;Xabi Alonso;26;22000000.0;Defensives Mittelfeld;Reservebank
88043;Spanien;FC Villarreal;Santi Cazorla;23;6000000.0;Rechtsaußen;Reservebank
88043;Spanien;FC Arsenal;Cesc Fàbregas;21;35000000.0;Zentrales Mittelfeld;Reservebank
88043;Spanien;FC Getafe;Rubén de la Red;23;6000000.0;Zentrales Mittelfeld;Reservebank
88043;Spanien;Real Saragossa ;Sergio García;25;6000000.0;Mittelstürmer;Reservebank
88043;Spanien;RCD Mallorca;Daniel Güiza;27;10000000.0;Mittelstürmer;Reservebank
