GameId;team;club;name;age;value;position;role
88040;Österreich;AEK Athen;Jürgen Macho;30;1700000.0;Torwart;Startaufstellung
88040;Österreich;Spartak Moskau;Martin Stranzl;27;4000000.0;Innenverteidiger;Startaufstellung
88040;Österreich;SK Sturm Graz;Sebastian Prödl;20;2000000.0;Innenverteidiger;Startaufstellung
88040;Österreich;FC Middlesbrough;Emanuel Pogatetz;25;5000000.0;Linker Verteidiger;Startaufstellung
88040;Österreich;SSC Neapel;György Garics;24;1800000.0;Rechter Verteidiger;Startaufstellung
88040;Österreich;Red Bull Salzburg;René Aufhauser;31;1500000.0;Defensives Mittelfeld;Startaufstellung
88040;Österreich;Panathinaikos Athen;Andreas Ivanschitz;24;4300000.0;Rechtes Mittelfeld;Startaufstellung
88040;Österreich;SK Rapid Wien;Ümit Korkmaz;22;825000.0;Linkes Mittelfeld;Startaufstellung
88040;Österreich;Red Bull Salzburg;Christoph Leitgeb;23;2000000.0;Offensives Mittelfeld;Startaufstellung
88040;Österreich;SV Werder Bremen;Martin Harnik;21;1000000.0;Hängende Spitze;Startaufstellung
88040;Österreich;SC Braga;Roland Linz;26;5500000.0;Mittelstürmer;Startaufstellung
88040;Polen;Celtic Glasgow;Artur Boruc;28;11000000.0;Torwart;Startaufstellung
88040;Polen;FK Moskau;Mariusz Jop;29;1000000.0;Innenverteidiger;Startaufstellung
88040;Polen;FK Austria Wien;Jacek Bak;35;1250000.0;Innenverteidiger;Startaufstellung
88040;Polen;Olympiakos Piräus;Michal Zewlakow;32;2750000.0;Linker Verteidiger;Startaufstellung
88040;Polen;RSC Anderlecht;Marcin Wasilewski;28;3000000.0;Rechter Verteidiger;Startaufstellung
88040;Polen;Wisla Krakau;Dariusz Dudka;24;3300000.0;Defensives Mittelfeld;Startaufstellung
88040;Polen;Shakhtar Donetsk;Mariusz Lewandowski;29;5250000.0;Defensives Mittelfeld;Startaufstellung
88040;Polen;FC Southampton;Marek Saganowski;29;3300000.0;Rechtes Mittelfeld;Startaufstellung
88040;Polen;VfL Wolfsburg;Jacek Krzynowek;32;2000000.0;Linkes Mittelfeld;Startaufstellung
88040;Polen;Legia Warschau;Roger Guerreiro;26;2200000.0;Offensives Mittelfeld;Startaufstellung
88040;Polen;Racing Santander;Ebi Smolarek;27;4800000.0;Mittelstürmer;Startaufstellung
88040;Österreich;TSG 1899 Hoffenheim;Ramazan Özcan;23;1250000.0;Torwart;Reservebank
88040;Österreich;AC Siena;Alexander Manninger;31;3000000.0;Torwart;Reservebank
88040;Österreich;SK Rapid Wien;Markus Katzer;28;1300000.0;Innenverteidiger;Reservebank
88040;Österreich;SK Rapid Wien;Jürgen Patocka;30;1000000.0;Innenverteidiger;Reservebank
88040;Österreich;SK Austria Kärnten;Martin Hiden;35;650000.0;Innenverteidiger;Reservebank
88040;Österreich;SV Mattersburg;Christian Fuchs;22;1350000.0;Linker Verteidiger;Reservebank
88040;Österreich;FK Austria Wien;Ronald Gercaliu;22;1150000.0;Linker Verteidiger;Reservebank
88040;Österreich;FK Austria Wien;Joachim Standfest;28;1250000.0;Rechter Verteidiger;Reservebank
88040;Österreich;SK Sturm Graz;Jürgen Säumel;23;1500000.0;Zentrales Mittelfeld;Reservebank
88040;Österreich;LASK Linz;Ivica Vastic;38;750000.0;Hängende Spitze;Reservebank
88040;Österreich;Hamarkameratene;Roman Kienast;24;800000.0;Mittelstürmer;Reservebank
88040;Österreich;SK Rapid Wien;Erwin Hoffer;21;950000.0;Mittelstürmer;Reservebank
88040;Polen;Korona Kielce;Wojciech Kowalewski;31;1500000.0;Torwart;Reservebank
88040;Polen;FC Arsenal;Lukasz Fabianski;23;3000000.0;Torwart;Reservebank
88040;Polen;Górnik Zabrze;Michal Pazdan;20;550000.0;Innenverteidiger;Reservebank
88040;Polen;Wisla Krakau;Adam Kokoszka;21;900000.0;Innenverteidiger;Reservebank
88040;Polen;Legia Warschau;Jakub Wawrzyniak;24;1000000.0;Linker Verteidiger;Reservebank
88040;Polen;Steaua Bukarest;Pawel Golanski;25;1750000.0;Rechter Verteidiger;Reservebank
88040;Polen;Lech Posen;Rafal Murawski;26;1600000.0;Zentrales Mittelfeld;Reservebank
88040;Polen;Wisla Krakau;Wojciech Lobodzinski;25;2300000.0;Rechtes Mittelfeld;Reservebank
88040;Polen;GKS Belchatow;Lukasz Gargula;27;2100000.0;Offensives Mittelfeld;Reservebank
88040;Polen;Górnik Zabrze;Tomasz Zahorski;23;1000000.0;Mittelstürmer;Reservebank
