GameId;team;club;name;age;value;position;role
88044;Griechenland;Olympiakos Piräus;Antonis Nikopolidis;37;2000000.0;Torwart;Startaufstellung
88044;Griechenland;AEK Athen;Traianos Dellas;32;3300000.0;Innenverteidiger;Startaufstellung
88044;Griechenland;Eintracht Frankfurt;Sotiris Kyrgiakos;28;6000000.0;Innenverteidiger;Startaufstellung
88044;Griechenland;Olympiakos Piräus;Vasilios Torosidis;23;5500000.0;Linker Verteidiger;Startaufstellung
88044;Griechenland;Atlético Madrid;Georgios Seitaridis;27;6000000.0;Rechter Verteidiger;Startaufstellung
88044;Griechenland;RCD Mallorca;Angelos Basinas;32;3200000.0;Defensives Mittelfeld;Startaufstellung
88044;Griechenland;Olympiakos Piräus;Christos Patsatzoglou;29;2750000.0;Defensives Mittelfeld;Startaufstellung
88044;Griechenland;Benfica Lissabon;Konstantinos Katsouranis;28;7500000.0;Offensives Mittelfeld;Startaufstellung
88044;Griechenland;Eintracht Frankfurt;Giannis Amanatidis;26;6000000.0;Linksaußen;Startaufstellung
88044;Griechenland;1.FC Nürnberg;Angelos Charisteas;28;3000000.0;Rechtsaußen;Startaufstellung
88044;Griechenland;AEK Athen;Nikolaos Lyberopoulos;32;4000000.0;Mittelstürmer;Startaufstellung
88044;Russland;ZSKA Moskau;Igor Akinfeev;22;11000000.0;Torwart;Startaufstellung
88044;Russland;ZSKA Moskau;Sergey Ignashevich;28;4500000.0;Innenverteidiger;Startaufstellung
88044;Russland;Dinamo Moskau;Denis Kolodin;26;4000000.0;Innenverteidiger;Startaufstellung
88044;Russland;ZSKA Moskau;Yuri Zhirkov;24;7000000.0;Linker Verteidiger;Startaufstellung
88044;Russland;Zenit St. Petersburg;Aleksandr Anyukov;25;6000000.0;Rechter Verteidiger;Startaufstellung
88044;Russland;Rubin Kazan;Sergey Semak;32;1850000.0;Zentrales Mittelfeld;Startaufstellung
88044;Russland;Dinamo Moskau;Igor Semshov;30;5250000.0;Zentrales Mittelfeld;Startaufstellung
88044;Russland;Zenit St. Petersburg;Konstantin Zyryanov;30;6750000.0;Rechtes Mittelfeld;Startaufstellung
88044;Russland;Lokomotiv Moskau;Dmitri Torbinski;24;5000000.0;Offensives Mittelfeld;Startaufstellung
88044;Russland;Lokomotiv Moskau;Diniyar Bilyaletdinov;23;8750000.0;Linksaußen;Startaufstellung
88044;Russland;Spartak Moskau;Roman Pavlyuchenko;26;8000000.0;Mittelstürmer;Startaufstellung
88044;Griechenland;OFI Kreta;Alexandros Tzorvas;25;1000000.0;Torwart;Reservebank
88044;Griechenland;Olympiakos Piräus;Paraskevas Antzas;31;2750000.0;Innenverteidiger;Reservebank
88044;Griechenland;Panathinaikos Athen;Loukas Vyntra;27;2000000.0;Innenverteidiger;Reservebank
88044;Griechenland;Panathinaikos Athen;Giannis Goumas;33;2300000.0;Innenverteidiger;Reservebank
88044;Griechenland;Panathinaikos Athen;Nikolaos Spyropoulos;24;2600000.0;Linker Verteidiger;Reservebank
88044;Griechenland;Panathinaikos Athen;Alexandros Tziolis;23;2500000.0;Defensives Mittelfeld;Reservebank
88044;Griechenland;Panathinaikos Athen;Georgios Karagounis;31;6000000.0;Offensives Mittelfeld;Reservebank
88044;Griechenland;Celtic Glasgow;Georgios Samaras;23;4000000.0;Linksaußen;Reservebank
88044;Griechenland;Bolton Wanderers;Stelios Giannakopoulos;33;2500000.0;Linksaußen;Reservebank
88044;Griechenland;Panathinaikos Athen;Dimitrios Salpingidis;26;6000000.0;Rechtsaußen;Reservebank
88044;Griechenland;Bayer 04 Leverkusen;Theofanis Gekas;28;7000000.0;Mittelstürmer;Reservebank
88044;Russland;Amkar Perm;Vladimir Gabulov;24;2250000.0;Torwart;Reservebank
88044;Russland;Zenit St. Petersburg;Vyacheslav Malafeev;29;4750000.0;Torwart;Reservebank
88044;Russland;ZSKA Moskau;Aleksey Berezutski;25;4000000.0;Innenverteidiger;Reservebank
88044;Russland;ZSKA Moskau;Vasili Berezutski;25;3500000.0;Linker Verteidiger;Reservebank
88044;Russland;Lokomotiv Moskau;Renat Yanbaev;24;2500000.0;Linker Verteidiger;Reservebank
88044;Russland;Zenit St. Petersburg;Roman Shirokov;26;3750000.0;Zentrales Mittelfeld;Reservebank
88044;Russland;Spartak Moskau;Vladimir Bystrov;24;6500000.0;Rechtes Mittelfeld;Reservebank
88044;Russland;Krylya Sovetov Samara;Oleg Ivanov;21;1750000.0;Offensives Mittelfeld;Reservebank
88044;Russland;1.FC Nürnberg;Ivan Saenko;24;3000000.0;Linksaußen;Reservebank
88044;Russland;FK Moskau;Roman Adamov;25;3000000.0;Mittelstürmer;Reservebank
88044;Russland;Lokomotiv Moskau;Dmitri Sychev;24;6750000.0;Mittelstürmer;Reservebank
