GameId;team;club;name;age;value;position;role
88048;Polen;Celtic Glasgow;Artur Boruc;28;11000000.0;Torwart;Startaufstellung
88048;Polen;Wisla Krakau;Dariusz Dudka;24;3300000.0;Innenverteidiger;Startaufstellung
88048;Polen;Olympiakos Piräus;Michal Zewlakow;32;2750000.0;Innenverteidiger;Startaufstellung
88048;Polen;Legia Warschau;Jakub Wawrzyniak;24;1000000.0;Linker Verteidiger;Startaufstellung
88048;Polen;RSC Anderlecht;Marcin Wasilewski;28;3000000.0;Rechter Verteidiger;Startaufstellung
88048;Polen;Shakhtar Donetsk;Mariusz Lewandowski;29;5250000.0;Defensives Mittelfeld;Startaufstellung
88048;Polen;Lech Posen;Rafal Murawski;26;1600000.0;Zentrales Mittelfeld;Startaufstellung
88048;Polen;Wisla Krakau;Wojciech Lobodzinski;25;2300000.0;Rechtes Mittelfeld;Startaufstellung
88048;Polen;VfL Wolfsburg;Jacek Krzynowek;32;2000000.0;Linkes Mittelfeld;Startaufstellung
88048;Polen;Legia Warschau;Roger Guerreiro;26;2200000.0;Offensives Mittelfeld;Startaufstellung
88048;Polen;FC Southampton;Marek Saganowski;29;3300000.0;Mittelstürmer;Startaufstellung
88048;Kroatien;RC Lens;Vedran Runje;32;3500000.0;Torwart;Startaufstellung
88048;Kroatien;Tom Tomsk;Hrvoje Vejic;31;1000000.0;Innenverteidiger;Startaufstellung
88048;Kroatien;AS Livorno;Dario Knezevic;26;2800000.0;Innenverteidiger;Startaufstellung
88048;Kroatien;SC Heerenveen;Danijel Pranjic;26;4500000.0;Linker Verteidiger;Startaufstellung
88048;Kroatien;AC Mailand;Dario Simic;32;2000000.0;Rechter Verteidiger;Startaufstellung
88048;Kroatien;AS Monaco;Nikola Pokrivac;22;3000000.0;Defensives Mittelfeld;Startaufstellung
88048;Kroatien;GNK Dinamo Zagreb;Ognjen Vukojevic;24;5000000.0;Defensives Mittelfeld;Startaufstellung
88048;Kroatien;AS Monaco;Jerko Leko;28;3500000.0;Rechtes Mittelfeld;Startaufstellung
88048;Kroatien;FC Schalke 04;Ivan Rakitic;20;6000000.0;Linkes Mittelfeld;Startaufstellung
88048;Kroatien;SV Werder Bremen;Ivan Klasnic;28;5000000.0;Mittelstürmer;Startaufstellung
88048;Kroatien;Borussia Dortmund;Mladen Petric;27;9500000.0;Mittelstürmer;Startaufstellung
88048;Polen;Korona Kielce;Wojciech Kowalewski;31;1500000.0;Torwart;Reservebank
88048;Polen;FC Arsenal;Lukasz Fabianski;23;3000000.0;Torwart;Reservebank
88048;Polen;Górnik Zabrze;Michal Pazdan;20;550000.0;Innenverteidiger;Reservebank
88048;Polen;FK Moskau;Mariusz Jop;29;1000000.0;Innenverteidiger;Reservebank
88048;Polen;FK Austria Wien;Jacek Bak;35;1250000.0;Innenverteidiger;Reservebank
88048;Polen;Wisla Krakau;Adam Kokoszka;21;900000.0;Innenverteidiger;Reservebank
88048;Polen;Steaua Bukarest;Pawel Golanski;25;1750000.0;Rechter Verteidiger;Reservebank
88048;Polen;Hertha BSC;Lukasz Piszczek;23;1500000.0;Rechter Verteidiger;Reservebank
88048;Polen;GKS Belchatow;Lukasz Gargula;27;2100000.0;Offensives Mittelfeld;Reservebank
88048;Polen;Racing Santander;Ebi Smolarek;27;4800000.0;Rechtsaußen;Reservebank
88048;Polen;Górnik Zabrze;Tomasz Zahorski;23;1000000.0;Mittelstürmer;Reservebank
88048;Kroatien;Spartak Moskau;Stipe Pletikosa;29;4750000.0;Torwart;Reservebank
88048;Kroatien;Panathinaikos Athen;Mario Galinovic;31;1900000.0;Torwart;Reservebank
88048;Kroatien;Hertha BSC;Josip Simunic;30;7500000.0;Innenverteidiger;Reservebank
88048;Kroatien;Borussia Dortmund;Robert Kovac;34;2500000.0;Innenverteidiger;Reservebank
88048;Kroatien;Manchester City;Vedran Corluka;22;11000000.0;Rechter Verteidiger;Reservebank
88048;Kroatien;Shakhtar Donetsk;Darijo Srna;26;11000000.0;Rechter Verteidiger;Reservebank
88048;Kroatien;Red Bull Salzburg;Niko Kovac;36;1250000.0;Defensives Mittelfeld;Reservebank
88048;Kroatien;GNK Dinamo Zagreb;Luka Modric;22;18000000.0;Zentrales Mittelfeld;Reservebank
88048;Kroatien;FC Portsmouth;Niko Kranjcar;23;7500000.0;Offensives Mittelfeld;Reservebank
88048;Kroatien;Hamburger SV;Ivica Olic;28;8000000.0;Mittelstürmer;Reservebank
88048;Kroatien;HNK Hajduk Split;Nikola Kalinic;20;6000000.0;Mittelstürmer;Reservebank
88048;Kroatien;Parma FC;Igor Budan;28;5500000.0;Mittelstürmer;Reservebank
