GameId;team;club;name;age;value;position;role
88042;Niederlande;Manchester United;Edwin van der Sar;37;5000000.0;Torwart;Startaufstellung
88042;Niederlande;Hamburger SV;Joris Mathijsen;28;12000000.0;Innenverteidiger;Startaufstellung
88042;Niederlande;Blackburn Rovers;André Ooijer;33;3000000.0;Innenverteidiger;Startaufstellung
88042;Niederlande;Feyenoord Rotterdam;Giovanni van Bronckhorst;33;5200000.0;Linker Verteidiger;Startaufstellung
88042;Niederlande;FC Sevilla;Khalid Boulahrouz;26;5000000.0;Rechter Verteidiger;Startaufstellung
88042;Niederlande;FC Twente Enschede;Orlando Engelaar;28;3500000.0;Defensives Mittelfeld;Startaufstellung
88042;Niederlande;Hamburger SV;Nigel de Jong;23;8500000.0;Defensives Mittelfeld;Startaufstellung
88042;Niederlande;Hamburger SV;Rafael van der Vaart;25;23000000.0;Offensives Mittelfeld;Startaufstellung
88042;Niederlande;Real Madrid;Wesley Sneijder;24;24000000.0;Linksaußen;Startaufstellung
88042;Niederlande;FC Liverpool;Dirk Kuyt;27;12500000.0;Rechtsaußen;Startaufstellung
88042;Niederlande;Real Madrid;Ruud van Nistelrooy;31;30000000.0;Mittelstürmer;Startaufstellung
88042;Frankreich;Olympique Lyon;Grégory Coupet;35;6000000.0;Torwart;Startaufstellung
88042;Frankreich;FC Arsenal;William Gallas;30;18000000.0;Innenverteidiger;Startaufstellung
88042;Frankreich;FC Barcelona;Lilian Thuram;36;2800000.0;Innenverteidiger;Startaufstellung
88042;Frankreich;Manchester United;Patrice Evra;27;15000000.0;Linker Verteidiger;Startaufstellung
88042;Frankreich;FC Bayern München;Willy Sagnol;31;12000000.0;Rechter Verteidiger;Startaufstellung
88042;Frankreich;FC Chelsea;Claude Makélélé;35;6500000.0;Defensives Mittelfeld;Startaufstellung
88042;Frankreich;Olympique Lyon;Jérémy Toulalan;24;20000000.0;Defensives Mittelfeld;Startaufstellung
88042;Frankreich;FC Bayern München;Franck Ribéry;25;27000000.0;Offensives Mittelfeld;Startaufstellung
88042;Frankreich;FC Chelsea;Florent Malouda;28;17500000.0;Linksaußen;Startaufstellung
88042;Frankreich;Olympique Lyon;Sidney Govou;28;8000000.0;Rechtsaußen;Startaufstellung
88042;Frankreich;FC Barcelona;Thierry Henry;30;30000000.0;Mittelstürmer;Startaufstellung
88042;Niederlande;Feyenoord Rotterdam;Henk Timmer;36;2500000.0;Torwart;Reservebank
88042;Niederlande;Ajax Amsterdam;Maarten Stekelenburg;25;5500000.0;Torwart;Reservebank
88042;Niederlande;Ajax Amsterdam;Johnny Heitinga;24;7000000.0;Innenverteidiger;Reservebank
88042;Niederlande;Aston Villa;Wilfred Bouma;29;5250000.0;Linker Verteidiger;Reservebank
88042;Niederlande;Feyenoord Rotterdam;Tim de Cler;29;5000000.0;Linker Verteidiger;Reservebank
88042;Niederlande;Wigan Athletic;Mario Melchiot;31;3250000.0;Rechter Verteidiger;Reservebank
88042;Niederlande;AZ Alkmaar;Demy de Zeeuw;25;4500000.0;Zentrales Mittelfeld;Reservebank
88042;Niederlande;PSV Eindhoven;Ibrahim Afellay;22;5000000.0;Linkes Mittelfeld;Reservebank
88042;Niederlande;Real Madrid;Arjen Robben;24;24000000.0;Linksaußen;Reservebank
88042;Niederlande;FC Arsenal;Robin van Persie;24;16000000.0;Rechtsaußen;Reservebank
88042;Niederlande;Ajax Amsterdam;Klaas-Jan Huntelaar;24;15000000.0;Mittelstürmer;Reservebank
88042;Niederlande;Celtic Glasgow;Jan Vennegoor of Hesselink;29;7500000.0;Mittelstürmer;Reservebank
88042;Frankreich;Olympique Marseille;Steve Mandanda;23;6000000.0;Torwart;Reservebank
88042;Frankreich;AC Florenz;Sébastien Frey;28;20000000.0;Torwart;Reservebank
88042;Frankreich;Olympique Lyon;Jean-Alain Boumsong;28;4000000.0;Innenverteidiger;Reservebank
88042;Frankreich;Olympique Lyon;Sébastien Squillaci;27;15000000.0;Innenverteidiger;Reservebank
88042;Frankreich;FC Barcelona;Éric Abidal;28;17000000.0;Linker Verteidiger;Reservebank
88042;Frankreich;Olympique Lyon;François Clerc;25;7500000.0;Rechter Verteidiger;Reservebank
88042;Frankreich;FC Portsmouth;Lassana Diarra;23;7000000.0;Defensives Mittelfeld;Reservebank
88042;Frankreich;Olympique Marseille;Samir Nasri;20;15000000.0;Linksaußen;Reservebank
88042;Frankreich;Olympique Lyon;Karim Benzema;20;23000000.0;Mittelstürmer;Reservebank
88042;Frankreich;FC Chelsea;Nicolas Anelka;29;22500000.0;Rechtsaußen;Reservebank
88042;Frankreich;AS Saint-Étienne;Bafétimbi Gomis;22;10000000.0;Mittelstürmer;Reservebank
