GameId;team;club;name;age;value;position;role
88041;Italien;Juventus Turin;Gianluigi Buffon;30;30000000.0;Torwart;Startaufstellung
88041;Italien;Juventus Turin;Giorgio Chiellini;23;15000000.0;Innenverteidiger;Startaufstellung
88041;Italien;AS Rom;Christian Panucci;35;4000000.0;Innenverteidiger;Startaufstellung
88041;Italien;Olympique Lyon;Fabio Grosso;30;10000000.0;Linker Verteidiger;Startaufstellung
88041;Italien;FC Barcelona;Gianluca Zambrotta;31;16000000.0;Rechter Verteidiger;Startaufstellung
88041;Italien;AS Rom;Daniele De Rossi;24;30000000.0;Defensives Mittelfeld;Startaufstellung
88041;Italien;AC Mailand;Andrea Pirlo;29;36000000.0;Zentrales Mittelfeld;Startaufstellung
88041;Italien;Juventus Turin;Mauro Germán Camoranesi;31;15500000.0;Rechtes Mittelfeld;Startaufstellung
88041;Italien;AS Rom;Simone Perrotta;30;15000000.0;Offensives Mittelfeld;Startaufstellung
88041;Italien;Juventus Turin;Alessandro Del Piero;33;14000000.0;Linksaußen;Startaufstellung
88041;Italien;FC Bayern München;Luca Toni;31;28500000.0;Mittelstürmer;Startaufstellung
88041;Rumänien;Dinamo Bukarest;Bogdan Lobont;30;1800000.0;Torwart;Startaufstellung
88041;Rumänien;AJ Auxerre;Gabriel Tamas;24;3000000.0;Innenverteidiger;Startaufstellung
88041;Rumänien;Steaua Bukarest;Dorin Goian;27;2000000.0;Innenverteidiger;Startaufstellung
88041;Rumänien;Shakhtar Donetsk;Razvan Rat;27;3750000.0;Linker Verteidiger;Startaufstellung
88041;Rumänien;FC Getafe;Cosmin Contra;32;1000000.0;Rechter Verteidiger;Startaufstellung
88041;Rumänien;Al-Hilal Riad;Mirel Radoi;27;2600000.0;Defensives Mittelfeld;Startaufstellung
88041;Rumänien;FC Internazionale;Cristian Chivu;27;21000000.0;Zentrales Mittelfeld;Startaufstellung
88041;Rumänien;AC Siena;Paul Codrea;27;1500000.0;Zentrales Mittelfeld;Startaufstellung
88041;Rumänien;AC Florenz;Adrian Mutu;29;25000000.0;Linksaußen;Startaufstellung
88041;Rumänien;ZSKA Sofia;Florentin Petre;32;750000.0;Rechtsaußen;Startaufstellung
88041;Rumänien;AJ Auxerre;Daniel Niculae;25;5000000.0;Mittelstürmer;Startaufstellung
88041;Italien;AS Livorno;Marco Amelia;26;10000000.0;Torwart;Reservebank
88041;Italien;FC Sevilla;Morgan De Sanctis;31;4800000.0;Torwart;Reservebank
88041;Italien;FC Internazionale;Marco Materazzi;34;7500000.0;Innenverteidiger;Reservebank
88041;Italien;AC Florenz;Alessandro Gamberini;26;8500000.0;Innenverteidiger;Reservebank
88041;Italien;US Palermo;Andrea Barzagli;27;14500000.0;Innenverteidiger;Reservebank
88041;Italien;AC Mailand;Gennaro Gattuso;30;22000000.0;Zentrales Mittelfeld;Reservebank
88041;Italien;AC Mailand;Massimo Ambrosini;31;9000000.0;Defensives Mittelfeld;Reservebank
88041;Italien;AS Rom;Alberto Aquilani;23;16000000.0;Zentrales Mittelfeld;Reservebank
88041;Italien;Sampdoria Genua;Antonio Cassano;25;9000000.0;Hängende Spitze;Reservebank
88041;Italien;FC Genua 1893;Marco Borriello;25;8000000.0;Mittelstürmer;Reservebank
88041;Italien;Udinese Calcio;Antonio Di Natale;30;15000000.0;Mittelstürmer;Reservebank
88041;Italien;Udinese Calcio;Fabio Quagliarella;25;13000000.0;Mittelstürmer;Reservebank
88041;Rumänien;Politehnica Timisoara ;Marius Popa;29;800000.0;Torwart;Reservebank
88041;Rumänien;CFR Cluj;Eduard Stancioiu;27;900000.0;Torwart;Reservebank
88041;Rumänien;Rapid Bukarest;Cristian Sapunaru;24;1400000.0;Innenverteidiger;Reservebank
88041;Rumänien;Steaua Bukarest;Sorin Ghionea;29;1000000.0;Innenverteidiger;Reservebank
88041;Rumänien;Dinamo Bukarest;Cosmin Moti;23;1000000.0;Innenverteidiger;Reservebank
88041;Rumänien;Lazio Rom;Stefan Radu;21;1400000.0;Linker Verteidiger;Reservebank
88041;Rumänien;Lokomotiv Moskau;Razvan Cocis;25;2500000.0;Offensives Mittelfeld;Reservebank
88041;Rumänien;Dinamo Bukarest;Adrian Cristea;24;1900000.0;Linksaußen;Reservebank
88041;Rumänien;Steaua Bukarest;Banel Nicolita;23;1600000.0;Rechtsaußen;Reservebank
88041;Rumänien;Steaua Bukarest;Nicolae Dica;28;3200000.0;Hängende Spitze;Reservebank
88041;Rumänien;Inverness Caledonian Thistle FC;Marius Niculae;27;500000.0;Mittelstürmer;Reservebank
