GameId;team;club;name;age;value;position;role
88045;Schweiz;Neuchâtel Xamax;Pascal Zuberbühler;37;650000.0;Torwart;Startaufstellung
88045;Schweiz;Olympique Lyon;Patrick Müller;31;800000.0;Innenverteidiger;Startaufstellung
88045;Schweiz;FC Arsenal;Philippe Senderos;23;6500000.0;Innenverteidiger;Startaufstellung
88045;Schweiz;VfB Stuttgart;Ludovic Magnin;29;3500000.0;Linker Verteidiger;Startaufstellung
88045;Schweiz;LOSC Lille;Stephan Lichtsteiner;24;5000000.0;Rechter Verteidiger;Startaufstellung
88045;Schweiz;Manchester City;Gelson Fernandes;21;4500000.0;Defensives Mittelfeld;Startaufstellung
88045;Schweiz;Udinese Calcio;Gökhan Inler;23;5500000.0;Zentrales Mittelfeld;Startaufstellung
88045;Schweiz;Red Bull Salzburg;Johan Vonlanthen;22;2000000.0;Linksaußen;Startaufstellung
88045;Schweiz;Lazio Rom;Valon Behrami;23;5000000.0;Rechtsaußen;Startaufstellung
88045;Schweiz;BSC Young Boys;Hakan Yakin;31;2700000.0;Hängende Spitze;Startaufstellung
88045;Schweiz;FC Basel 1893;Eren Derdiyok;20;1200000.0;Mittelstürmer;Startaufstellung
88045;Portugal;Real Betis Sevilla;Ricardo;32;3800000.0;Torwart;Startaufstellung
88045;Portugal;FC Porto;Bruno Alves;26;7000000.0;Innenverteidiger;Startaufstellung
88045;Portugal;Real Madrid;Pepe;25;20000000.0;Innenverteidiger;Startaufstellung
88045;Portugal;FC Chelsea;Paulo Ferreira;29;7000000.0;Linker Verteidiger;Startaufstellung
88045;Portugal;FC Valencia;Miguel;28;10000000.0;Rechter Verteidiger;Startaufstellung
88045;Portugal;VfB Stuttgart;Fernando Meira;30;10000000.0;Defensives Mittelfeld;Startaufstellung
88045;Portugal;Sporting Lissabon;Miguel Veloso;22;7000000.0;Zentrales Mittelfeld;Startaufstellung
88045;Portugal;FC Porto;Raúl Meireles;25;6000000.0;Zentrales Mittelfeld;Startaufstellung
88045;Portugal;FC Porto;Ricardo Quaresma;24;23000000.0;Linksaußen;Startaufstellung
88045;Portugal;Manchester United;Nani;21;19000000.0;Rechtsaußen;Startaufstellung
88045;Portugal;Panathinaikos Athen;Hélder Postiga;25;4000000.0;Mittelstürmer;Startaufstellung
88045;Schweiz;VfL Wolfsburg;Diego Benaglio;24;5000000.0;Torwart;Reservebank
88045;Schweiz;Grasshopper Club Zürich;Eldin Jakupovic;23;1300000.0;Torwart;Reservebank
88045;Schweiz;AJ Auxerre;Stéphane Grichting;29;2000000.0;Innenverteidiger;Reservebank
88045;Schweiz;FC Arsenal;Johan Djourou;21;3750000.0;Innenverteidiger;Reservebank
88045;Schweiz;Borussia Dortmund;Philipp Degen;25;2500000.0;Rechter Verteidiger;Reservebank
88045;Schweiz;Eintracht Frankfurt;Christoph Spycher;30;3000000.0;Defensives Mittelfeld;Reservebank
88045;Schweiz;FC Basel 1893;Benjamin Huggel;30;1200000.0;Defensives Mittelfeld;Reservebank
88045;Schweiz;Grasshopper Club Zürich;Ricardo Cabanas;29;1150000.0;Offensives Mittelfeld;Reservebank
88045;Schweiz;FC Metz;Daniel Gygax;26;1700000.0;Offensives Mittelfeld;Reservebank
88045;Schweiz;Bayer 04 Leverkusen;Tranquillo Barnetta;23;9500000.0;Linksaußen;Reservebank
88045;Portugal;FC Porto;Nuno Espírito Santo;34;1000000.0;Torwart;Reservebank
88045;Portugal;Sporting Lissabon;Rui Patrício;20;1500000.0;Torwart;Reservebank
88045;Portugal;FC Chelsea;Ricardo Carvalho;30;20000000.0;Innenverteidiger;Reservebank
88045;Portugal;Boavista Porto FC;Jorge Ribeiro;26;3000000.0;Linker Verteidiger;Reservebank
88045;Portugal;FC Porto;Bosingwa;25;10000000.0;Rechter Verteidiger;Reservebank
88045;Portugal;Benfica Lissabon;Petit;31;6500000.0;Defensives Mittelfeld;Reservebank
88045;Portugal;Sporting Lissabon;João Moutinho;21;10000000.0;Zentrales Mittelfeld;Reservebank
88045;Portugal;FC Barcelona;Deco;30;18000000.0;Offensives Mittelfeld;Reservebank
88045;Portugal;Manchester United;Cristiano Ronaldo;23;55000000.0;Linksaußen;Reservebank
88045;Portugal;Atlético Madrid;Simão Sabrosa;28;16000000.0;Linksaußen;Reservebank
88045;Portugal;SV Werder Bremen;Hugo Almeida;24;7000000.0;Mittelstürmer;Reservebank
88045;Portugal;Benfica Lissabon;Nuno Gomes;31;7000000.0;Mittelstürmer;Reservebank
