GameId;team;club;name;age;value;position;role
88052;Russland;ZSKA Moskau;Igor Akinfeev;22;11000000.0;Torwart;Startaufstellung
88052;Russland;ZSKA Moskau;Sergey Ignashevich;28;4500000.0;Innenverteidiger;Startaufstellung
88052;Russland;Dinamo Moskau;Denis Kolodin;26;4000000.0;Innenverteidiger;Startaufstellung
88052;Russland;ZSKA Moskau;Yuri Zhirkov;24;7000000.0;Linker Verteidiger;Startaufstellung
88052;Russland;Zenit St. Petersburg;Aleksandr Anyukov;25;6000000.0;Rechter Verteidiger;Startaufstellung
88052;Russland;Rubin Kazan;Sergey Semak;32;1850000.0;Defensives Mittelfeld;Startaufstellung
88052;Russland;Dinamo Moskau;Igor Semshov;30;5250000.0;Offensives Mittelfeld;Startaufstellung
88052;Russland;Lokomotiv Moskau;Diniyar Bilyaletdinov;23;8750000.0;Linksaußen;Startaufstellung
88052;Russland;Zenit St. Petersburg;Konstantin Zyryanov;30;6750000.0;Rechtsaußen;Startaufstellung
88052;Russland;Zenit St. Petersburg;Andrey Arshavin;27;16000000.0;Hängende Spitze;Startaufstellung
88052;Russland;Spartak Moskau;Roman Pavlyuchenko;26;8000000.0;Mittelstürmer;Startaufstellung
88052;Schweden;Manchester City;Andreas Isaksson;26;3000000.0;Torwart;Startaufstellung
88052;Schweden;Aston Villa;Olof Mellberg;30;7500000.0;Innenverteidiger;Startaufstellung
88052;Schweden;FC Stade Rennes;Petter Hansson;31;3500000.0;Innenverteidiger;Startaufstellung
88052;Schweden;Panathinaikos Athen;Mikael Nilsson;29;2500000.0;Linker Verteidiger;Startaufstellung
88052;Schweden;Rosenborg BK;Fredrik Stoor;24;850000.0;Rechter Verteidiger;Startaufstellung
88052;Schweden;Malmö FF;Daniel Andersson;30;3500000.0;Defensives Mittelfeld;Startaufstellung
88052;Schweden;IF Elfsborg Boras;Anders Svensson;31;3000000.0;Zentrales Mittelfeld;Startaufstellung
88052;Schweden;West Ham United;Freddie Ljungberg;31;6000000.0;Linksaußen;Startaufstellung
88052;Schweden;FC Toulouse;Johan Elmander;27;9000000.0;Rechtsaußen;Startaufstellung
88052;Schweden;FC Internazionale;Zlatan Ibrahimovic;26;38000000.0;Mittelstürmer;Startaufstellung
88052;Schweden;Helsingborgs IF;Henrik Larsson;36;2000000.0;Mittelstürmer;Startaufstellung
88052;Russland;Amkar Perm;Vladimir Gabulov;24;2250000.0;Torwart;Reservebank
88052;Russland;Zenit St. Petersburg;Vyacheslav Malafeev;29;4750000.0;Torwart;Reservebank
88052;Russland;ZSKA Moskau;Aleksey Berezutski;25;4000000.0;Innenverteidiger;Reservebank
88052;Russland;ZSKA Moskau;Vasili Berezutski;25;3500000.0;Innenverteidiger;Reservebank
88052;Russland;Lokomotiv Moskau;Renat Yanbaev;24;2500000.0;Linker Verteidiger;Reservebank
88052;Russland;Lokomotiv Moskau;Dmitri Torbinski;24;5000000.0;Zentrales Mittelfeld;Reservebank
88052;Russland;Zenit St. Petersburg;Roman Shirokov;26;3750000.0;Zentrales Mittelfeld;Reservebank
88052;Russland;Spartak Moskau;Vladimir Bystrov;24;6500000.0;Mittelstürmer;Reservebank
88052;Russland;Krylya Sovetov Samara;Oleg Ivanov;21;1750000.0;Offensives Mittelfeld;Reservebank
88052;Russland;1.FC Nürnberg;Ivan Saenko;24;3000000.0;Linksaußen;Reservebank
88052;Russland;FK Moskau;Roman Adamov;25;3000000.0;Mittelstürmer;Reservebank
88052;Russland;Lokomotiv Moskau;Dmitri Sychev;24;6750000.0;Mittelstürmer;Reservebank
88052;Schweden;Hammarby IF;Rami Shaaban;32;700000.0;Torwart;Reservebank
88052;Schweden;IF Elfsborg Boras;Johan Wiland;27;1000000.0;Torwart;Reservebank
88052;Schweden;FC Basel 1893;Daniel Majstorovic;31;2000000.0;Innenverteidiger;Reservebank
88052;Schweden;Wigan Athletic;Andreas Granqvist;23;2000000.0;Innenverteidiger;Reservebank
88052;Schweden;CFR Cluj;Mikael Dorsin;26;1300000.0;Linker Verteidiger;Reservebank
88052;Schweden;Olympique Lyon;Kim Källström;25;11000000.0;Zentrales Mittelfeld;Reservebank
88052;Schweden;Galatasaray Istanbul;Tobias Linderoth;29;4500000.0;Defensives Mittelfeld;Reservebank
88052;Schweden;Birmingham City;Sebastian Larsson;23;4000000.0;Zentrales Mittelfeld;Reservebank
88052;Schweden;FC Kopenhagen;Marcus Allbäck;34;2800000.0;Mittelstürmer;Reservebank
88052;Schweden;SV Werder Bremen;Markus Rosenberg;25;8500000.0;Mittelstürmer;Reservebank
