GameId;team;club;name;age;value;position;role
88050;Frankreich;Olympique Lyon;Grégory Coupet;35;6000000.0;Torwart;Startaufstellung
88050;Frankreich;FC Arsenal;William Gallas;30;18000000.0;Innenverteidiger;Startaufstellung
88050;Frankreich;FC Barcelona;Éric Abidal;28;17000000.0;Innenverteidiger;Startaufstellung
88050;Frankreich;Manchester United;Patrice Evra;27;15000000.0;Linker Verteidiger;Startaufstellung
88050;Frankreich;Olympique Lyon;François Clerc;25;7500000.0;Rechter Verteidiger;Startaufstellung
88050;Frankreich;FC Chelsea;Claude Makélélé;35;6500000.0;Defensives Mittelfeld;Startaufstellung
88050;Frankreich;Olympique Lyon;Jérémy Toulalan;24;20000000.0;Defensives Mittelfeld;Startaufstellung
88050;Frankreich;FC Bayern München;Franck Ribéry;25;27000000.0;Linksaußen;Startaufstellung
88050;Frankreich;Olympique Lyon;Sidney Govou;28;8000000.0;Rechtsaußen;Startaufstellung
88050;Frankreich;Olympique Lyon;Karim Benzema;20;23000000.0;Hängende Spitze;Startaufstellung
88050;Frankreich;FC Barcelona;Thierry Henry;30;30000000.0;Mittelstürmer;Startaufstellung
88050;Italien;Juventus Turin;Gianluigi Buffon;30;30000000.0;Torwart;Startaufstellung
88050;Italien;Juventus Turin;Giorgio Chiellini;23;15000000.0;Innenverteidiger;Startaufstellung
88050;Italien;AS Rom;Christian Panucci;35;4000000.0;Innenverteidiger;Startaufstellung
88050;Italien;Olympique Lyon;Fabio Grosso;30;10000000.0;Linker Verteidiger;Startaufstellung
88050;Italien;FC Barcelona;Gianluca Zambrotta;31;16000000.0;Rechter Verteidiger;Startaufstellung
88050;Italien;AS Rom;Daniele De Rossi;24;30000000.0;Defensives Mittelfeld;Startaufstellung
88050;Italien;AC Mailand;Andrea Pirlo;29;36000000.0;Zentrales Mittelfeld;Startaufstellung
88050;Italien;AC Mailand;Gennaro Gattuso;30;22000000.0;Zentrales Mittelfeld;Startaufstellung
88050;Italien;AS Rom;Simone Perrotta;30;15000000.0;Offensives Mittelfeld;Startaufstellung
88050;Italien;Sampdoria Genua;Antonio Cassano;25;9000000.0;Mittelstürmer;Startaufstellung
88050;Italien;FC Bayern München;Luca Toni;31;28500000.0;Mittelstürmer;Startaufstellung
88050;Frankreich;Olympique Marseille;Steve Mandanda;23;6000000.0;Torwart;Reservebank
88050;Frankreich;AC Florenz;Sébastien Frey;28;20000000.0;Torwart;Reservebank
88050;Frankreich;Olympique Lyon;Jean-Alain Boumsong;28;4000000.0;Linker Verteidiger;Reservebank
88050;Frankreich;FC Barcelona;Lilian Thuram;36;2800000.0;Innenverteidiger;Reservebank
88050;Frankreich;Olympique Lyon;Sébastien Squillaci;27;15000000.0;Innenverteidiger;Reservebank
88050;Frankreich;FC Bayern München;Willy Sagnol;31;12000000.0;Rechter Verteidiger;Reservebank
88050;Frankreich;FC Portsmouth;Lassana Diarra;23;7000000.0;Defensives Mittelfeld;Reservebank
88050;Frankreich;FC Chelsea;Florent Malouda;28;17500000.0;Linksaußen;Reservebank
88050;Frankreich;Olympique Marseille;Samir Nasri;20;15000000.0;Linksaußen;Reservebank
88050;Frankreich;FC Chelsea;Nicolas Anelka;29;22500000.0;Rechtsaußen;Reservebank
88050;Frankreich;AS Saint-Étienne;Bafétimbi Gomis;22;10000000.0;Mittelstürmer;Reservebank
88050;Italien;AS Livorno;Marco Amelia;26;10000000.0;Torwart;Reservebank
88050;Italien;FC Sevilla;Morgan De Sanctis;31;4800000.0;Torwart;Reservebank
88050;Italien;FC Internazionale;Marco Materazzi;34;7500000.0;Innenverteidiger;Reservebank
88050;Italien;AC Florenz;Alessandro Gamberini;26;8500000.0;Innenverteidiger;Reservebank
88050;Italien;US Palermo;Andrea Barzagli;27;14500000.0;Innenverteidiger;Reservebank
88050;Italien;AC Mailand;Massimo Ambrosini;31;9000000.0;Defensives Mittelfeld;Reservebank
88050;Italien;AS Rom;Alberto Aquilani;23;16000000.0;Zentrales Mittelfeld;Reservebank
88050;Italien;Juventus Turin;Mauro Germán Camoranesi;31;15500000.0;Offensives Mittelfeld;Reservebank
88050;Italien;Juventus Turin;Alessandro Del Piero;33;14000000.0;Hängende Spitze;Reservebank
88050;Italien;FC Genua 1893;Marco Borriello;25;8000000.0;Mittelstürmer;Reservebank
88050;Italien;Udinese Calcio;Antonio Di Natale;30;15000000.0;Mittelstürmer;Reservebank
88050;Italien;Udinese Calcio;Fabio Quagliarella;25;13000000.0;Mittelstürmer;Reservebank
