GameId;team;club;name;age;value;position;role
88051;Griechenland;Olympiakos Piräus;Antonis Nikopolidis;37;2000000.0;Torwart;Startaufstellung
88051;Griechenland;AEK Athen;Traianos Dellas;32;3300000.0;Innenverteidiger;Startaufstellung
88051;Griechenland;Eintracht Frankfurt;Sotiris Kyrgiakos;28;6000000.0;Innenverteidiger;Startaufstellung
88051;Griechenland;Panathinaikos Athen;Nikolaos Spyropoulos;24;2600000.0;Linker Verteidiger;Startaufstellung
88051;Griechenland;Panathinaikos Athen;Loukas Vyntra;27;2000000.0;Rechter Verteidiger;Startaufstellung
88051;Griechenland;RCD Mallorca;Angelos Basinas;32;3200000.0;Defensives Mittelfeld;Startaufstellung
88051;Griechenland;Benfica Lissabon;Konstantinos Katsouranis;28;7500000.0;Defensives Mittelfeld;Startaufstellung
88051;Griechenland;Panathinaikos Athen;Georgios Karagounis;31;6000000.0;Offensives Mittelfeld;Startaufstellung
88051;Griechenland;Eintracht Frankfurt;Giannis Amanatidis;26;6000000.0;Linksaußen;Startaufstellung
88051;Griechenland;Panathinaikos Athen;Dimitrios Salpingidis;26;6000000.0;Rechtsaußen;Startaufstellung
88051;Griechenland;1.FC Nürnberg;Angelos Charisteas;28;3000000.0;Mittelstürmer;Startaufstellung
88051;Spanien;FC Liverpool;Pepe Reina;25;13000000.0;Torwart;Startaufstellung
88051;Spanien;FC Valencia;Raúl Albiol;22;9000000.0;Innenverteidiger;Startaufstellung
88051;Spanien;Real Betis Sevilla;Juanito;31;5000000.0;Innenverteidiger;Startaufstellung
88051;Spanien;RCD Mallorca;Fernando Navarro;25;6000000.0;Linker Verteidiger;Startaufstellung
88051;Spanien;FC Liverpool;Álvaro Arbeloa;25;6000000.0;Rechter Verteidiger;Startaufstellung
88051;Spanien;FC Liverpool;Xabi Alonso;26;22000000.0;Defensives Mittelfeld;Startaufstellung
88051;Spanien;FC Arsenal;Cesc Fàbregas;21;35000000.0;Zentrales Mittelfeld;Startaufstellung
88051;Spanien;FC Getafe;Rubén de la Red;23;6000000.0;Zentrales Mittelfeld;Startaufstellung
88051;Spanien;FC Barcelona;Andrés Iniesta;24;30000000.0;Linksaußen;Startaufstellung
88051;Spanien;Real Saragossa ;Sergio García;25;6000000.0;Rechtsaußen;Startaufstellung
88051;Spanien;RCD Mallorca;Daniel Güiza;27;10000000.0;Mittelstürmer;Startaufstellung
88051;Griechenland;OFI Kreta;Alexandros Tzorvas;25;1000000.0;Torwart;Reservebank
88051;Griechenland;Panathinaikos Athen;Giannis Goumas;33;2300000.0;Innenverteidiger;Reservebank
88051;Griechenland;Olympiakos Piräus;Paraskevas Antzas;31;2750000.0;Innenverteidiger;Reservebank
88051;Griechenland;Olympiakos Piräus;Christos Patsatzoglou;29;2750000.0;Defensives Mittelfeld;Reservebank
88051;Griechenland;Panathinaikos Athen;Alexandros Tziolis;23;2500000.0;Zentrales Mittelfeld;Reservebank
88051;Griechenland;Celtic Glasgow;Georgios Samaras;23;4000000.0;Linksaußen;Reservebank
88051;Griechenland;Bolton Wanderers;Stelios Giannakopoulos;33;2500000.0;Rechtsaußen;Reservebank
88051;Griechenland;AEK Athen;Nikolaos Lyberopoulos;32;4000000.0;Mittelstürmer;Reservebank
88051;Spanien;Real Madrid;Iker Casillas;27;28000000.0;Torwart;Reservebank
88051;Spanien;FC Sevilla;Andrés Palop;34;7000000.0;Torwart;Reservebank
88051;Spanien;FC Valencia;Carlos Marchena;28;8000000.0;Innenverteidiger;Reservebank
88051;Spanien;Real Madrid;Sergio Ramos;22;30000000.0;Innenverteidiger;Reservebank
88051;Spanien;FC Villarreal;Joan Capdevila;30;11000000.0;Linker Verteidiger;Reservebank
88051;Spanien;FC Villarreal;Marcos Senna;31;8000000.0;Defensives Mittelfeld;Reservebank
88051;Spanien;FC Villarreal;Santi Cazorla;23;6000000.0;Linkes Mittelfeld;Reservebank
88051;Spanien;FC Barcelona;Xavi;28;28000000.0;Zentrales Mittelfeld;Reservebank
88051;Spanien;FC Valencia;David Silva;22;18000000.0;Offensives Mittelfeld;Reservebank
88051;Spanien;FC Valencia;David Villa;26;28000000.0;Mittelstürmer;Reservebank
88051;Spanien;FC Liverpool;Fernando Torres;24;35000000.0;Mittelstürmer;Reservebank
