GameId;team;club;name;age;value;position;role
910142;Portugal;Real Betis Sevilla;Ricardo;32;3800000.0;Torwart;Startaufstellung
910142;Portugal;Real Madrid;Pepe;25;20000000.0;Innenverteidiger;Startaufstellung
910142;Portugal;FC Chelsea;Ricardo Carvalho;30;20000000.0;Innenverteidiger;Startaufstellung
910142;Portugal;FC Chelsea;Paulo Ferreira;29;7000000.0;Linker Verteidiger;Startaufstellung
910142;Portugal;FC Porto;Bosingwa;25;10000000.0;Rechter Verteidiger;Startaufstellung
910142;Portugal;Benfica Lissabon;Petit;31;6500000.0;Defensives Mittelfeld;Startaufstellung
910142;Portugal;Sporting Lissabon;João Moutinho;21;10000000.0;Offensives Mittelfeld;Startaufstellung
910142;Portugal;FC Barcelona;Deco;30;18000000.0;Offensives Mittelfeld;Startaufstellung
910142;Portugal;Atlético Madrid;Simão Sabrosa;28;16000000.0;Linksaußen;Startaufstellung
910142;Portugal;Manchester United;Cristiano Ronaldo;23;55000000.0;Rechtsaußen;Startaufstellung
910142;Portugal;Benfica Lissabon;Nuno Gomes;31;7000000.0;Mittelstürmer;Startaufstellung
910142;Deutschland;FC Arsenal;Jens Lehmann;38;3000000.0;Torwart;Startaufstellung
910142;Deutschland;SV Werder Bremen;Per Mertesacker;23;15000000.0;Innenverteidiger;Startaufstellung
910142;Deutschland;Real Madrid;Christoph Metzelder;27;7000000.0;Innenverteidiger;Startaufstellung
910142;Deutschland;FC Bayern München;Philipp Lahm;24;18000000.0;Linker Verteidiger;Startaufstellung
910142;Deutschland;Hertha BSC;Arne Friedrich;29;7000000.0;Rechter Verteidiger;Startaufstellung
910142;Deutschland;Bayer 04 Leverkusen;Simon Rolfes;26;8500000.0;Defensives Mittelfeld;Startaufstellung
910142;Deutschland;VfB Stuttgart;Thomas Hitzlsperger;26;7500000.0;Defensives Mittelfeld;Startaufstellung
910142;Deutschland;FC Bayern München;Bastian Schweinsteiger;23;10000000.0;Rechtes Mittelfeld;Startaufstellung
910142;Deutschland;FC Chelsea;Michael Ballack;31;26000000.0;Offensives Mittelfeld;Startaufstellung
910142;Deutschland;FC Bayern München;Lukas Podolski;23;10000000.0;Linksaußen;Startaufstellung
910142;Deutschland;FC Bayern München;Miroslav Klose;30;20000000.0;Mittelstürmer;Startaufstellung
910142;Portugal;FC Porto;Nuno Espírito Santo;34;1000000.0;Torwart;Reservebank
910142;Portugal;Sporting Lissabon;Rui Patrício;20;1500000.0;Torwart;Reservebank
910142;Portugal;FC Porto;Bruno Alves;26;7000000.0;Innenverteidiger;Reservebank
910142;Portugal;VfB Stuttgart;Fernando Meira;30;10000000.0;Innenverteidiger;Reservebank
910142;Portugal;Boavista Porto FC;Jorge Ribeiro;26;3000000.0;Linker Verteidiger;Reservebank
910142;Portugal;FC Valencia;Miguel;28;10000000.0;Rechter Verteidiger;Reservebank
910142;Portugal;Sporting Lissabon;Miguel Veloso;22;7000000.0;Defensives Mittelfeld;Reservebank
910142;Portugal;FC Porto;Raúl Meireles;25;6000000.0;Zentrales Mittelfeld;Reservebank
910142;Portugal;Manchester United;Nani;21;19000000.0;Rechtsaußen;Reservebank
910142;Portugal;FC Porto;Ricardo Quaresma;24;23000000.0;Rechtsaußen;Reservebank
910142;Portugal;SV Werder Bremen;Hugo Almeida;24;7000000.0;Mittelstürmer;Reservebank
910142;Portugal;Panathinaikos Athen;Hélder Postiga;25;4000000.0;Mittelstürmer;Reservebank
910142;Deutschland;Hannover 96;Robert Enke;30;8500000.0;Torwart;Reservebank
910142;Deutschland;Bayer 04 Leverkusen;René Adler;23;8500000.0;Torwart;Reservebank
910142;Deutschland;FC Schalke 04;Heiko Westermann;24;7000000.0;Innenverteidiger;Reservebank
910142;Deutschland;FC Bayern München;Marcell Jansen;22;10000000.0;Linker Verteidiger;Reservebank
910142;Deutschland;SV Werder Bremen;Tim Borowski;28;8500000.0;Zentrales Mittelfeld;Reservebank
910142;Deutschland;SV Werder Bremen;Clemens Fritz;27;7000000.0;Rechtes Mittelfeld;Reservebank
910142;Deutschland;Hamburger SV;Piotr Trochowski;24;4500000.0;Offensives Mittelfeld;Reservebank
910142;Deutschland;Real Betis Sevilla;David Odonkor;24;2000000.0;Rechtsaußen;Reservebank
910142;Deutschland;VfB Stuttgart;Mario Gómez;22;19000000.0;Mittelstürmer;Reservebank
910142;Deutschland;Borussia Mönchengladbach;Oliver Neuville;35;2400000.0;Mittelstürmer;Reservebank
910142;Deutschland;FC Schalke 04;Kevin Kuranyi;26;10000000.0;Mittelstürmer;Reservebank
