GameId;team;club;name;age;value;position;role
910151;Spanien;Real Madrid;Iker Casillas;27;28000000.0;Torwart;Startaufstellung
910151;Spanien;FC Valencia;Carlos Marchena;28;8000000.0;Innenverteidiger;Startaufstellung
910151;Spanien;FC Barcelona;Carles Puyol;30;26000000.0;Innenverteidiger;Startaufstellung
910151;Spanien;FC Villarreal;Joan Capdevila;30;11000000.0;Linker Verteidiger;Startaufstellung
910151;Spanien;Real Madrid;Sergio Ramos;22;30000000.0;Rechter Verteidiger;Startaufstellung
910151;Spanien;FC Villarreal;Marcos Senna;31;8000000.0;Defensives Mittelfeld;Startaufstellung
910151;Spanien;FC Barcelona;Xavi;28;28000000.0;Zentrales Mittelfeld;Startaufstellung
910151;Spanien;FC Barcelona;Andrés Iniesta;24;30000000.0;Rechtes Mittelfeld;Startaufstellung
910151;Spanien;FC Valencia;David Silva;22;18000000.0;Linkes Mittelfeld;Startaufstellung
910151;Spanien;FC Valencia;David Villa;26;28000000.0;Mittelstürmer;Startaufstellung
910151;Spanien;FC Liverpool;Fernando Torres;24;35000000.0;Mittelstürmer;Startaufstellung
910151;Italien;Juventus Turin;Gianluigi Buffon;30;30000000.0;Torwart;Startaufstellung
910151;Italien;Juventus Turin;Giorgio Chiellini;23;15000000.0;Innenverteidiger;Startaufstellung
910151;Italien;AS Rom;Christian Panucci;35;4000000.0;Innenverteidiger;Startaufstellung
910151;Italien;Olympique Lyon;Fabio Grosso;30;10000000.0;Linker Verteidiger;Startaufstellung
910151;Italien;FC Barcelona;Gianluca Zambrotta;31;16000000.0;Rechter Verteidiger;Startaufstellung
910151;Italien;AS Rom;Daniele De Rossi;24;30000000.0;Defensives Mittelfeld;Startaufstellung
910151;Italien;AC Mailand;Massimo Ambrosini;31;9000000.0;Zentrales Mittelfeld;Startaufstellung
910151;Italien;AS Rom;Alberto Aquilani;23;16000000.0;Zentrales Mittelfeld;Startaufstellung
910151;Italien;AS Rom;Simone Perrotta;30;15000000.0;Offensives Mittelfeld;Startaufstellung
910151;Italien;Sampdoria Genua;Antonio Cassano;25;9000000.0;Hängende Spitze;Startaufstellung
910151;Italien;FC Bayern München;Luca Toni;31;28500000.0;Mittelstürmer;Startaufstellung
910151;Spanien;FC Sevilla;Andrés Palop;34;7000000.0;Torwart;Reservebank
910151;Spanien;FC Liverpool;Pepe Reina;25;13000000.0;Torwart;Reservebank
910151;Spanien;FC Valencia;Raúl Albiol;22;9000000.0;Innenverteidiger;Reservebank
910151;Spanien;Real Betis Sevilla;Juanito;31;5000000.0;Innenverteidiger;Reservebank
910151;Spanien;RCD Mallorca;Fernando Navarro;25;6000000.0;Linker Verteidiger;Reservebank
910151;Spanien;FC Liverpool;Álvaro Arbeloa;25;6000000.0;Rechter Verteidiger;Reservebank
910151;Spanien;FC Liverpool;Xabi Alonso;26;22000000.0;Defensives Mittelfeld;Reservebank
910151;Spanien;FC Villarreal;Santi Cazorla;23;6000000.0;Zentrales Mittelfeld;Reservebank
910151;Spanien;FC Arsenal;Cesc Fàbregas;21;35000000.0;Zentrales Mittelfeld;Reservebank
910151;Spanien;FC Getafe;Rubén de la Red;23;6000000.0;Zentrales Mittelfeld;Reservebank
910151;Spanien;Real Saragossa ;Sergio García;25;6000000.0;Mittelstürmer;Reservebank
910151;Spanien;RCD Mallorca;Daniel Güiza;27;10000000.0;Mittelstürmer;Reservebank
910151;Italien;AS Livorno;Marco Amelia;26;10000000.0;Torwart;Reservebank
910151;Italien;FC Sevilla;Morgan De Sanctis;31;4800000.0;Torwart;Reservebank
910151;Italien;FC Internazionale;Marco Materazzi;34;7500000.0;Innenverteidiger;Reservebank
910151;Italien;AC Florenz;Alessandro Gamberini;26;8500000.0;Innenverteidiger;Reservebank
910151;Italien;Juventus Turin;Mauro Germán Camoranesi;31;15500000.0;Rechtes Mittelfeld;Reservebank
910151;Italien;Juventus Turin;Alessandro Del Piero;33;14000000.0;Hängende Spitze;Reservebank
910151;Italien;FC Genua 1893;Marco Borriello;26;8000000.0;Mittelstürmer;Reservebank
910151;Italien;Udinese Calcio;Antonio Di Natale;30;15000000.0;Mittelstürmer;Reservebank
910151;Italien;Udinese Calcio;Fabio Quagliarella;25;13000000.0;Mittelstürmer;Reservebank
