GameId;team;club;name;age;value;position;role
910143;Kroatien;Spartak Moskau;Stipe Pletikosa;29;4750000.0;Torwart;Startaufstellung
910143;Kroatien;Hertha BSC;Josip Simunic;30;7500000.0;Innenverteidiger;Startaufstellung
910143;Kroatien;Borussia Dortmund;Robert Kovac;34;2500000.0;Innenverteidiger;Startaufstellung
910143;Kroatien;SC Heerenveen;Danijel Pranjic;26;4500000.0;Linker Verteidiger;Startaufstellung
910143;Kroatien;Manchester City;Vedran Corluka;22;11000000.0;Rechter Verteidiger;Startaufstellung
910143;Kroatien;Red Bull Salzburg;Niko Kovac;36;1250000.0;Defensives Mittelfeld;Startaufstellung
910143;Kroatien;GNK Dinamo Zagreb;Luka Modric;22;18000000.0;Zentrales Mittelfeld;Startaufstellung
910143;Kroatien;Shakhtar Donetsk;Darijo Srna;26;11000000.0;Rechtes Mittelfeld;Startaufstellung
910143;Kroatien;FC Schalke 04;Ivan Rakitic;20;6000000.0;Linkes Mittelfeld;Startaufstellung
910143;Kroatien;FC Portsmouth;Niko Kranjcar;23;7500000.0;Hängende Spitze;Startaufstellung
910143;Kroatien;Hamburger SV;Ivica Olic;28;8000000.0;Mittelstürmer;Startaufstellung
910143;Türkei;Besiktas Istanbul;Rüstü Recber;35;1500000.0;Torwart;Startaufstellung
910143;Türkei;Besiktas Istanbul;Gökhan Zan;26;5000000.0;Innenverteidiger;Startaufstellung
910143;Türkei;Ankaraspor;Emre Asik;34;1600000.0;Innenverteidiger;Startaufstellung
910143;Türkei;Galatasaray Istanbul;Hakan Balta;25;3200000.0;Linker Verteidiger;Startaufstellung
910143;Türkei;Galatasaray Istanbul;Sabri Sarioglu;23;4400000.0;Rechter Verteidiger;Startaufstellung
910143;Türkei;Galatasaray Istanbul;Mehmet Topal;22;2200000.0;Defensives Mittelfeld;Startaufstellung
910143;Türkei;FC Bayern München;Hamit Altintop;25;8000000.0;Offensives Mittelfeld;Startaufstellung
910143;Türkei;FC Middlesbrough;Tuncay Sanli;26;9000000.0;Offensives Mittelfeld;Startaufstellung
910143;Türkei;Galatasaray Istanbul;Arda Turan;21;7500000.0;Linksaußen;Startaufstellung
910143;Türkei;Fenerbahce Istanbul;Colin Kazim-Richards;21;2200000.0;Rechtsaußen;Startaufstellung
910143;Türkei;FC Villarreal;Nihat Kahveci;28;12000000.0;Mittelstürmer;Startaufstellung
910143;Kroatien;Panathinaikos Athen;Mario Galinovic;31;1900000.0;Torwart;Reservebank
910143;Kroatien;RC Lens;Vedran Runje;32;3500000.0;Torwart;Reservebank
910143;Kroatien;AC Mailand;Dario Simic;32;2000000.0;Innenverteidiger;Reservebank
910143;Kroatien;Tom Tomsk;Hrvoje Vejic;31;1000000.0;Innenverteidiger;Reservebank
910143;Kroatien;AS Monaco;Nikola Pokrivac;22;3000000.0;Defensives Mittelfeld;Reservebank
910143;Kroatien;GNK Dinamo Zagreb;Ognjen Vukojevic;24;5000000.0;Defensives Mittelfeld;Reservebank
910143;Kroatien;AS Monaco;Jerko Leko;28;3500000.0;Defensives Mittelfeld;Reservebank
910143;Kroatien;SV Werder Bremen;Ivan Klasnic;28;5000000.0;Mittelstürmer;Reservebank
910143;Kroatien;Borussia Dortmund;Mladen Petric;27;9500000.0;Mittelstürmer;Reservebank
910143;Kroatien;HNK Hajduk Split;Nikola Kalinic;20;6000000.0;Mittelstürmer;Reservebank
910143;Türkei;Trabzonspor;Tolga Zengin;24;1300000.0;Torwart;Reservebank
910143;Türkei;Galatasaray Istanbul;Ayhan Akman;31;3300000.0;Zentrales Mittelfeld;Reservebank
910143;Türkei;Fenerbahce Istanbul;Ugur Boral;26;2200000.0;Linkes Mittelfeld;Reservebank
910143;Türkei;Rubin Kazan;Gökdeniz Karadeniz;28;7500000.0;Linksaußen;Reservebank
910143;Türkei;Fenerbahce Istanbul;Semih Sentürk;25;3500000.0;Mittelstürmer;Reservebank
910143;Türkei;FC Sochaux-Montbéliard;Mevlüt Erdinc;21;4500000.0;Mittelstürmer;Reservebank
