GameId;team;club;name;age;value;position;role
910149;Niederlande;Manchester United;Edwin van der Sar;37;5000000.0;Torwart;Startaufstellung
910149;Niederlande;Hamburger SV;Joris Mathijsen;28;12000000.0;Innenverteidiger;Startaufstellung
910149;Niederlande;Blackburn Rovers;André Ooijer;33;3000000.0;Innenverteidiger;Startaufstellung
910149;Niederlande;Feyenoord Rotterdam;Giovanni van Bronckhorst;33;5200000.0;Linker Verteidiger;Startaufstellung
910149;Niederlande;FC Sevilla;Khalid Boulahrouz;26;5000000.0;Rechter Verteidiger;Startaufstellung
910149;Niederlande;FC Twente Enschede;Orlando Engelaar;28;3500000.0;Defensives Mittelfeld;Startaufstellung
910149;Niederlande;Hamburger SV;Nigel de Jong;23;8500000.0;Defensives Mittelfeld;Startaufstellung
910149;Niederlande;Hamburger SV;Rafael van der Vaart;25;23000000.0;Offensives Mittelfeld;Startaufstellung
910149;Niederlande;Real Madrid;Wesley Sneijder;24;24000000.0;Linksaußen;Startaufstellung
910149;Niederlande;FC Liverpool;Dirk Kuyt;27;12500000.0;Rechtsaußen;Startaufstellung
910149;Niederlande;Real Madrid;Ruud van Nistelrooy;31;30000000.0;Mittelstürmer;Startaufstellung
910149;Russland;ZSKA Moskau;Igor Akinfeev;22;11000000.0;Torwart;Startaufstellung
910149;Russland;ZSKA Moskau;Sergey Ignashevich;28;4500000.0;Innenverteidiger;Startaufstellung
910149;Russland;Dinamo Moskau;Denis Kolodin;26;4000000.0;Innenverteidiger;Startaufstellung
910149;Russland;ZSKA Moskau;Yuri Zhirkov;24;7000000.0;Linker Verteidiger;Startaufstellung
910149;Russland;Zenit St. Petersburg;Aleksandr Anyukov;25;6000000.0;Rechter Verteidiger;Startaufstellung
910149;Russland;Rubin Kazan;Sergey Semak;32;1850000.0;Defensives Mittelfeld;Startaufstellung
910149;Russland;Zenit St. Petersburg;Konstantin Zyryanov;30;6750000.0;Linkes Mittelfeld;Startaufstellung
910149;Russland;Dinamo Moskau;Igor Semshov;30;5250000.0;Offensives Mittelfeld;Startaufstellung
910149;Russland;1.FC Nürnberg;Ivan Saenko;24;3000000.0;Rechtsaußen;Startaufstellung
910149;Russland;Zenit St. Petersburg;Andrey Arshavin;27;16000000.0;Hängende Spitze;Startaufstellung
910149;Russland;Spartak Moskau;Roman Pavlyuchenko;26;8000000.0;Mittelstürmer;Startaufstellung
910149;Niederlande;Feyenoord Rotterdam;Henk Timmer;36;2500000.0;Torwart;Reservebank
910149;Niederlande;Ajax Amsterdam;Maarten Stekelenburg;25;5500000.0;Torwart;Reservebank
910149;Niederlande;Ajax Amsterdam;Johnny Heitinga;24;7000000.0;Rechter Verteidiger;Reservebank
910149;Niederlande;Aston Villa;Wilfred Bouma;30;5250000.0;Linker Verteidiger;Reservebank
910149;Niederlande;Feyenoord Rotterdam;Tim de Cler;29;5000000.0;Linker Verteidiger;Reservebank
910149;Niederlande;Wigan Athletic;Mario Melchiot;31;3250000.0;Rechter Verteidiger;Reservebank
910149;Niederlande;AZ Alkmaar;Demy de Zeeuw;25;4500000.0;Zentrales Mittelfeld;Reservebank
910149;Niederlande;PSV Eindhoven;Ibrahim Afellay;22;5000000.0;Zentrales Mittelfeld;Reservebank
910149;Niederlande;Real Madrid;Arjen Robben;24;24000000.0;Rechtsaußen;Reservebank
910149;Niederlande;FC Arsenal;Robin van Persie;24;16000000.0;Rechtsaußen;Reservebank
910149;Niederlande;Ajax Amsterdam;Klaas-Jan Huntelaar;24;15000000.0;Mittelstürmer;Reservebank
910149;Niederlande;Celtic Glasgow;Jan Vennegoor of Hesselink;29;7500000.0;Mittelstürmer;Reservebank
910149;Russland;Amkar Perm;Vladimir Gabulov;24;2250000.0;Torwart;Reservebank
910149;Russland;Zenit St. Petersburg;Vyacheslav Malafeev;29;4750000.0;Torwart;Reservebank
910149;Russland;ZSKA Moskau;Aleksey Berezutski;26;4000000.0;Innenverteidiger;Reservebank
910149;Russland;ZSKA Moskau;Vasili Berezutski;26;3500000.0;Innenverteidiger;Reservebank
910149;Russland;Lokomotiv Moskau;Renat Yanbaev;24;2500000.0;Linker Verteidiger;Reservebank
910149;Russland;Lokomotiv Moskau;Dmitri Torbinski;24;5000000.0;Rechtes Mittelfeld;Reservebank
910149;Russland;Zenit St. Petersburg;Roman Shirokov;26;3750000.0;Zentrales Mittelfeld;Reservebank
910149;Russland;Spartak Moskau;Vladimir Bystrov;24;6500000.0;Rechtes Mittelfeld;Reservebank
910149;Russland;Lokomotiv Moskau;Diniyar Bilyaletdinov;23;8750000.0;Offensives Mittelfeld;Reservebank
910149;Russland;Krylya Sovetov Samara;Oleg Ivanov;21;1750000.0;Offensives Mittelfeld;Reservebank
910149;Russland;FK Moskau;Roman Adamov;26;3000000.0;Mittelstürmer;Reservebank
910149;Russland;Lokomotiv Moskau;Dmitri Sychev;24;6750000.0;Mittelstürmer;Reservebank
