GameId;team;club;name;age;value;position;role
910204;Deutschland;FC Arsenal;Jens Lehmann;38;3000000.0;Torwart;Startaufstellung
910204;Deutschland;SV Werder Bremen;Per Mertesacker;23;15000000.0;Innenverteidiger;Startaufstellung
910204;Deutschland;Real Madrid;Christoph Metzelder;27;7000000.0;Innenverteidiger;Startaufstellung
910204;Deutschland;FC Bayern München;Philipp Lahm;24;18000000.0;Linker Verteidiger;Startaufstellung
910204;Deutschland;Hertha BSC;Arne Friedrich;29;7000000.0;Rechter Verteidiger;Startaufstellung
910204;Deutschland;SV Werder Bremen;Torsten Frings;31;15000000.0;Defensives Mittelfeld;Startaufstellung
910204;Deutschland;VfB Stuttgart;Thomas Hitzlsperger;26;7500000.0;Defensives Mittelfeld;Startaufstellung
910204;Deutschland;FC Bayern München;Bastian Schweinsteiger;23;10000000.0;Rechtes Mittelfeld;Startaufstellung
910204;Deutschland;FC Chelsea;Michael Ballack;31;26000000.0;Offensives Mittelfeld;Startaufstellung
910204;Deutschland;FC Bayern München;Lukas Podolski;23;10000000.0;Linksaußen;Startaufstellung
910204;Deutschland;FC Bayern München;Miroslav Klose;30;20000000.0;Mittelstürmer;Startaufstellung
910204;Spanien;Real Madrid;Iker Casillas;27;28000000.0;Torwart;Startaufstellung
910204;Spanien;FC Valencia;Carlos Marchena;28;8000000.0;Innenverteidiger;Startaufstellung
910204;Spanien;FC Barcelona;Carles Puyol;30;26000000.0;Innenverteidiger;Startaufstellung
910204;Spanien;FC Villarreal;Joan Capdevila;30;11000000.0;Linker Verteidiger;Startaufstellung
910204;Spanien;Real Madrid;Sergio Ramos;22;30000000.0;Rechter Verteidiger;Startaufstellung
910204;Spanien;FC Villarreal;Marcos Senna;31;8000000.0;Defensives Mittelfeld;Startaufstellung
910204;Spanien;FC Barcelona;Xavi;28;28000000.0;Zentrales Mittelfeld;Startaufstellung
910204;Spanien;FC Arsenal;Cesc Fàbregas;21;35000000.0;Zentrales Mittelfeld;Startaufstellung
910204;Spanien;FC Valencia;David Silva;22;18000000.0;Linksaußen;Startaufstellung
910204;Spanien;FC Barcelona;Andrés Iniesta;24;30000000.0;Rechtsaußen;Startaufstellung
910204;Spanien;FC Liverpool;Fernando Torres;24;35000000.0;Mittelstürmer;Startaufstellung
910204;Deutschland;Hannover 96;Robert Enke;30;8500000.0;Torwart;Reservebank
910204;Deutschland;Bayer 04 Leverkusen;René Adler;23;8500000.0;Torwart;Reservebank
910204;Deutschland;FC Schalke 04;Heiko Westermann;24;7000000.0;Innenverteidiger;Reservebank
910204;Deutschland;FC Bayern München;Marcell Jansen;22;10000000.0;Linker Verteidiger;Reservebank
910204;Deutschland;Bayer 04 Leverkusen;Simon Rolfes;26;8500000.0;Defensives Mittelfeld;Reservebank
910204;Deutschland;SV Werder Bremen;Tim Borowski;28;8500000.0;Zentrales Mittelfeld;Reservebank
910204;Deutschland;SV Werder Bremen;Clemens Fritz;27;7000000.0;Zentrales Mittelfeld;Reservebank
910204;Deutschland;Hamburger SV;Piotr Trochowski;24;4500000.0;Offensives Mittelfeld;Reservebank
910204;Deutschland;Real Betis Sevilla;David Odonkor;24;2000000.0;Rechtsaußen;Reservebank
910204;Deutschland;VfB Stuttgart;Mario Gómez;22;19000000.0;Mittelstürmer;Reservebank
910204;Deutschland;Borussia Mönchengladbach;Oliver Neuville;35;2400000.0;Mittelstürmer;Reservebank
910204;Deutschland;FC Schalke 04;Kevin Kuranyi;26;10000000.0;Mittelstürmer;Reservebank
910204;Spanien;FC Sevilla;Andrés Palop;34;7000000.0;Torwart;Reservebank
910204;Spanien;FC Liverpool;Pepe Reina;25;13000000.0;Torwart;Reservebank
910204;Spanien;FC Valencia;Raúl Albiol;22;9000000.0;Innenverteidiger;Reservebank
910204;Spanien;Real Betis Sevilla;Juanito;31;5000000.0;Innenverteidiger;Reservebank
910204;Spanien;RCD Mallorca;Fernando Navarro;26;6000000.0;Linker Verteidiger;Reservebank
910204;Spanien;FC Liverpool;Álvaro Arbeloa;25;6000000.0;Rechter Verteidiger;Reservebank
910204;Spanien;FC Liverpool;Xabi Alonso;26;22000000.0;Zentrales Mittelfeld;Reservebank
910204;Spanien;FC Villarreal;Santi Cazorla;23;6000000.0;Rechtes Mittelfeld;Reservebank
910204;Spanien;FC Getafe;Rubén de la Red;23;6000000.0;Zentrales Mittelfeld;Reservebank
910204;Spanien;FC Valencia;David Villa;26;28000000.0;Mittelstürmer;Reservebank
910204;Spanien;Real Saragossa ;Sergio García;25;6000000.0;Mittelstürmer;Reservebank
910204;Spanien;RCD Mallorca;Daniel Güiza;27;10000000.0;Mittelstürmer;Reservebank
