GameId;team;club;name;age;value;position;role
910200;Deutschland;FC Arsenal;Jens Lehmann;38;3000000.0;Torwart;Startaufstellung
910200;Deutschland;SV Werder Bremen;Per Mertesacker;23;15000000.0;Innenverteidiger;Startaufstellung
910200;Deutschland;Real Madrid;Christoph Metzelder;27;7000000.0;Innenverteidiger;Startaufstellung
910200;Deutschland;FC Bayern München;Philipp Lahm;24;18000000.0;Linker Verteidiger;Startaufstellung
910200;Deutschland;Hertha BSC;Arne Friedrich;29;7000000.0;Rechter Verteidiger;Startaufstellung
910200;Deutschland;Bayer 04 Leverkusen;Simon Rolfes;26;8500000.0;Defensives Mittelfeld;Startaufstellung
910200;Deutschland;VfB Stuttgart;Thomas Hitzlsperger;26;7500000.0;Zentrales Mittelfeld;Startaufstellung
910200;Deutschland;FC Bayern München;Bastian Schweinsteiger;23;10000000.0;Rechtes Mittelfeld;Startaufstellung
910200;Deutschland;FC Chelsea;Michael Ballack;31;26000000.0;Offensives Mittelfeld;Startaufstellung
910200;Deutschland;FC Bayern München;Lukas Podolski;23;10000000.0;Linksaußen;Startaufstellung
910200;Deutschland;FC Bayern München;Miroslav Klose;30;20000000.0;Mittelstürmer;Startaufstellung
910200;Türkei;Besiktas Istanbul;Rüstü Recber;35;1500000.0;Torwart;Startaufstellung
910200;Türkei;Besiktas Istanbul;Gökhan Zan;26;5000000.0;Innenverteidiger;Startaufstellung
910200;Türkei;Galatasaray Istanbul;Mehmet Topal;22;2200000.0;Innenverteidiger;Startaufstellung
910200;Türkei;Galatasaray Istanbul;Hakan Balta;25;3200000.0;Linker Verteidiger;Startaufstellung
910200;Türkei;Galatasaray Istanbul;Sabri Sarioglu;23;4400000.0;Rechter Verteidiger;Startaufstellung
910200;Türkei;Fenerbahce Istanbul;Mehmet Aurélio;30;7300000.0;Defensives Mittelfeld;Startaufstellung
910200;Türkei;Galatasaray Istanbul;Ayhan Akman;31;3300000.0;Zentrales Mittelfeld;Startaufstellung
910200;Türkei;FC Bayern München;Hamit Altintop;25;8000000.0;Zentrales Mittelfeld;Startaufstellung
910200;Türkei;Fenerbahce Istanbul;Ugur Boral;26;2200000.0;Linksaußen;Startaufstellung
910200;Türkei;Fenerbahce Istanbul;Colin Kazim-Richards;21;2200000.0;Rechtsaußen;Startaufstellung
910200;Türkei;Fenerbahce Istanbul;Semih Sentürk;25;3500000.0;Mittelstürmer;Startaufstellung
910200;Deutschland;Hannover 96;Robert Enke;30;8500000.0;Torwart;Reservebank
910200;Deutschland;Bayer 04 Leverkusen;René Adler;23;8500000.0;Torwart;Reservebank
910200;Deutschland;FC Schalke 04;Heiko Westermann;24;7000000.0;Innenverteidiger;Reservebank
910200;Deutschland;FC Bayern München;Marcell Jansen;22;10000000.0;Linker Verteidiger;Reservebank
910200;Deutschland;SV Werder Bremen;Torsten Frings;31;15000000.0;Defensives Mittelfeld;Reservebank
910200;Deutschland;SV Werder Bremen;Tim Borowski;28;8500000.0;Zentrales Mittelfeld;Reservebank
910200;Deutschland;SV Werder Bremen;Clemens Fritz;27;7000000.0;Zentrales Mittelfeld;Reservebank
910200;Deutschland;Hamburger SV;Piotr Trochowski;24;4500000.0;Offensives Mittelfeld;Reservebank
910200;Deutschland;Real Betis Sevilla;David Odonkor;24;2000000.0;Rechtsaußen;Reservebank
910200;Deutschland;VfB Stuttgart;Mario Gómez;22;19000000.0;Mittelstürmer;Reservebank
910200;Deutschland;Borussia Mönchengladbach;Oliver Neuville;35;2400000.0;Mittelstürmer;Reservebank
910200;Deutschland;FC Schalke 04;Kevin Kuranyi;26;10000000.0;Mittelstürmer;Reservebank
910200;Türkei;Trabzonspor;Tolga Zengin;24;1800000.0;Torwart;Reservebank
910200;Türkei;Newcastle United;Emre Belözoglu;27;7500000.0;Zentrales Mittelfeld;Reservebank
910200;Türkei;AE Larisa;Tümer Metin;33;2500000.0;Offensives Mittelfeld;Reservebank
910200;Türkei;Rubin Kazan;Gökdeniz Karadeniz;28;7500000.0;Linksaußen;Reservebank
910200;Türkei;FC Sochaux-Montbéliard;Mevlüt Erdinc;21;4500000.0;Mittelstürmer;Reservebank
