GameId;team;club;name;age;value;position;role
986785;Deutschland;FC Schalke 04;Manuel Neuer;24;18000000.0;Torwart;Startaufstellung
986785;Deutschland;Hertha BSC;Arne Friedrich;31;6000000.0;Innenverteidiger;Startaufstellung
986785;Deutschland;SV Werder Bremen;Per Mertesacker;25;15000000.0;Innenverteidiger;Startaufstellung
986785;Deutschland;FC Bayern München;Holger Badstuber;21;8000000.0;Linker Verteidiger;Startaufstellung
986785;Deutschland;FC Bayern München;Philipp Lahm;26;25000000.0;Rechter Verteidiger;Startaufstellung
986785;Deutschland;FC Bayern München;Bastian Schweinsteiger;25;24000000.0;Defensives Mittelfeld;Startaufstellung
986785;Deutschland;VfB Stuttgart;Sami Khedira;23;15000000.0;Zentrales Mittelfeld;Startaufstellung
986785;Deutschland;SV Werder Bremen;Mesut Özil;21;20000000.0;Offensives Mittelfeld;Startaufstellung
986785;Deutschland;1.FC Köln;Lukas Podolski;25;10000000.0;Linksaußen;Startaufstellung
986785;Deutschland;FC Bayern München;Thomas Müller;20;10000000.0;Rechtsaußen;Startaufstellung
986785;Deutschland;FC Bayern München;Miroslav Klose;32;7500000.0;Mittelstürmer;Startaufstellung
986785;Australien;FC Fulham;Mark Schwarzer;37;4000000.0;Torwart;Startaufstellung
986785;Australien;Galatasaray Istanbul;Lucas Neill;32;4000000.0;Innenverteidiger;Startaufstellung
986785;Australien;AO Kavala;Craig Moore;34;1000000.0;Innenverteidiger;Startaufstellung
986785;Australien;FC Basel 1893;Scott Chipperfield;34;1000000.0;Linker Verteidiger;Startaufstellung
986785;Australien;Dinamo Moskau;Luke Wilkshire;28;4000000.0;Rechter Verteidiger;Startaufstellung
986785;Australien;Blackburn Rovers;Vince Grella;30;3000000.0;Zentrales Mittelfeld;Startaufstellung
986785;Australien;US Sassuolo;Carl Valeri;25;2000000.0;Zentrales Mittelfeld;Startaufstellung
986785;Australien;Blackburn Rovers;Brett Emerton;31;4000000.0;Rechtes Mittelfeld;Startaufstellung
986785;Australien;Gold Coast United;Jason Culina;29;1500000.0;Linkes Mittelfeld;Startaufstellung
986785;Australien;FC Everton;Tim Cahill;30;16000000.0;Hängende Spitze;Startaufstellung
986785;Australien;Hull City;Richard García;28;2000000.0;Mittelstürmer;Startaufstellung
986785;Deutschland;SV Werder Bremen;Tim Wiese;28;10000000.0;Torwart;Reservebank
986785;Deutschland;FC Bayern München;Hans Jörg Butt;36;2500000.0;Torwart;Reservebank
986785;Deutschland;VfB Stuttgart;Serdar Tasci;23;10000000.0;Innenverteidiger;Reservebank
986785;Deutschland;Hamburger SV;Jérôme Boateng;21;15000000.0;Innenverteidiger;Reservebank
986785;Deutschland;Hamburger SV;Marcell Jansen;24;10000000.0;Linker Verteidiger;Reservebank
986785;Deutschland;Hamburger SV;Dennis Aogo;23;6500000.0;Linker Verteidiger;Reservebank
986785;Deutschland;Bayer 04 Leverkusen;Toni Kroos;20;12000000.0;Zentrales Mittelfeld;Reservebank
986785;Deutschland;Hamburger SV;Piotr Trochowski;26;8500000.0;Offensives Mittelfeld;Reservebank
986785;Deutschland;SV Werder Bremen;Marko Marin;21;14000000.0;Linksaußen;Reservebank
986785;Deutschland;Bayer 04 Leverkusen;Stefan Kießling;26;12000000.0;Mittelstürmer;Reservebank
986785;Deutschland;VfB Stuttgart;Cacau;29;6000000.0;Mittelstürmer;Reservebank
986785;Deutschland;FC Bayern München;Mario Gómez;24;27500000.0;Mittelstürmer;Reservebank
986785;Australien;Adelaide United;Eugene Galekovic;29;1000000.0;Torwart;Reservebank
986785;Australien;FC Reading;Adam Federici;25;750000.0;Torwart;Reservebank
986785;Australien;Al-Jazira (Abu Dhabi);Michael Beauchamp;29;700000.0;Innenverteidiger;Reservebank
986785;Australien;Antalyaspor;Mile Jedinak;25;2000000.0;Zentrales Mittelfeld;Reservebank
986785;Australien;JEF United Chiba;Mark Milligan;24;450000.0;Defensives Mittelfeld;Reservebank
986785;Australien;US Palermo;Mark Bresciano;30;4000000.0;Zentrales Mittelfeld;Reservebank
986785;Australien;AZ Alkmaar;Brett Holman;26;2500000.0;Linksaußen;Reservebank
986785;Australien;MSV Duisburg;Dario Vidosic;23;500000.0;Offensives Mittelfeld;Reservebank
986785;Australien;Galatasaray Istanbul;Harry Kewell;31;9000000.0;Linksaußen;Reservebank
986785;Australien;FC Twente Enschede;David Carney;26;750000.0;Linksaußen;Reservebank
986785;Australien;KSV Roeselare;Nikita Rukavytsya;22;600000.0;Mittelstürmer;Reservebank
986785;Australien;Nagoya Grampus;Joshua Kennedy;27;1200000.0;Mittelstürmer;Reservebank
