GameId;team;club;name;age;value;position;role
986787;Niederlande;Ajax Amsterdam;Maarten Stekelenburg;27;6000000.0;Torwart;Startaufstellung
986787;Niederlande;Hamburger SV;Joris Mathijsen;30;9000000.0;Innenverteidiger;Startaufstellung
986787;Niederlande;FC Everton;Johnny Heitinga;26;9000000.0;Innenverteidiger;Startaufstellung
986787;Niederlande;Feyenoord Rotterdam;Giovanni van Bronckhorst;35;3750000.0;Linker Verteidiger;Startaufstellung
986787;Niederlande;Ajax Amsterdam;Gregory van der Wiel;22;6500000.0;Rechter Verteidiger;Startaufstellung
986787;Niederlande;FC Bayern München;Mark van Bommel;33;6500000.0;Defensives Mittelfeld;Startaufstellung
986787;Niederlande;Manchester City;Nigel de Jong;25;14000000.0;Defensives Mittelfeld;Startaufstellung
986787;Niederlande;FC Internazionale;Wesley Sneijder;26;35000000.0;Offensives Mittelfeld;Startaufstellung
986787;Niederlande;Real Madrid;Rafael van der Vaart;27;15000000.0;Linksaußen;Startaufstellung
986787;Niederlande;FC Liverpool;Dirk Kuyt;29;17000000.0;Rechtsaußen;Startaufstellung
986787;Niederlande;FC Arsenal;Robin van Persie;26;25000000.0;Mittelstürmer;Startaufstellung
986787;Dänemark;Stoke City;Thomas Sörensen;34;4000000.0;Torwart;Startaufstellung
986787;Dänemark;FC Liverpool;Daniel Agger;25;11500000.0;Innenverteidiger;Startaufstellung
986787;Dänemark;US Palermo;Simon Kjaer;21;12000000.0;Innenverteidiger;Startaufstellung
986787;Dänemark;AZ Alkmaar;Simon Poulsen;25;1750000.0;Linker Verteidiger;Startaufstellung
986787;Dänemark;Blackburn Rovers;Lars Jacobsen;30;2500000.0;Rechter Verteidiger;Startaufstellung
986787;Dänemark;Juventus Turin;Christian Poulsen;30;6500000.0;Defensives Mittelfeld;Startaufstellung
986787;Dänemark;Aarhus GF;Martin Jörgensen;34;2000000.0;Offensives Mittelfeld;Startaufstellung
986787;Dänemark;VfL Wolfsburg;Thomas Kahlenberg;27;3500000.0;Offensives Mittelfeld;Startaufstellung
986787;Dänemark;FC Groningen;Thomas Enevoldsen;22;2500000.0;Linksaußen;Startaufstellung
986787;Dänemark;Ajax Amsterdam;Dennis Rommedahl;31;2000000.0;Rechtsaußen;Startaufstellung
986787;Dänemark;FC Arsenal;Nicklas Bendtner;22;8000000.0;Mittelstürmer;Startaufstellung
986787;Niederlande;FC Twente Enschede;Sander Boschker;39;800000.0;Torwart;Reservebank
986787;Niederlande;FC Utrecht;Michel Vorm;26;3500000.0;Torwart;Reservebank
986787;Niederlande;VfB Stuttgart;Khalid Boulahrouz;28;3000000.0;Innenverteidiger;Reservebank
986787;Niederlande;PSV Eindhoven;André Ooijer;35;2000000.0;Innenverteidiger;Reservebank
986787;Niederlande;Celtic Glasgow;Edson Braafheid;27;3000000.0;Linker Verteidiger;Reservebank
986787;Niederlande;AZ Alkmaar;Stijn Schaars;26;6000000.0;Defensives Mittelfeld;Reservebank
986787;Niederlande;Ajax Amsterdam;Demy de Zeeuw;27;7500000.0;Defensives Mittelfeld;Reservebank
986787;Niederlande;PSV Eindhoven;Ibrahim Afellay;24;9000000.0;Rechtsaußen;Reservebank
986787;Niederlande;Hamburger SV;Eljero Elia;23;14000000.0;Linksaußen;Reservebank
986787;Niederlande;FC Liverpool;Ryan Babel;23;7000000.0;Linksaußen;Reservebank
986787;Niederlande;FC Bayern München;Arjen Robben;26;38000000.0;Rechtsaußen;Reservebank
986787;Niederlande;AC Mailand;Klaas-Jan Huntelaar;26;15000000.0;Mittelstürmer;Reservebank
986787;Dänemark;FC Kopenhagen;Jesper Christiansen;32;1500000.0;Torwart;Reservebank
986787;Dänemark;Bröndby IF;Stephan Andersen;28;3000000.0;Torwart;Reservebank
986787;Dänemark;AC Florenz;Per Kröldrup;30;4500000.0;Innenverteidiger;Reservebank
986787;Dänemark;FC Málaga;Patrick Mtiliga;29;1000000.0;Linker Verteidiger;Reservebank
986787;Dänemark;FC Kopenhagen;William Kvist;25;2500000.0;Defensives Mittelfeld;Reservebank
986787;Dänemark;SV Werder Bremen;Daniel Jensen;30;3000000.0;Zentrales Mittelfeld;Reservebank
986787;Dänemark;Aarhus GF;Jakob Poulsen;26;3000000.0;Zentrales Mittelfeld;Reservebank
986787;Dänemark;Ajax Amsterdam;Christian Eriksen;18;2000000.0;Offensives Mittelfeld;Reservebank
986787;Dänemark;FC Kopenhagen;Jesper Grönkjaer;32;1500000.0;Linksaußen;Reservebank
986787;Dänemark;MSV Duisburg;Sören Larsen;28;1500000.0;Mittelstürmer;Reservebank
986787;Dänemark;Randers FC;Mikkel Beckmann;26;750000.0;Mittelstürmer;Reservebank
986787;Dänemark;Feyenoord Rotterdam;Jon Dahl Tomasson;33;4250000.0;Mittelstürmer;Reservebank
