GameId;team;club;name;age;value;position;role
986792;Brasilien;FC Internazionale;Júlio César;30;25000000.0;Torwart;Startaufstellung
986792;Brasilien;FC Internazionale;Lúcio;32;16500000.0;Innenverteidiger;Startaufstellung
986792;Brasilien;AS Rom;Juan;31;16000000.0;Innenverteidiger;Startaufstellung
986792;Brasilien;Olympique Lyon;Michel Bastos;26;16000000.0;Linker Verteidiger;Startaufstellung
986792;Brasilien;FC Internazionale;Maicon;28;30000000.0;Rechter Verteidiger;Startaufstellung
986792;Brasilien;Panathinaikos Athen;Gilberto Silva;33;7500000.0;Defensives Mittelfeld;Startaufstellung
986792;Brasilien;Juventus Turin;Felipe Melo;26;17000000.0;Zentrales Mittelfeld;Startaufstellung
986792;Brasilien;Galatasaray Istanbul;Elano;29;11500000.0;Zentrales Mittelfeld;Startaufstellung
986792;Brasilien;Real Madrid;Kaká;28;50000000.0;Offensives Mittelfeld;Startaufstellung
986792;Brasilien;FC Santos;Robinho;26;15000000.0;Hängende Spitze;Startaufstellung
986792;Brasilien;FC Sevilla;Luís Fabiano;29;28000000.0;Mittelstürmer;Startaufstellung
986792;Nordkorea;Pyongyang CSG;Myong-Guk Ri;23;350000.0;Torwart;Startaufstellung
986792;Nordkorea;;Jun-Il Ri;22;350000.0;Innenverteidiger;Startaufstellung
986792;Nordkorea;25. April Sports Club;Kwang-Chon Ri;24;600000.0;Innenverteidiger;Startaufstellung
986792;Nordkorea;;Chol-Jin Pak;24;500000.0;Innenverteidiger;Startaufstellung
986792;Nordkorea;25. April Sports Club;Yun-Nam Ji;24;300000.0;Linker Verteidiger;Startaufstellung
986792;Nordkorea;;Jong-Hyok Cha;24;400000.0;Rechter Verteidiger;Startaufstellung
986792;Nordkorea;Omiya Ardija;Young-Hak An;31;500000.0;Defensives Mittelfeld;Startaufstellung
986792;Nordkorea;;In-Guk Mun;31;400000.0;Rechtes Mittelfeld;Startaufstellung
986792;Nordkorea;;Nam-Chol Pak;24;500000.0;Linkes Mittelfeld;Startaufstellung
986792;Nordkorea;FK Rostov;Yong-Jo Hong;28;750000.0;Offensives Mittelfeld;Startaufstellung
986792;Nordkorea;Kawasaki Frontale;Chong Tese;26;2500000.0;Mittelstürmer;Startaufstellung
986792;Brasilien;Tottenham Hotspur;Heurelho Gomes;29;9000000.0;Torwart;Reservebank
986792;Brasilien;AS Rom;Doni;30;4500000.0;Torwart;Reservebank
986792;Brasilien;Benfica Lissabon;Luisão;29;10500000.0;Innenverteidiger;Reservebank
986792;Brasilien;AC Mailand;Thiago Silva;25;15500000.0;Innenverteidiger;Reservebank
986792;Brasilien;FC Barcelona;Dani Alves;27;30000000.0;Rechtes Mittelfeld;Reservebank
986792;Brasilien;VfL Wolfsburg;Josué;30;8000000.0;Defensives Mittelfeld;Reservebank
986792;Brasilien;EC Cruzeiro Belo Horizonte;Gilberto;34;1600000.0;Zentrales Mittelfeld;Reservebank
986792;Brasilien;Benfica Lissabon;Ramires;23;9000000.0;Zentrales Mittelfeld;Reservebank
986792;Brasilien;Flamengo Rio de Janeiro;Kléberson;30;2500000.0;Zentrales Mittelfeld;Reservebank
986792;Brasilien;AS Rom;Júlio Baptista;28;7000000.0;Offensives Mittelfeld;Reservebank
986792;Brasilien;FC Villarreal;Nilmar;25;14000000.0;Mittelstürmer;Reservebank
986792;Brasilien;VfL Wolfsburg;Grafite;31;9000000.0;Mittelstürmer;Reservebank
986792;Nordkorea;;Myong-Gil Kim;25;150000.0;Torwart;Reservebank
986792;Nordkorea;;Song-Chol Nam;28;100000.0;Abwehr;Reservebank
986792;Nordkorea;;Nam-Chol Pak;21;150000.0;Innenverteidiger;Reservebank
986792;Nordkorea;;Kwang-Hyok Ri;22;200000.0;Linker Verteidiger;Reservebank
986792;Nordkorea;;Sung-Hyok Pak;20;100000.0;Defensives Mittelfeld;Reservebank
986792;Nordkorea;Pyongyang CSG;Yong-Jun Kim;26;600000.0;Rechtes Mittelfeld;Reservebank
986792;Nordkorea;;Kyong-Il Kim;21;100000.0;Linkes Mittelfeld;Reservebank
986792;Nordkorea;;Chol-Myong Ri;22;150000.0;Offensives Mittelfeld;Reservebank
986792;Nordkorea;;Kum-Il Kim;22;150000.0;Mittelstürmer;Reservebank
986792;Nordkorea;;Chol-Hyok An;24;450000.0;Mittelstürmer;Reservebank
986792;Nordkorea;;Kum-Chol Choe;23;450000.0;Mittelstürmer;Reservebank
986792;Nordkorea;;Myong-Won Kim;26;150000.0;Mittelstürmer;Reservebank
