GameId;team;club;name;age;value;position;role
986791;Elfenbeinküste;KSC Lokeren;Boubacar Copa;30;2000000.0;Torwart;Startaufstellung
986791;Elfenbeinküste;Manchester City;Kolo Touré;29;20000000.0;Innenverteidiger;Startaufstellung
986791;Elfenbeinküste;FC Sevilla;Didier Zokora;29;14000000.0;Innenverteidiger;Startaufstellung
986791;Elfenbeinküste;Valenciennes FC ;Siaka Tiéné;28;3000000.0;Linker Verteidiger;Startaufstellung
986791;Elfenbeinküste;Hamburger SV;Guy Demel;29;6000000.0;Rechter Verteidiger;Startaufstellung
986791;Elfenbeinküste;FC Barcelona;Yaya Touré;27;18000000.0;Defensives Mittelfeld;Startaufstellung
986791;Elfenbeinküste;FC Arsenal;Emmanuel Eboué;27;7000000.0;Zentrales Mittelfeld;Startaufstellung
986791;Elfenbeinküste;FC Twente Enschede;Cheik Tioté †;23;3000000.0;Zentrales Mittelfeld;Startaufstellung
986791;Elfenbeinküste;FC Chelsea;Salomon Kalou;24;14000000.0;Linksaußen;Startaufstellung
986791;Elfenbeinküste;FC Portsmouth;Aruna Dindane;29;3000000.0;Rechtsaußen;Startaufstellung
986791;Elfenbeinküste;LOSC Lille;Gervinho;23;10000000.0;Mittelstürmer;Startaufstellung
986791;Portugal;SC Braga;Eduardo;27;7800000.0;Torwart;Startaufstellung
986791;Portugal;FC Porto;Bruno Alves;28;16500000.0;Innenverteidiger;Startaufstellung
986791;Portugal;FC Chelsea;Ricardo Carvalho;32;17500000.0;Innenverteidiger;Startaufstellung
986791;Portugal;Benfica Lissabon;Fábio Coentrão;22;5600000.0;Linker Verteidiger;Startaufstellung
986791;Portugal;FC Chelsea;Paulo Ferreira;31;3000000.0;Rechter Verteidiger;Startaufstellung
986791;Portugal;Sporting Lissabon;Pedro Mendes;31;6500000.0;Defensives Mittelfeld;Startaufstellung
986791;Portugal;FC Porto;Raúl Meireles;27;10500000.0;Zentrales Mittelfeld;Startaufstellung
986791;Portugal;FC Chelsea;Deco;32;10000000.0;Zentrales Mittelfeld;Startaufstellung
986791;Portugal;Zenit St. Petersburg;Danny;26;14500000.0;Linksaußen;Startaufstellung
986791;Portugal;Real Madrid;Cristiano Ronaldo;25;75000000.0;Rechtsaußen;Startaufstellung
986791;Portugal;Sporting Lissabon;Liedson;32;12000000.0;Mittelstürmer;Startaufstellung
986791;Elfenbeinküste;Maccabi Netanya;Aristide Benoit Zogbo;28;175000.0;Torwart;Reservebank
986791;Elfenbeinküste;ASEC Mimosas;Daniel Yéboah;25;250000.0;Torwart;Reservebank
986791;Elfenbeinküste;Valenciennes FC ;Benjamin Angoua;23;750000.0;Innenverteidiger;Reservebank
986791;Elfenbeinküste;Wigan Athletic;Steve Gohouri;29;750000.0;Innenverteidiger;Reservebank
986791;Elfenbeinküste;Hibernian FC;Sol Bamba;25;2500000.0;Innenverteidiger;Reservebank
986791;Elfenbeinküste;VfB Stuttgart;Arthur Boka;27;3500000.0;Linker Verteidiger;Reservebank
986791;Elfenbeinküste;FC Sevilla;Romaric;27;9000000.0;Zentrales Mittelfeld;Reservebank
986791;Elfenbeinküste;AS Monaco;Jean-Jacques Gosso;27;3500000.0;Defensives Mittelfeld;Reservebank
986791;Elfenbeinküste;FC International Curtea de Arges ;Emmanuel Koné;23;750000.0;Zentrales Mittelfeld;Reservebank
986791;Elfenbeinküste;Galatasaray Istanbul;Abdul Kader Keita;28;10000000.0;Linksaußen;Reservebank
986791;Elfenbeinküste;BSC Young Boys;Seydou Doumbia;22;8000000.0;Mittelstürmer;Reservebank
986791;Elfenbeinküste;FC Chelsea;Didier Drogba;32;38000000.0;Mittelstürmer;Reservebank
986791;Portugal;FC Porto;Beto;28;4400000.0;Torwart;Reservebank
986791;Portugal;Iraklis Thessaloniki;Daniel Fernandes;26;800000.0;Torwart;Reservebank
986791;Portugal;FC Porto;Rolando;24;8800000.0;Innenverteidiger;Reservebank
986791;Portugal;Real Madrid;Pepe;27;22000000.0;Innenverteidiger;Reservebank
986791;Portugal;LOSC Lille;Ricardo Costa;29;3500000.0;Innenverteidiger;Reservebank
986791;Portugal;FC Valencia;Miguel;30;7000000.0;Rechter Verteidiger;Reservebank
986791;Portugal;Sporting Lissabon;Miguel Veloso;24;10500000.0;Defensives Mittelfeld;Reservebank
986791;Portugal;Benfica Lissabon;Rúben Amorim;25;4400000.0;Zentrales Mittelfeld;Reservebank
986791;Portugal;Atlético Madrid;Tiago;29;8000000.0;Zentrales Mittelfeld;Reservebank
986791;Portugal;FC Málaga;Duda;29;6000000.0;Linkes Mittelfeld;Reservebank
986791;Portugal;Atlético Madrid;Simão Sabrosa;30;16000000.0;Linksaußen;Reservebank
986791;Portugal;SV Werder Bremen;Hugo Almeida;26;7000000.0;Mittelstürmer;Reservebank
