GameId;team;club;name;age;value;position;role
986783;England;West Ham United;Robert Green;30;8000000.0;Torwart;Startaufstellung
986783;England;FC Chelsea;John Terry;29;35000000.0;Innenverteidiger;Startaufstellung
986783;England;Tottenham Hotspur;Ledley King;29;9000000.0;Innenverteidiger;Startaufstellung
986783;England;FC Chelsea;Ashley Cole;29;27000000.0;Linker Verteidiger;Startaufstellung
986783;England;FC Liverpool;Glen Johnson;25;17000000.0;Rechter Verteidiger;Startaufstellung
986783;England;FC Chelsea;Frank Lampard;31;45000000.0;Zentrales Mittelfeld;Startaufstellung
986783;England;FC Liverpool;Steven Gerrard;30;50000000.0;Zentrales Mittelfeld;Startaufstellung
986783;England;Aston Villa;James Milner;24;17000000.0;Linkes Mittelfeld;Startaufstellung
986783;England;Tottenham Hotspur;Aaron Lennon;23;21000000.0;Rechtsaußen;Startaufstellung
986783;England;Manchester United;Wayne Rooney;24;53000000.0;Hängende Spitze;Startaufstellung
986783;England;Aston Villa;Emile Heskey;32;5000000.0;Mittelstürmer;Startaufstellung
986783;Vereinigte Staaten;FC Everton;Tim Howard;31;9500000.0;Torwart;Startaufstellung
986783;Vereinigte Staaten;AC Mailand;Oguchi Onyewu;28;5000000.0;Innenverteidiger;Startaufstellung
986783;Vereinigte Staaten;FC Watford;Jay DeMerit;30;2000000.0;Innenverteidiger;Startaufstellung
986783;Vereinigte Staaten;FC Stade Rennes;Carlos Bocanegra;31;3500000.0;Linker Verteidiger;Startaufstellung
986783;Vereinigte Staaten;Hannover 96;Steven Cherundolo;31;2000000.0;Rechter Verteidiger;Startaufstellung
986783;Vereinigte Staaten;Eintracht Frankfurt;Ricardo Clark;27;750000.0;Defensives Mittelfeld;Startaufstellung
986783;Vereinigte Staaten;Borussia Mönchengladbach;Michael Bradley;22;5000000.0;Zentrales Mittelfeld;Startaufstellung
986783;Vereinigte Staaten;FC Fulham;Clint Dempsey;27;7000000.0;Linksaußen;Startaufstellung
986783;Vereinigte Staaten;Los Angeles Galaxy;Landon Donovan;28;3000000.0;Rechtsaußen;Startaufstellung
986783;Vereinigte Staaten;Hull City;Jozy Altidore;20;3000000.0;Mittelstürmer;Startaufstellung
986783;Vereinigte Staaten;Real Salt Lake City;Robbie Findley;24;250000.0;Mittelstürmer;Startaufstellung
986783;England;FC Portsmouth;David James;39;3000000.0;Torwart;Reservebank
986783;England;Manchester City;Joe Hart;23;7000000.0;Torwart;Reservebank
986783;England;West Ham United;Matthew Upson;31;9000000.0;Innenverteidiger;Reservebank
986783;England;Tottenham Hotspur;Michael Dawson;26;8000000.0;Innenverteidiger;Reservebank
986783;England;FC Liverpool;Jamie Carragher;32;17000000.0;Innenverteidiger;Reservebank
986783;England;Aston Villa;Stephen Warnock;28;8500000.0;Linker Verteidiger;Reservebank
986783;England;Manchester City;Gareth Barry;29;18000000.0;Defensives Mittelfeld;Reservebank
986783;England;Manchester United;Michael Carrick;28;26000000.0;Defensives Mittelfeld;Reservebank
986783;England;FC Chelsea;Joe Cole;28;21000000.0;Offensives Mittelfeld;Reservebank
986783;England;Manchester City;Shaun Wright-Phillips;28;15000000.0;Linksaußen;Reservebank
986783;England;Tottenham Hotspur;Peter Crouch;29;12000000.0;Mittelstürmer;Reservebank
986783;England;Tottenham Hotspur;Jermain Defoe;27;17000000.0;Mittelstürmer;Reservebank
986783;Vereinigte Staaten;Aston Villa;Brad Guzan;25;1000000.0;Torwart;Reservebank
986783;Vereinigte Staaten;Wolverhampton Wanderers;Marcus Hahnemann;37;1750000.0;Torwart;Reservebank
986783;Vereinigte Staaten;IK Start Kristiansand;Clarence Goodson;28;1500000.0;Innenverteidiger;Reservebank
986783;Vereinigte Staaten;Glasgow Rangers;DaMarcus Beasley;28;1750000.0;Linker Verteidiger;Reservebank
986783;Vereinigte Staaten;CD Chivas USA;Jonathan Bornstein;25;250000.0;Linker Verteidiger;Reservebank
986783;Vereinigte Staaten;West Ham United;Jonathan Spector;24;2000000.0;Rechter Verteidiger;Reservebank
986783;Vereinigte Staaten;Glasgow Rangers;Maurice Edu;24;2000000.0;Defensives Mittelfeld;Reservebank
986783;Vereinigte Staaten;CF Pachuca;José Francisco Torres;22;2000000.0;Zentrales Mittelfeld;Reservebank
986783;Vereinigte Staaten;Bolton Wanderers;Stuart Holden;24;750000.0;Linkes Mittelfeld;Reservebank
986783;Vereinigte Staaten;Aarhus GF;Benny Feilhaber;25;1500000.0;Zentrales Mittelfeld;Reservebank
986783;Vereinigte Staaten;Puebla FC;Hérculez Gómez;28;2000000.0;Mittelstürmer;Reservebank
986783;Vereinigte Staaten;Los Angeles Galaxy;Edson Buddle;29;150000.0;Mittelstürmer;Reservebank
