GameId;team;club;name;age;value;position;role
986797;Slowenien;Udinese Calcio;Samir Handanovic;25;9500000.0;Torwart;Startaufstellung
986797;Slowenien;Grenoble Foot 38;Bostjan Cesar;27;1600000.0;Innenverteidiger;Startaufstellung
986797;Slowenien;KAA Gent;Marko Suler;27;2000000.0;Innenverteidiger;Startaufstellung
986797;Slowenien;Chievo Verona;Bojan Jokic;24;1000000.0;Linker Verteidiger;Startaufstellung
986797;Slowenien;1.FC Köln;Miso Brecko;26;2000000.0;Rechter Verteidiger;Startaufstellung
986797;Slowenien;AE Larisa;Aleksandar Radosavljevic;31;1250000.0;Defensives Mittelfeld;Startaufstellung
986797;Slowenien;West Bromwich Albion;Robert Koren;29;3200000.0;Zentrales Mittelfeld;Startaufstellung
986797;Slowenien;Wisla Krakau;Andraz Kirm;25;2000000.0;Linksaußen;Startaufstellung
986797;Slowenien;AJ Auxerre;Valter Birsa;23;2400000.0;Rechtsaußen;Startaufstellung
986797;Slowenien;1.FC Köln;Milivoje Novakovic;31;4500000.0;Mittelstürmer;Startaufstellung
986797;Slowenien;KAA Gent;Zlatan Ljubijankic;26;2000000.0;Mittelstürmer;Startaufstellung
986797;Vereinigte Staaten;FC Everton;Tim Howard;31;9500000.0;Torwart;Startaufstellung
986797;Vereinigte Staaten;AC Mailand;Oguchi Onyewu;28;5000000.0;Innenverteidiger;Startaufstellung
986797;Vereinigte Staaten;FC Watford;Jay DeMerit;30;2000000.0;Innenverteidiger;Startaufstellung
986797;Vereinigte Staaten;FC Stade Rennes;Carlos Bocanegra;31;3500000.0;Linker Verteidiger;Startaufstellung
986797;Vereinigte Staaten;Hannover 96;Steven Cherundolo;31;2000000.0;Rechter Verteidiger;Startaufstellung
986797;Vereinigte Staaten;CF Pachuca;José Francisco Torres;22;2000000.0;Zentrales Mittelfeld;Startaufstellung
986797;Vereinigte Staaten;Borussia Mönchengladbach;Michael Bradley;22;5000000.0;Zentrales Mittelfeld;Startaufstellung
986797;Vereinigte Staaten;FC Fulham;Clint Dempsey;27;7000000.0;Linksaußen;Startaufstellung
986797;Vereinigte Staaten;Los Angeles Galaxy;Landon Donovan;28;3000000.0;Rechtsaußen;Startaufstellung
986797;Vereinigte Staaten;Hull City;Jozy Altidore;20;3000000.0;Mittelstürmer;Startaufstellung
986797;Vereinigte Staaten;Real Salt Lake City;Robbie Findley;24;250000.0;Mittelstürmer;Startaufstellung
986797;Slowenien;AC Mantova 1911;Jasmin Handanovic;32;1200000.0;Torwart;Reservebank
986797;Slowenien;Sparta Rotterdam;Aleksander Seliga;30;650000.0;Torwart;Reservebank
986797;Slowenien;NK Maribor;Elvedin Dzinic;24;500000.0;Innenverteidiger;Reservebank
986797;Slowenien;TuS Koblenz;Matej Mavric;31;750000.0;Innenverteidiger;Reservebank
986797;Slowenien;NK Maribor;Suad Filekovic;31;300000.0;Linker Verteidiger;Reservebank
986797;Slowenien;Lokomotiv Moskau;Branko Ilic;27;700000.0;Rechter Verteidiger;Reservebank
986797;Slowenien;FC Internazionale;Rene Krhin;20;1500000.0;Defensives Mittelfeld;Reservebank
986797;Slowenien;Maccabi Tel Aviv;Andrej Komac;30;650000.0;Zentrales Mittelfeld;Reservebank
986797;Slowenien;Vitesse Arnheim;Dalibor Stevanovic;25;1250000.0;Zentrales Mittelfeld;Reservebank
986797;Slowenien;CD Nacional;Nejc Pecnik;24;1800000.0;Offensives Mittelfeld;Reservebank
986797;Slowenien;VfL Bochum;Zlatko Dedic;25;1500000.0;Rechtsaußen;Reservebank
986797;Slowenien;FC Groningen;Tim Matavz;21;1250000.0;Mittelstürmer;Reservebank
986797;Vereinigte Staaten;Aston Villa;Brad Guzan;25;1000000.0;Torwart;Reservebank
986797;Vereinigte Staaten;Wolverhampton Wanderers;Marcus Hahnemann;38;1750000.0;Torwart;Reservebank
986797;Vereinigte Staaten;IK Start Kristiansand;Clarence Goodson;28;1500000.0;Innenverteidiger;Reservebank
986797;Vereinigte Staaten;Glasgow Rangers;DaMarcus Beasley;28;1750000.0;Linker Verteidiger;Reservebank
986797;Vereinigte Staaten;CD Chivas USA;Jonathan Bornstein;25;250000.0;Linker Verteidiger;Reservebank
986797;Vereinigte Staaten;West Ham United;Jonathan Spector;24;2000000.0;Rechter Verteidiger;Reservebank
986797;Vereinigte Staaten;Glasgow Rangers;Maurice Edu;24;2000000.0;Zentrales Mittelfeld;Reservebank
986797;Vereinigte Staaten;Bolton Wanderers;Stuart Holden;24;750000.0;Zentrales Mittelfeld;Reservebank
986797;Vereinigte Staaten;Aarhus GF;Benny Feilhaber;25;1500000.0;Zentrales Mittelfeld;Reservebank
986797;Vereinigte Staaten;Eintracht Frankfurt;Ricardo Clark;27;750000.0;Zentrales Mittelfeld;Reservebank
986797;Vereinigte Staaten;Puebla FC;Hérculez Gómez;28;2000000.0;Mittelstürmer;Reservebank
986797;Vereinigte Staaten;Los Angeles Galaxy;Edson Buddle;29;150000.0;Mittelstürmer;Reservebank
