GameId;team;club;name;age;value;position;role
986782;Südkorea;Seongnam FC;Sung-Ryong Jung;25;900000.0;Torwart;Startaufstellung
986782;Südkorea;Kashima Antlers;Jeong-su Lee;30;2000000.0;Innenverteidiger;Startaufstellung
986782;Südkorea;Jeju United FC;Yong-hyeong Jo;26;1000000.0;Innenverteidiger;Startaufstellung
986782;Südkorea;Al-Hilal Riad;Young-Pyo Lee;33;1800000.0;Linker Verteidiger;Startaufstellung
986782;Südkorea;SC Freiburg;Du-Ri Cha;29;1250000.0;Rechter Verteidiger;Startaufstellung
986782;Südkorea;Celtic Glasgow;Sung-Yong Ki;21;3000000.0;Zentrales Mittelfeld;Startaufstellung
986782;Südkorea;Sangju Sangmu Phoenix FC;Jung-Woo Kim;28;1750000.0;Zentrales Mittelfeld;Startaufstellung
986782;Südkorea;Manchester United;Ji-Sung Park;29;11500000.0;Linksaußen;Startaufstellung
986782;Südkorea;Bolton Wanderers;Chung-Yong Lee;21;3000000.0;Rechtsaußen;Startaufstellung
986782;Südkorea;Suwon Samsung Bluewings FC;Ki-hun Yeom;27;750000.0;Hängende Spitze;Startaufstellung
986782;Südkorea;AS Monaco;Ju-yeong Park;24;5200000.0;Mittelstürmer;Startaufstellung
986782;Griechenland;Panathinaikos Athen;Alexandros Tzorvas;27;2500000.0;Torwart;Startaufstellung
986782;Griechenland;Olympiakos Piräus;Avraam Papadopoulos;25;3500000.0;Innenverteidiger;Startaufstellung
986782;Griechenland;Panathinaikos Athen;Loukas Vyntra;29;3000000.0;Innenverteidiger;Startaufstellung
986782;Griechenland;Olympiakos Piräus;Vasilios Torosidis;25;8000000.0;Linker Verteidiger;Startaufstellung
986782;Griechenland;Panathinaikos Athen;Georgios Seitaridis;29;3000000.0;Rechter Verteidiger;Startaufstellung
986782;Griechenland;AC Siena;Alexandros Tziolis;25;2500000.0;Defensives Mittelfeld;Startaufstellung
986782;Griechenland;Panathinaikos Athen;Konstantinos Katsouranis;30;8000000.0;Defensives Mittelfeld;Startaufstellung
986782;Griechenland;Panathinaikos Athen;Georgios Karagounis;33;6000000.0;Offensives Mittelfeld;Startaufstellung
986782;Griechenland;Celtic Glasgow;Georgios Samaras;25;4250000.0;Linksaußen;Startaufstellung
986782;Griechenland;1.FC Nürnberg;Angelos Charisteas;30;1800000.0;Rechtsaußen;Startaufstellung
986782;Griechenland;Hertha BSC;Theofanis Gekas;30;3000000.0;Mittelstürmer;Startaufstellung
986782;Südkorea;Suwon Samsung Bluewings FC;Woon-Jae Lee;37;1500000.0;Torwart;Reservebank
986782;Südkorea;Ulsan Hyundai;Yeong-kwan Kim;26;650000.0;Torwart;Reservebank
986782;Südkorea;FC Pohang Steelers;Hyeong-il Kim;26;1700000.0;Innenverteidiger;Reservebank
986782;Südkorea;Suwon Samsung Bluewings FC;Min-su Kang;24;1200000.0;Innenverteidiger;Reservebank
986782;Südkorea;Ulsan Hyundai;Dong-Jin Kim;28;2000000.0;Linker Verteidiger;Reservebank
986782;Südkorea;Ulsan Hyundai;Beom-seok Oh;25;2300000.0;Rechter Verteidiger;Reservebank
986782;Südkorea;Tom Tomsk;Nam-Il Kim;33;400000.0;Defensives Mittelfeld;Reservebank
986782;Südkorea;Oita Trinita;Bo-Kyung Kim;20;300000.0;Offensives Mittelfeld;Reservebank
986782;Südkorea;FC Pohang Steelers;Jae-seong Kim;26;1000000.0;Rechtsaußen;Reservebank
986782;Südkorea;FC Seoul;Seung-Yeoul Lee;21;250000.0;Mittelstürmer;Reservebank
986782;Südkorea;Jeonbuk Hyundai Motors FC;Dong-guk Lee;31;600000.0;Mittelstürmer;Reservebank
986782;Südkorea;Dalian Shide;Jung-Hwan Ahn;34;300000.0;Mittelstürmer;Reservebank
986782;Griechenland;PAOK Thessaloniki;Konstantinos Chalkias;36;2250000.0;Torwart;Reservebank
986782;Griechenland;Aris Thessaloniki;Michalis Sifakis;25;2500000.0;Torwart;Reservebank
986782;Griechenland;FC Liverpool;Sotiris Kyrgiakos;30;5000000.0;Innenverteidiger;Reservebank
986782;Griechenland;FC Genua 1893;Sokratis;22;5000000.0;Innenverteidiger;Reservebank
986782;Griechenland;PAOK Thessaloniki;Stelios Malezas;25;2500000.0;Innenverteidiger;Reservebank
986782;Griechenland;Panathinaikos Athen;Nikolaos Spyropoulos;26;5000000.0;Linker Verteidiger;Reservebank
986782;Griechenland;Omonia Nikosia;Christos Patsatzoglou;31;1500000.0;Defensives Mittelfeld;Reservebank
986782;Griechenland;Aris Thessaloniki;Athanasios Prittas;31;800000.0;Zentrales Mittelfeld;Reservebank
986782;Griechenland;Panathinaikos Athen;Sotiris Ninis;20;7500000.0;Offensives Mittelfeld;Reservebank
986782;Griechenland;Panathinaikos Athen;Dimitrios Salpingidis;28;6000000.0;Linksaußen;Reservebank
986782;Griechenland;Steaua Bukarest;Pantelis Kapetanos;27;2500000.0;Mittelstürmer;Reservebank
