GameId;team;club;name;age;value;position;role
986796;Argentinien;AZ Alkmaar;Sergio Romero;23;6000000.0;Torwart;Startaufstellung
986796;Argentinien;FC Internazionale;Wálter Samuel;32;15000000.0;Innenverteidiger;Startaufstellung
986796;Argentinien;FC Bayern München;Martín Demichelis;29;10000000.0;Innenverteidiger;Startaufstellung
986796;Argentinien;Olympique Marseille;Gabriel Heinze;32;6000000.0;Linker Verteidiger;Startaufstellung
986796;Argentinien;Newcastle United;Jonás Gutiérrez;26;8000000.0;Rechter Verteidiger;Startaufstellung
986796;Argentinien;FC Liverpool;Javier Mascherano;26;26000000.0;Defensives Mittelfeld;Startaufstellung
986796;Argentinien;FC Barcelona;Lionel Messi;22;80000000.0;Offensives Mittelfeld;Startaufstellung
986796;Argentinien;Benfica Lissabon;Ángel Di María;22;9500000.0;Linksaußen;Startaufstellung
986796;Argentinien;FC Liverpool;Maxi Rodríguez;29;18000000.0;Rechtsaußen;Startaufstellung
986796;Argentinien;Manchester City;Carlos Tévez;26;30000000.0;Mittelstürmer;Startaufstellung
986796;Argentinien;Real Madrid;Gonzalo Higuaín;22;32000000.0;Mittelstürmer;Startaufstellung
986796;Südkorea;Seongnam FC;Sung-Ryong Jung;25;900000.0;Torwart;Startaufstellung
986796;Südkorea;Kashima Antlers;Jeong-su Lee;30;2000000.0;Innenverteidiger;Startaufstellung
986796;Südkorea;Jeju United FC;Yong-hyeong Jo;26;1000000.0;Innenverteidiger;Startaufstellung
986796;Südkorea;Al-Hilal Riad;Young-Pyo Lee;33;1800000.0;Linker Verteidiger;Startaufstellung
986796;Südkorea;Ulsan Hyundai;Beom-seok Oh;25;2300000.0;Rechter Verteidiger;Startaufstellung
986796;Südkorea;Celtic Glasgow;Sung-Yong Ki;21;3000000.0;Zentrales Mittelfeld;Startaufstellung
986796;Südkorea;Sangju Sangmu Phoenix FC;Jung-Woo Kim;28;1750000.0;Zentrales Mittelfeld;Startaufstellung
986796;Südkorea;Manchester United;Ji-Sung Park;29;11500000.0;Offensives Mittelfeld;Startaufstellung
986796;Südkorea;Suwon Samsung Bluewings FC;Ki-hun Yeom;27;750000.0;Linksaußen;Startaufstellung
986796;Südkorea;Bolton Wanderers;Chung-Yong Lee;21;3000000.0;Rechtsaußen;Startaufstellung
986796;Südkorea;AS Monaco;Ju-yeong Park;24;5200000.0;Mittelstürmer;Startaufstellung
986796;Argentinien;Club Atlético Colón (Santa Fe);Diego Pozo;32;1600000.0;Torwart;Reservebank
986796;Argentinien;Catania Calcio;Mariano Andújar;26;4000000.0;Torwart;Reservebank
986796;Argentinien;AS Rom;Nicolás Burdisso;29;7000000.0;Innenverteidiger;Reservebank
986796;Argentinien;Club Atlético Colón (Santa Fe);Ariel Garcé;30;1200000.0;Innenverteidiger;Reservebank
986796;Argentinien;Club Atlético Vélez Sarsfield;Nicolás Otamendi;22;5000000.0;Innenverteidiger;Reservebank
986796;Argentinien;Estudiantes de La Plata;Clemente Rodríguez;28;3500000.0;Linker Verteidiger;Reservebank
986796;Argentinien;AC Florenz;Mario Bolatti;25;5000000.0;Defensives Mittelfeld;Reservebank
986796;Argentinien;Estudiantes de La Plata;Juan Sebastián Verón;35;3500000.0;Zentrales Mittelfeld;Reservebank
986796;Argentinien;US Palermo;Javier Pastore;20;8500000.0;Offensives Mittelfeld;Reservebank
986796;Argentinien;Club Atlético Boca Juniors;Martín Palermo;36;3500000.0;Mittelstürmer;Reservebank
986796;Argentinien;Atlético Madrid;Sergio Agüero;22;36000000.0;Mittelstürmer;Reservebank
986796;Argentinien;FC Internazionale;Diego Milito;31;28000000.0;Mittelstürmer;Reservebank
986796;Südkorea;Suwon Samsung Bluewings FC;Woon-Jae Lee;37;1500000.0;Torwart;Reservebank
986796;Südkorea;Ulsan Hyundai;Yeong-kwan Kim;26;650000.0;Torwart;Reservebank
986796;Südkorea;FC Pohang Steelers;Hyeong-il Kim;26;1700000.0;Innenverteidiger;Reservebank
986796;Südkorea;Suwon Samsung Bluewings FC;Min-su Kang;24;1200000.0;Innenverteidiger;Reservebank
986796;Südkorea;Ulsan Hyundai;Dong-Jin Kim;28;2000000.0;Linker Verteidiger;Reservebank
986796;Südkorea;SC Freiburg;Du-Ri Cha;29;1250000.0;Rechter Verteidiger;Reservebank
986796;Südkorea;Tom Tomsk;Nam-Il Kim;33;400000.0;Defensives Mittelfeld;Reservebank
986796;Südkorea;Oita Trinita;Bo-Kyung Kim;20;300000.0;Offensives Mittelfeld;Reservebank
986796;Südkorea;FC Pohang Steelers;Jae-seong Kim;26;1000000.0;Offensives Mittelfeld;Reservebank
986796;Südkorea;FC Seoul;Seung-Yeoul Lee;21;250000.0;Mittelstürmer;Reservebank
986796;Südkorea;Jeonbuk Hyundai Motors FC;Dong-guk Lee;31;600000.0;Mittelstürmer;Reservebank
986796;Südkorea;Dalian Shide;Jung-Hwan Ahn;34;300000.0;Mittelstürmer;Reservebank
