GameId;team;club;name;age;value;position;role
986799;Deutschland;FC Schalke 04;Manuel Neuer;24;18000000.0;Torwart;Startaufstellung
986799;Deutschland;Hertha BSC;Arne Friedrich;31;6000000.0;Innenverteidiger;Startaufstellung
986799;Deutschland;SV Werder Bremen;Per Mertesacker;25;15000000.0;Innenverteidiger;Startaufstellung
986799;Deutschland;FC Bayern München;Holger Badstuber;21;8000000.0;Linker Verteidiger;Startaufstellung
986799;Deutschland;FC Bayern München;Philipp Lahm;26;25000000.0;Rechter Verteidiger;Startaufstellung
986799;Deutschland;FC Bayern München;Bastian Schweinsteiger;25;24000000.0;Defensives Mittelfeld;Startaufstellung
986799;Deutschland;VfB Stuttgart;Sami Khedira;23;15000000.0;Zentrales Mittelfeld;Startaufstellung
986799;Deutschland;SV Werder Bremen;Mesut Özil;21;20000000.0;Offensives Mittelfeld;Startaufstellung
986799;Deutschland;1.FC Köln;Lukas Podolski;25;10000000.0;Linksaußen;Startaufstellung
986799;Deutschland;FC Bayern München;Thomas Müller;20;10000000.0;Rechtsaußen;Startaufstellung
986799;Deutschland;FC Bayern München;Miroslav Klose;32;7500000.0;Mittelstürmer;Startaufstellung
986799;Serbien;Wigan Athletic;Vladimir Stojkovic;26;1000000.0;Torwart;Startaufstellung
986799;Serbien;Manchester United;Nemanja Vidic‎;28;35000000.0;Innenverteidiger;Startaufstellung
986799;Serbien;Borussia Dortmund;Neven Subotic;21;15000000.0;Innenverteidiger;Startaufstellung
986799;Serbien;Lazio Rom;Aleksandar Kolarov;24;9000000.0;Linker Verteidiger;Startaufstellung
986799;Serbien;FC Chelsea;Branislav Ivanovic;26;16000000.0;Rechter Verteidiger;Startaufstellung
986799;Serbien;FC Internazionale;Dejan Stanković;31;16000000.0;Defensives Mittelfeld;Startaufstellung
986799;Serbien;VfB Stuttgart;Zdravko Kuzmanović;22;9000000.0;Zentrales Mittelfeld;Startaufstellung
986799;Serbien;Dynamo Kiew;Milos Ninkovic;25;5500000.0;Zentrales Mittelfeld;Startaufstellung
986799;Serbien;Standard Lüttich;Milan Jovanovic;29;8500000.0;Linksaußen;Startaufstellung
986799;Serbien;ZSKA Moskau;Milos Krasic;25;18000000.0;Rechtsaußen;Startaufstellung
986799;Serbien;FC Valencia;Nikola Zigic;29;8000000.0;Mittelstürmer;Startaufstellung
986799;Deutschland;SV Werder Bremen;Tim Wiese;28;10000000.0;Torwart;Reservebank
986799;Deutschland;FC Bayern München;Hans Jörg Butt;36;2500000.0;Torwart;Reservebank
986799;Deutschland;VfB Stuttgart;Serdar Tasci;23;10000000.0;Innenverteidiger;Reservebank
986799;Deutschland;Hamburger SV;Jérôme Boateng;21;15000000.0;Innenverteidiger;Reservebank
986799;Deutschland;Hamburger SV;Marcell Jansen;24;10000000.0;Linker Verteidiger;Reservebank
986799;Deutschland;Hamburger SV;Dennis Aogo;23;6500000.0;Linker Verteidiger;Reservebank
986799;Deutschland;Bayer 04 Leverkusen;Toni Kroos;20;12000000.0;Zentrales Mittelfeld;Reservebank
986799;Deutschland;Hamburger SV;Piotr Trochowski;26;8500000.0;Offensives Mittelfeld;Reservebank
986799;Deutschland;SV Werder Bremen;Marko Marin;21;14000000.0;Rechtsaußen;Reservebank
986799;Deutschland;Bayer 04 Leverkusen;Stefan Kießling;26;12000000.0;Mittelstürmer;Reservebank
986799;Deutschland;VfB Stuttgart;Cacau;29;6000000.0;Mittelstürmer;Reservebank
986799;Deutschland;FC Bayern München;Mario Gómez;24;27500000.0;Mittelstürmer;Reservebank
986799;Serbien;Zaglebie Lubin;Bojan Isailovic;30;900000.0;Torwart;Reservebank
986799;Serbien;União Leiria;Andjelko Djuricic;29;750000.0;Torwart;Reservebank
986799;Serbien;Real Saragossa ;Ivan Obradovic;21;3000000.0;Linker Verteidiger;Reservebank
986799;Serbien;TSV 1860 München;Antonio Rukavina;26;1500000.0;Rechter Verteidiger;Reservebank
986799;Serbien;Hertha BSC;Gojko Kacar;23;8500000.0;Defensives Mittelfeld;Reservebank
986799;Serbien;FK Partizan Belgrad;Radosav Petrovic;21;2250000.0;Defensives Mittelfeld;Reservebank
986799;Serbien;Wolverhampton Wanderers;Nenad Milijas;27;4500000.0;Offensives Mittelfeld;Reservebank
986799;Serbien;1.FC Köln;Zoran Tosic;23;5500000.0;Rechtsaußen;Reservebank
986799;Serbien;Zenit St. Petersburg;Danko Lazovic;27;7000000.0;Linksaußen;Reservebank
986799;Serbien;Ajax Amsterdam;Marko Pantelic;31;7000000.0;Mittelstürmer;Reservebank
986799;Serbien;FK Vojvodina Novi Sad;Dragan Mrdja;26;2750000.0;Mittelstürmer;Reservebank
