GameId;team;club;name;age;value;position;role
986789;Italien;Juventus Turin;Gianluigi Buffon;32;30500000.0;Torwart;Startaufstellung
986789;Italien;Juventus Turin;Giorgio Chiellini;25;23000000.0;Innenverteidiger;Startaufstellung
986789;Italien;Juventus Turin;Fabio Cannavaro;36;5000000.0;Innenverteidiger;Startaufstellung
986789;Italien;FC Genua 1893;Domenico Criscito;23;10000000.0;Linker Verteidiger;Startaufstellung
986789;Italien;AC Mailand;Gianluca Zambrotta;33;4000000.0;Rechter Verteidiger;Startaufstellung
986789;Italien;AS Rom;Daniele De Rossi;26;38000000.0;Defensives Mittelfeld;Startaufstellung
986789;Italien;AC Florenz;Riccardo Montolivo;25;18000000.0;Zentrales Mittelfeld;Startaufstellung
986789;Italien;Juventus Turin;Claudio Marchisio;24;16000000.0;Offensives Mittelfeld;Startaufstellung
986789;Italien;Juventus Turin;Vincenzo Iaquinta;30;15000000.0;Linksaußen;Startaufstellung
986789;Italien;Udinese Calcio;Simone Pepe;26;9000000.0;Rechtsaußen;Startaufstellung
986789;Italien;AC Florenz;Alberto Gilardino;27;20000000.0;Mittelstürmer;Startaufstellung
986789;Paraguay;Real Valladolid;Justo Villar;32;1600000.0;Torwart;Startaufstellung
986789;Paraguay;AFC Sunderland;Paulo da Silva;30;3000000.0;Innenverteidiger;Startaufstellung
986789;Paraguay;FC Brügge;Antolín Alcaraz;27;3000000.0;Innenverteidiger;Startaufstellung
986789;Paraguay;Club Atlético Boca Juniors;Claudio Morel;32;1800000.0;Linker Verteidiger;Startaufstellung
986789;Paraguay;Olimpia Asunción;Carlos Bonet;32;1500000.0;Rechter Verteidiger;Startaufstellung
986789;Paraguay;Club Libertad Asunción;Víctor Cáceres;25;800000.0;Defensives Mittelfeld;Startaufstellung
986789;Paraguay;CD Cruz Azul;Cristian Riveros;27;3000000.0;Defensives Mittelfeld;Startaufstellung
986789;Paraguay;LDU Quito;Enrique Vera;31;1500000.0;Rechtes Mittelfeld;Startaufstellung
986789;Paraguay;Club Atlético San Lorenzo de Almagro;Aureliano Torres;27;1800000.0;Linkes Mittelfeld;Startaufstellung
986789;Paraguay;Borussia Dortmund;Nelson Valdez;26;4000000.0;Mittelstürmer;Startaufstellung
986789;Paraguay;Borussia Dortmund;Lucas Barrios;25;11000000.0;Mittelstürmer;Startaufstellung
986789;Italien;Cagliari Calcio;Federico Marchetti;27;7500000.0;Torwart;Reservebank
986789;Italien;SSC Neapel;Morgan De Sanctis;33;5500000.0;Torwart;Reservebank
986789;Italien;FC Genua 1893;Salvatore Bocchetti;23;6500000.0;Innenverteidiger;Reservebank
986789;Italien;AS Bari;Leonardo Bonucci;23;8000000.0;Innenverteidiger;Reservebank
986789;Italien;SSC Neapel;Christian Maggio;28;10000000.0;Rechter Verteidiger;Reservebank
986789;Italien;AC Mailand;Andrea Pirlo;31;22000000.0;Defensives Mittelfeld;Reservebank
986789;Italien;Sampdoria Genua;Angelo Palombo;28;10000000.0;Defensives Mittelfeld;Reservebank
986789;Italien;AC Mailand;Gennaro Gattuso;32;10000000.0;Zentrales Mittelfeld;Reservebank
986789;Italien;Juventus Turin;Mauro Germán Camoranesi;33;5500000.0;Offensives Mittelfeld;Reservebank
986789;Italien;Udinese Calcio;Antonio Di Natale;32;15000000.0;Mittelstürmer;Reservebank
986789;Italien;SSC Neapel;Fabio Quagliarella;27;14000000.0;Mittelstürmer;Reservebank
986789;Italien;Sampdoria Genua;Giampaolo Pazzini;25;17000000.0;Mittelstürmer;Reservebank
986789;Paraguay;Club Cerro Porteño;Diego Barreto;28;250000.0;Torwart;Reservebank
986789;Paraguay;Independiente Medellín;Aldo Bobadilla;34;1000000.0;Torwart;Reservebank
986789;Paraguay;UNAM Pumas;Darío Verón;30;2500000.0;Innenverteidiger;Reservebank
986789;Paraguay;Clube Atlético Mineiro;Julio Cáceres;30;1800000.0;Innenverteidiger;Reservebank
986789;Paraguay;Club León FC;Denis Caniza;35;800000.0;Rechter Verteidiger;Reservebank
986789;Paraguay;Atalanta Bergamo;Édgar Barreto;25;3500000.0;Zentrales Mittelfeld;Reservebank
986789;Paraguay;VfL Wolfsburg;Jonathan Santana;28;1500000.0;Linkes Mittelfeld;Reservebank
986789;Paraguay;Argentinos Juniors;Néstor Ortigoza;25;2300000.0;Zentrales Mittelfeld;Reservebank
986789;Paraguay;CF Pachuca;Edgar Benítez;22;2500000.0;Linksaußen;Reservebank
986789;Paraguay;Club Libertad Asunción;Rodolfo Gamarra;21;1000000.0;Hängende Spitze;Reservebank
986789;Paraguay;Benfica Lissabon;Óscar Cardozo;27;12500000.0;Mittelstürmer;Reservebank
986789;Paraguay;Manchester City;Roque Santa Cruz;28;8000000.0;Mittelstürmer;Reservebank
