GameId;team;club;name;age;value;position;role
986794;Spanien;Real Madrid;Iker Casillas;29;32000000.0;Torwart;Startaufstellung
986794;Spanien;FC Barcelona;Gerard Piqué;23;25000000.0;Innenverteidiger;Startaufstellung
986794;Spanien;FC Barcelona;Carles Puyol;32;28000000.0;Innenverteidiger;Startaufstellung
986794;Spanien;FC Villarreal;Joan Capdevila;32;10000000.0;Linker Verteidiger;Startaufstellung
986794;Spanien;Real Madrid;Sergio Ramos;24;27000000.0;Rechter Verteidiger;Startaufstellung
986794;Spanien;FC Barcelona;Sergio Busquets;21;20000000.0;Defensives Mittelfeld;Startaufstellung
986794;Spanien;Real Madrid;Xabi Alonso;28;30000000.0;Zentrales Mittelfeld;Startaufstellung
986794;Spanien;FC Barcelona;Xavi;30;65000000.0;Offensives Mittelfeld;Startaufstellung
986794;Spanien;FC Barcelona;Andrés Iniesta;26;60000000.0;Linksaußen;Startaufstellung
986794;Spanien;FC Valencia;David Silva;24;32000000.0;Rechtsaußen;Startaufstellung
986794;Spanien;FC Valencia;David Villa;28;45000000.0;Mittelstürmer;Startaufstellung
986794;Schweiz;VfL Wolfsburg;Diego Benaglio;26;10000000.0;Torwart;Startaufstellung
986794;Schweiz;AJ Auxerre;Stéphane Grichting;31;2800000.0;Innenverteidiger;Startaufstellung
986794;Schweiz;FC Arsenal;Philippe Senderos;25;3000000.0;Innenverteidiger;Startaufstellung
986794;Schweiz;Sampdoria Genua;Reto Ziegler;24;4000000.0;Linker Verteidiger;Startaufstellung
986794;Schweiz;Lazio Rom;Stephan Lichtsteiner;26;6800000.0;Rechter Verteidiger;Startaufstellung
986794;Schweiz;FC Basel 1893;Benjamin Huggel;32;1700000.0;Defensives Mittelfeld;Startaufstellung
986794;Schweiz;Udinese Calcio;Gökhan Inler;25;8500000.0;Zentrales Mittelfeld;Startaufstellung
986794;Schweiz;AS Saint-Étienne;Gelson Fernandes;23;5000000.0;Rechtes Mittelfeld;Startaufstellung
986794;Schweiz;Bayer 04 Leverkusen;Tranquillo Barnetta;25;10000000.0;Linksaußen;Startaufstellung
986794;Schweiz;Bayer 04 Leverkusen;Eren Derdiyok;22;9000000.0;Hängende Spitze;Startaufstellung
986794;Schweiz;FC Twente Enschede;Blaise Nkufo;35;3500000.0;Mittelstürmer;Startaufstellung
986794;Spanien;FC Barcelona;Víctor Valdés;28;18000000.0;Torwart;Reservebank
986794;Spanien;FC Liverpool;Pepe Reina;27;20000000.0;Torwart;Reservebank
986794;Spanien;Real Madrid;Raúl Albiol;24;18000000.0;Innenverteidiger;Reservebank
986794;Spanien;FC Valencia;Carlos Marchena;30;8000000.0;Innenverteidiger;Reservebank
986794;Spanien;Real Madrid;Álvaro Arbeloa;27;12000000.0;Rechter Verteidiger;Reservebank
986794;Spanien;Athletic Bilbao;Javi Martínez;21;15000000.0;Defensives Mittelfeld;Reservebank
986794;Spanien;FC Arsenal;Cesc Fàbregas;23;55000000.0;Zentrales Mittelfeld;Reservebank
986794;Spanien;FC Valencia;Juan Mata;22;23000000.0;Offensives Mittelfeld;Reservebank
986794;Spanien;FC Barcelona;Pedro;22;14000000.0;Linksaußen;Reservebank
986794;Spanien;FC Sevilla;Jesús Navas;24;28000000.0;Rechtsaußen;Reservebank
986794;Spanien;FC Liverpool;Fernando Torres;26;50000000.0;Mittelstürmer;Reservebank
986794;Spanien;Athletic Bilbao;Fernando Llorente;25;15000000.0;Mittelstürmer;Reservebank
986794;Schweiz;BSC Young Boys;Marco Wölfli;27;2000000.0;Torwart;Reservebank
986794;Schweiz;FC Zürich;Johnny Leoni;25;1200000.0;Torwart;Reservebank
986794;Schweiz;Hertha BSC;Steve von Bergen;27;3000000.0;Innenverteidiger;Reservebank
986794;Schweiz;Hannover 96;Mario Eggimann;29;1250000.0;Innenverteidiger;Reservebank
986794;Schweiz;FC Zürich;Ludovic Magnin;31;1500000.0;Linker Verteidiger;Reservebank
986794;Schweiz;Sampdoria Genua;Marco Padalino;26;3000000.0;Rechter Verteidiger;Reservebank
986794;Schweiz;West Ham United;Valon Behrami;25;8000000.0;Defensives Mittelfeld;Reservebank
986794;Schweiz;Eintracht Frankfurt;Pirmin Schwegler;23;4000000.0;Defensives Mittelfeld;Reservebank
986794;Schweiz;FC Luzern;Hakan Yakin;33;2000000.0;Hängende Spitze;Reservebank
986794;Schweiz;FC Basel 1893;Xherdan Shaqiri;18;4000000.0;Rechtsaußen;Reservebank
986794;Schweiz;1.FC Nürnberg;Albert Bunjaku;26;4000000.0;Mittelstürmer;Reservebank
