GameId;team;club;name;age;value;position;role
986776;Uruguay;Lazio Rom;Fernando Muslera;23;7500000.0;Torwart;Startaufstellung
986776;Uruguay;Fenerbahce Istanbul;Diego Lugano;29;10500000.0;Innenverteidiger;Startaufstellung
986776;Uruguay;FC Villarreal;Diego Godín;24;12000000.0;Innenverteidiger;Startaufstellung
986776;Uruguay;Club Universidad de Chile;Mauricio Victorino;27;675000.0;Innenverteidiger;Startaufstellung
986776;Uruguay;CA Peñarol;Egidio Arévalo Ríos;28;900000.0;Defensives Mittelfeld;Startaufstellung
986776;Uruguay;AS Monaco;Diego Pérez;30;2300000.0;Zentrales Mittelfeld;Startaufstellung
986776;Uruguay;Benfica Lissabon;Maxi Pereira;26;5200000.0;Rechtes Mittelfeld;Startaufstellung
986776;Uruguay;FC Porto;Álvaro Pereira;24;4500000.0;Linkes Mittelfeld;Startaufstellung
986776;Uruguay;APO Levadiakos;Ignacio González;28;600000.0;Offensives Mittelfeld;Startaufstellung
986776;Uruguay;Atlético Madrid;Diego Forlán;31;22000000.0;Mittelstürmer;Startaufstellung
986776;Uruguay;Ajax Amsterdam;Luis Suárez;23;20000000.0;Mittelstürmer;Startaufstellung
986776;Frankreich;Olympique Lyon;Hugo Lloris;23;14000000.0;Torwart;Startaufstellung
986776;Frankreich;FC Arsenal;William Gallas;32;16000000.0;Innenverteidiger;Startaufstellung
986776;Frankreich;FC Barcelona;Éric Abidal;30;20000000.0;Innenverteidiger;Startaufstellung
986776;Frankreich;Manchester United;Patrice Evra;29;27000000.0;Linker Verteidiger;Startaufstellung
986776;Frankreich;FC Arsenal;Bacary Sagna;27;14500000.0;Rechter Verteidiger;Startaufstellung
986776;Frankreich;Olympique Lyon;Jérémy Toulalan;26;22000000.0;Defensives Mittelfeld;Startaufstellung
986776;Frankreich;FC Arsenal;Abou Diaby;24;7500000.0;Zentrales Mittelfeld;Startaufstellung
986776;Frankreich;FC Girondins Bordeaux;Yoann Gourcuff;23;24000000.0;Offensives Mittelfeld;Startaufstellung
986776;Frankreich;FC Bayern München;Franck Ribéry;27;50000000.0;Linksaußen;Startaufstellung
986776;Frankreich;Olympique Lyon;Sidney Govou;30;9500000.0;Rechtsaußen;Startaufstellung
986776;Frankreich;FC Chelsea;Nicolas Anelka;31;30000000.0;Mittelstürmer;Startaufstellung
986776;Uruguay;Deportivo Cali;Juan Castillo;32;750000.0;Torwart;Reservebank
986776;Uruguay;Defensor Sporting Club;Martín Silva;27;800000.0;Torwart;Reservebank
986776;Uruguay;CSD Colo Colo;Andrés Scotti;34;1200000.0;Innenverteidiger;Reservebank
986776;Uruguay;FC Porto;Jorge Fucile;25;5200000.0;Rechter Verteidiger;Reservebank
986776;Uruguay;Juventus Turin;Martín Cáceres;23;7500000.0;Rechter Verteidiger;Reservebank
986776;Uruguay;SSC Neapel;Walter Gargano;25;7000000.0;Defensives Mittelfeld;Reservebank
986776;Uruguay;AIK Solna;Sebastián Eguren;29;5000000.0;Defensives Mittelfeld;Reservebank
986776;Uruguay;Club Universidad de Chile;Álvaro Fernández;24;625000.0;Zentrales Mittelfeld;Reservebank
986776;Uruguay;Ajax Amsterdam;Nicolás Lodeiro;21;1250000.0;Offensives Mittelfeld;Reservebank
986776;Uruguay;Club Atlético Banfield;Sebastián Fernández;25;2500000.0;Hängende Spitze;Reservebank
986776;Uruguay;Botafogo Rio de Janeiro;Sebastián Abreu;33;1000000.0;Mittelstürmer;Reservebank
986776;Uruguay;US Palermo;Edinson Cavani;23;11000000.0;Mittelstürmer;Reservebank
986776;Frankreich;Olympique Marseille;Steve Mandanda;25;12000000.0;Torwart;Reservebank
986776;Frankreich;FC Girondins Bordeaux;Cédric Carrasso;28;8500000.0;Torwart;Reservebank
986776;Frankreich;FC Girondins Bordeaux;Marc Planus;28;7000000.0;Innenverteidiger;Reservebank
986776;Frankreich;FC Sevilla;Sébastien Squillaci;29;8000000.0;Innenverteidiger;Reservebank
986776;Frankreich;FC Arsenal;Gaël Clichy;24;15000000.0;Linker Verteidiger;Reservebank
986776;Frankreich;Olympique Lyon;Anthony Réveillère;30;6500000.0;Rechter Verteidiger;Reservebank
986776;Frankreich;FC Girondins Bordeaux;Alou Diarra;28;14000000.0;Defensives Mittelfeld;Reservebank
986776;Frankreich;FC Chelsea;Florent Malouda;29;18500000.0;Offensives Mittelfeld;Reservebank
986776;Frankreich;Olympique Marseille;Mathieu Valbuena;25;4500000.0;Linksaußen;Reservebank
986776;Frankreich;FC Barcelona;Thierry Henry;32;12000000.0;Mittelstürmer;Reservebank
986776;Frankreich;Panathinaikos Athen;Djibril Cissé;28;12000000.0;Mittelstürmer;Reservebank
986776;Frankreich;FC Toulouse;André-Pierre Gignac;24;15000000.0;Rechtsaußen;Reservebank
