GameId;team;club;name;age;value;position;role
986795;Griechenland;Panathinaikos Athen;Alexandros Tzorvas;27;2500000.0;Torwart;Startaufstellung
986795;Griechenland;Olympiakos Piräus;Avraam Papadopoulos;25;3500000.0;Innenverteidiger;Startaufstellung
986795;Griechenland;FC Liverpool;Sotiris Kyrgiakos;30;5000000.0;Innenverteidiger;Startaufstellung
986795;Griechenland;FC Genua 1893;Sokratis;22;5000000.0;Innenverteidiger;Startaufstellung
986795;Griechenland;AC Siena;Alexandros Tziolis;25;2500000.0;Defensives Mittelfeld;Startaufstellung
986795;Griechenland;Panathinaikos Athen;Konstantinos Katsouranis;30;8000000.0;Defensives Mittelfeld;Startaufstellung
986795;Griechenland;Panathinaikos Athen;Loukas Vyntra;29;3000000.0;Rechtes Mittelfeld;Startaufstellung
986795;Griechenland;Olympiakos Piräus;Vasilios Torosidis;25;8000000.0;Linkes Mittelfeld;Startaufstellung
986795;Griechenland;Panathinaikos Athen;Georgios Karagounis;33;6000000.0;Offensives Mittelfeld;Startaufstellung
986795;Griechenland;Panathinaikos Athen;Dimitrios Salpingidis;28;6000000.0;Hängende Spitze;Startaufstellung
986795;Griechenland;Hertha BSC;Theofanis Gekas;30;3000000.0;Mittelstürmer;Startaufstellung
986795;Nigeria;Hapoel Tel Aviv;Vincent Enyeama;27;2000000.0;Torwart;Startaufstellung
986795;Nigeria;FC Everton;Joseph Yobo;29;9500000.0;Innenverteidiger;Startaufstellung
986795;Nigeria;Bolton Wanderers;Danny Shittu;29;1000000.0;Innenverteidiger;Startaufstellung
986795;Nigeria;Olympique Marseille;Taye Taiwo;25;10500000.0;Linker Verteidiger;Startaufstellung
986795;Nigeria;ZSKA Moskau;Chidi Odiah;26;2500000.0;Rechter Verteidiger;Startaufstellung
986795;Nigeria;AS Monaco;Sani Kaita;24;800000.0;Defensives Mittelfeld;Startaufstellung
986795;Nigeria;FC Fulham;Dickson Etuhu;28;3000000.0;Defensives Mittelfeld;Startaufstellung
986795;Nigeria;AS Monaco;Lukman Haruna;19;800000.0;Zentrales Mittelfeld;Startaufstellung
986795;Nigeria;UD Almería;Kalu Uche;27;4600000.0;Linksaußen;Startaufstellung
986795;Nigeria;Lokomotiv Moskau;Peter Odemwingie;28;7000000.0;Rechtsaußen;Startaufstellung
986795;Nigeria;FC Everton;Yakubu Aiyegbeni;27;16500000.0;Mittelstürmer;Startaufstellung
986795;Griechenland;PAOK Thessaloniki;Konstantinos Chalkias;36;2250000.0;Torwart;Reservebank
986795;Griechenland;Aris Thessaloniki;Michalis Sifakis;25;2500000.0;Torwart;Reservebank
986795;Griechenland;FC Bologna;Vangelis Moras;28;2000000.0;Innenverteidiger;Reservebank
986795;Griechenland;PAOK Thessaloniki;Stelios Malezas;25;2500000.0;Innenverteidiger;Reservebank
986795;Griechenland;Panathinaikos Athen;Nikolaos Spyropoulos;26;5000000.0;Linker Verteidiger;Reservebank
986795;Griechenland;Panathinaikos Athen;Georgios Seitaridis;29;3000000.0;Rechter Verteidiger;Reservebank
986795;Griechenland;Omonia Nikosia;Christos Patsatzoglou;31;1500000.0;Defensives Mittelfeld;Reservebank
986795;Griechenland;Aris Thessaloniki;Athanasios Prittas;31;800000.0;Zentrales Mittelfeld;Reservebank
986795;Griechenland;Panathinaikos Athen;Sotiris Ninis;20;7500000.0;Mittelstürmer;Reservebank
986795;Griechenland;Celtic Glasgow;Georgios Samaras;25;4250000.0;Linksaußen;Reservebank
986795;Griechenland;1.FC Nürnberg;Angelos Charisteas;30;1800000.0;Mittelstürmer;Reservebank
986795;Griechenland;Steaua Bukarest;Pantelis Kapetanos;27;2500000.0;Mittelstürmer;Reservebank
986795;Nigeria;Bnei Yehuda Tel Aviv;Dele Aiyenugba;26;850000.0;Torwart;Reservebank
986795;Nigeria;Hapoel Petah Tikva;Austin Ejide;26;250000.0;Torwart;Reservebank
986795;Nigeria;Sparta Rotterdam;Dele Adeleye;21;1000000.0;Innenverteidiger;Reservebank
986795;Nigeria;Red Bull Salzburg;Rabiu Afolabi;30;2800000.0;Linker Verteidiger;Reservebank
986795;Nigeria;Dynamo Kiew;Ayila Yussuf;25;3500000.0;Innenverteidiger;Reservebank
986795;Nigeria;FC Stade Rennes;Elderson;22;850000.0;Linker Verteidiger;Reservebank
986795;Nigeria;FC Portsmouth;John Utaka;28;3500000.0;Linksaußen;Reservebank
986795;Nigeria;TSG 1899 Hoffenheim;Chinedu Obasi;24;8000000.0;Rechtsaußen;Reservebank
986795;Nigeria;FC Málaga;Victor Obinna;23;4000000.0;Hängende Spitze;Reservebank
986795;Nigeria;VfL Wolfsburg;Obafemi Martins;25;10500000.0;Mittelstürmer;Reservebank
986795;Nigeria;FC Portsmouth;Nwankwo Kanu;33;1500000.0;Mittelstürmer;Reservebank
986795;Nigeria;FC Sochaux-Montbéliard;Brown Ideye;21;3500000.0;Mittelstürmer;Reservebank
