GameId;team;club;name;age;value;position;role
986777;Südafrika;Kaizer Chiefs;Itumeleng Khune;22;650000.0;Torwart;Startaufstellung
986777;Südafrika;FC Portsmouth;Aaron Mokoena;29;2000000.0;Innenverteidiger;Startaufstellung
986777;Südafrika;SuperSport United;Bongani Khumalo;23;650000.0;Innenverteidiger;Startaufstellung
986777;Südafrika;Maccabi Haifa;Tsepo Masilela;25;1000000.0;Linker Verteidiger;Startaufstellung
986777;Südafrika;Mamelodi Sundowns FC;Siboniso Gaxa;26;550000.0;Rechter Verteidiger;Startaufstellung
986777;Südafrika;Kaizer Chiefs;Reneilwe Letsholonyane;28;250000.0;Zentrales Mittelfeld;Startaufstellung
986777;Südafrika;FC Fulham;Kagisho Dikgacoi;25;1000000.0;Zentrales Mittelfeld;Startaufstellung
986777;Südafrika;Orlando Pirates;Teko Modise;27;625000.0;Rechtes Mittelfeld;Startaufstellung
986777;Südafrika;Kaizer Chiefs;Siphiwe Tshabalala;25;575000.0;Linkes Mittelfeld;Startaufstellung
986777;Südafrika;FC Everton;Steven Pienaar;28;8000000.0;Offensives Mittelfeld;Startaufstellung
986777;Südafrika;Mamelodi Sundowns FC;Katlego Mphela;25;725000.0;Mittelstürmer;Startaufstellung
986777;Uruguay;Lazio Rom;Fernando Muslera;24;7500000.0;Torwart;Startaufstellung
986777;Uruguay;Fenerbahce Istanbul;Diego Lugano;29;10500000.0;Innenverteidiger;Startaufstellung
986777;Uruguay;FC Villarreal;Diego Godín;24;12000000.0;Innenverteidiger;Startaufstellung
986777;Uruguay;FC Porto;Jorge Fucile;25;5200000.0;Linker Verteidiger;Startaufstellung
986777;Uruguay;Benfica Lissabon;Maxi Pereira;26;5200000.0;Rechter Verteidiger;Startaufstellung
986777;Uruguay;CA Peñarol;Egidio Arévalo Ríos;28;900000.0;Defensives Mittelfeld;Startaufstellung
986777;Uruguay;AS Monaco;Diego Pérez;30;2300000.0;Rechtes Mittelfeld;Startaufstellung
986777;Uruguay;FC Porto;Álvaro Pereira;24;4500000.0;Linkes Mittelfeld;Startaufstellung
986777;Uruguay;Atlético Madrid;Diego Forlán;31;22000000.0;Offensives Mittelfeld;Startaufstellung
986777;Uruguay;US Palermo;Edinson Cavani;23;11000000.0;Mittelstürmer;Startaufstellung
986777;Uruguay;Ajax Amsterdam;Luis Suárez;23;20000000.0;Mittelstürmer;Startaufstellung
986777;Südafrika;Orlando Pirates;Moeneeb Josephs;30;300000.0;Torwart;Reservebank
986777;Südafrika;Maritzburg United FC;Shu-Aib Walters;28;225000.0;Torwart;Reservebank
986777;Südafrika;Mamelodi Sundowns FC;Matthew Booth;33;525000.0;Innenverteidiger;Reservebank
986777;Südafrika;Lamontville Golden Arrows;Siyabonga Sangweni;28;225000.0;Innenverteidiger;Reservebank
986777;Südafrika;Orlando Pirates;Lucas Thwala;28;375000.0;Linker Verteidiger;Reservebank
986777;Südafrika;KRC Genk;Anele Ngcongca;22;1200000.0;Rechter Verteidiger;Reservebank
986777;Südafrika;Lamontville Golden Arrows;Thanduyise Khuboni;24;175000.0;Defensives Mittelfeld;Reservebank
986777;Südafrika;Rubin Kazan;MacBeth Sibaya;32;3000000.0;Defensives Mittelfeld;Reservebank
986777;Südafrika;Ajax Cape Town;Lance Davids;25;450000.0;Defensives Mittelfeld;Reservebank
986777;Südafrika;Mamelodi Sundowns FC;Surprise Moriri;30;275000.0;Offensives Mittelfeld;Reservebank
986777;Südafrika;FC Twente Enschede;Bernard Parker;24;1250000.0;Hängende Spitze;Reservebank
986777;Südafrika;Moroka Swallows;Siyabonga Nomvethe;32;275000.0;Mittelstürmer;Reservebank
986777;Uruguay;Deportivo Cali;Juan Castillo;32;750000.0;Torwart;Reservebank
986777;Uruguay;Defensor Sporting Club;Martín Silva;27;800000.0;Torwart;Reservebank
986777;Uruguay;Club Universidad de Chile;Mauricio Victorino;27;675000.0;Innenverteidiger;Reservebank
986777;Uruguay;CSD Colo Colo;Andrés Scotti;34;1200000.0;Innenverteidiger;Reservebank
986777;Uruguay;Juventus Turin;Martín Cáceres;23;7500000.0;Rechter Verteidiger;Reservebank
986777;Uruguay;SSC Neapel;Walter Gargano;25;7000000.0;Defensives Mittelfeld;Reservebank
986777;Uruguay;AIK Solna;Sebastián Eguren;29;5000000.0;Defensives Mittelfeld;Reservebank
986777;Uruguay;Club Universidad de Chile;Álvaro Fernández;24;625000.0;Linkes Mittelfeld;Reservebank
986777;Uruguay;Ajax Amsterdam;Nicolás Lodeiro;21;1250000.0;Offensives Mittelfeld;Reservebank
986777;Uruguay;APO Levadiakos;Ignacio González;28;600000.0;Offensives Mittelfeld;Reservebank
986777;Uruguay;Club Atlético Banfield;Sebastián Fernández;25;2500000.0;Mittelstürmer;Reservebank
986777;Uruguay;Botafogo Rio de Janeiro;Sebastián Abreu;33;1000000.0;Mittelstürmer;Reservebank
