GameId;team;club;name;age;value;position;role
986793;Honduras;CD Olimpia;Noel Valladares;33;1500000.0;Torwart;Startaufstellung
986793;Honduras;CD Platense;Osman Chávez;25;800000.0;Innenverteidiger;Startaufstellung
986793;Honduras;Wigan Athletic;Maynor Figueroa;27;5000000.0;Innenverteidiger;Startaufstellung
986793;Honduras;CD Motagua Tegucigalpa;Emilio Izaguirre;24;700000.0;Linker Verteidiger;Startaufstellung
986793;Honduras;CD Motagua Tegucigalpa;Sergio Mendoza;29;500000.0;Rechter Verteidiger;Startaufstellung
986793;Honduras;Tottenham Hotspur;Wilson Palacios;25;16000000.0;Defensives Mittelfeld;Startaufstellung
986793;Honduras;CD Motagua Tegucigalpa;Amado Guevara;34;800000.0;Zentrales Mittelfeld;Startaufstellung
986793;Honduras;AS Bari;Édgar Álvarez;30;2500000.0;Rechtes Mittelfeld;Startaufstellung
986793;Honduras;Kansas City Wizards;Róger Espinoza;23;600000.0;Linkes Mittelfeld;Startaufstellung
986793;Honduras;CD Cruz Azul;Ramón Núñez;24;850000.0;Offensives Mittelfeld;Startaufstellung
986793;Honduras;RCD España San Pedro Sula;Carlos Pavón;36;700000.0;Mittelstürmer;Startaufstellung
986793;Chile;Real Sociedad San Sebastián;Claudio Bravo;27;4000000.0;Torwart;Startaufstellung
986793;Chile;CD Universidad Católica;Waldo Ponce;27;1000000.0;Innenverteidiger;Startaufstellung
986793;Chile;Club Atlético Boca Juniors;Gary Medel;22;2500000.0;Innenverteidiger;Startaufstellung
986793;Chile;Udinese Calcio;Mauricio Isla;22;5000000.0;Rechter Verteidiger;Startaufstellung
986793;Chile;Reggina Calcio;Carlos Carmona;23;1750000.0;Defensives Mittelfeld;Startaufstellung
986793;Chile;Bayer 04 Leverkusen;Arturo Vidal;23;10000000.0;Zentrales Mittelfeld;Startaufstellung
986793;Chile;CSD Colo Colo;Rodrigo Millar;28;700000.0;Zentrales Mittelfeld;Startaufstellung
986793;Chile;Al-Ain FC;Jorge Valdivia;26;3000000.0;Offensives Mittelfeld;Startaufstellung
986793;Chile;Sporting Lissabon;Matías Fernández;24;7000000.0;Offensives Mittelfeld;Startaufstellung
986793;Chile;CF América;Jean Beausejour;26;2500000.0;Linksaußen;Startaufstellung
986793;Chile;Udinese Calcio;Alexis Sánchez;21;8000000.0;Rechtsaußen;Startaufstellung
986793;Honduras;CD Motagua Tegucigalpa;Ricardo Canales;28;350000.0;Torwart;Reservebank
986793;Honduras;CD Olimpia;Donis Escober;29;400000.0;Torwart;Reservebank
986793;Honduras;CD Olimpia;Johnny Palacios;23;600000.0;Innenverteidiger;Reservebank
986793;Honduras;RSC Anderlecht;Víctor Bernárdez;28;1000000.0;Innenverteidiger;Reservebank
986793;Honduras;Hangzhou Greentown;Mauricio Sabillón;31;1000000.0;Rechter Verteidiger;Reservebank
986793;Honduras;Wigan Athletic;Hendry Thomas;25;2500000.0;Defensives Mittelfeld;Reservebank
986793;Honduras;CD Olimpia;Danilo Turcios;32;850000.0;Defensives Mittelfeld;Reservebank
986793;Honduras;CD Olimpia;Boniek García;25;1000000.0;Rechtes Mittelfeld;Reservebank
986793;Honduras;CD Marathón;Wálter Martínez;28;800000.0;Mittelstürmer;Reservebank
986793;Honduras;FC Genua 1893;David Suazo;30;5000000.0;Mittelstürmer;Reservebank
986793;Honduras;CD Motagua Tegucigalpa;Georgie Welcome;25;650000.0;Mittelstürmer;Reservebank
986793;Chile;Club Universidad de Chile;Miguel Pinto;26;750000.0;Torwart;Reservebank
986793;Chile;Unión Española;Luis Marín;27;475000.0;Torwart;Reservebank
986793;Chile;CD Universidad Católica;Ismael Fuentes;28;800000.0;Innenverteidiger;Reservebank
986793;Chile;PAOK Thessaloniki;Pablo Contreras;31;5000000.0;Innenverteidiger;Reservebank
986793;Chile;West Bromwich Albion;Gonzalo Jara;24;1500000.0;Innenverteidiger;Reservebank
986793;Chile;Flamengo Rio de Janeiro;Gonzalo Fierro;27;1000000.0;Rechtes Mittelfeld;Reservebank
986793;Chile;Club Universidad de Chile;Marco Estrada;27;675000.0;Defensives Mittelfeld;Reservebank
986793;Chile;Besiktas Istanbul;Rodrigo Tello;30;6000000.0;Linkes Mittelfeld;Reservebank
986793;Chile;ZSKA Moskau;Mark González;25;5000000.0;Linksaußen;Reservebank
986793;Chile;Deportivo Xerez;Fabián Orellana;24;1200000.0;Rechtsaußen;Reservebank
986793;Chile;CSD Colo Colo;Esteban Paredes;29;1100000.0;Mittelstürmer;Reservebank
986793;Chile;Real Saragossa ;Humberto Suazo;29;10000000.0;Mittelstürmer;Reservebank
