GameId;team;club;name;age;value;position;role
986779;Frankreich;Olympique Lyon;Hugo Lloris;23;14000000.0;Torwart;Startaufstellung
986779;Frankreich;FC Arsenal;William Gallas;32;16000000.0;Innenverteidiger;Startaufstellung
986779;Frankreich;FC Sevilla;Sébastien Squillaci;29;8000000.0;Innenverteidiger;Startaufstellung
986779;Frankreich;FC Arsenal;Gaël Clichy;24;15000000.0;Linker Verteidiger;Startaufstellung
986779;Frankreich;FC Arsenal;Bacary Sagna;27;14500000.0;Rechter Verteidiger;Startaufstellung
986779;Frankreich;FC Girondins Bordeaux;Alou Diarra;28;14000000.0;Defensives Mittelfeld;Startaufstellung
986779;Frankreich;FC Arsenal;Abou Diaby;24;7500000.0;Zentrales Mittelfeld;Startaufstellung
986779;Frankreich;FC Girondins Bordeaux;Yoann Gourcuff;23;24000000.0;Offensives Mittelfeld;Startaufstellung
986779;Frankreich;FC Bayern München;Franck Ribéry;27;50000000.0;Linksaußen;Startaufstellung
986779;Frankreich;FC Toulouse;André-Pierre Gignac;24;15000000.0;Rechtsaußen;Startaufstellung
986779;Frankreich;Panathinaikos Athen;Djibril Cissé;28;12000000.0;Mittelstürmer;Startaufstellung
986779;Südafrika;Orlando Pirates;Moeneeb Josephs;30;300000.0;Torwart;Startaufstellung
986779;Südafrika;FC Portsmouth;Aaron Mokoena;29;2000000.0;Innenverteidiger;Startaufstellung
986779;Südafrika;SuperSport United;Bongani Khumalo;23;650000.0;Innenverteidiger;Startaufstellung
986779;Südafrika;Maccabi Haifa;Tsepo Masilela;25;1000000.0;Linker Verteidiger;Startaufstellung
986779;Südafrika;KRC Genk;Anele Ngcongca;22;1200000.0;Rechter Verteidiger;Startaufstellung
986779;Südafrika;Lamontville Golden Arrows;Thanduyise Khuboni;24;175000.0;Defensives Mittelfeld;Startaufstellung
986779;Südafrika;Rubin Kazan;MacBeth Sibaya;32;3000000.0;Defensives Mittelfeld;Startaufstellung
986779;Südafrika;FC Everton;Steven Pienaar;28;8000000.0;Rechtes Mittelfeld;Startaufstellung
986779;Südafrika;Kaizer Chiefs;Siphiwe Tshabalala;25;575000.0;Linkes Mittelfeld;Startaufstellung
986779;Südafrika;FC Twente Enschede;Bernard Parker;24;1250000.0;Hängende Spitze;Startaufstellung
986779;Südafrika;Mamelodi Sundowns FC;Katlego Mphela;25;725000.0;Mittelstürmer;Startaufstellung
986779;Frankreich;Olympique Marseille;Steve Mandanda;25;12000000.0;Torwart;Reservebank
986779;Frankreich;FC Girondins Bordeaux;Marc Planus;28;7000000.0;Innenverteidiger;Reservebank
986779;Frankreich;FC Barcelona;Éric Abidal;30;20000000.0;Linker Verteidiger;Reservebank
986779;Frankreich;Manchester United;Patrice Evra;29;27000000.0;Linker Verteidiger;Reservebank
986779;Frankreich;Olympique Lyon;Anthony Réveillère;30;6500000.0;Rechter Verteidiger;Reservebank
986779;Frankreich;FC Chelsea;Florent Malouda;30;18500000.0;Rechtsaußen;Reservebank
986779;Frankreich;Olympique Marseille;Mathieu Valbuena;25;4500000.0;Linksaußen;Reservebank
986779;Frankreich;Olympique Lyon;Sidney Govou;30;9500000.0;Rechtsaußen;Reservebank
986779;Frankreich;FC Barcelona;Thierry Henry;32;12000000.0;Mittelstürmer;Reservebank
986779;Südafrika;Maritzburg United FC;Shu-Aib Walters;28;225000.0;Torwart;Reservebank
986779;Südafrika;Mamelodi Sundowns FC;Matthew Booth;33;525000.0;Innenverteidiger;Reservebank
986779;Südafrika;Lamontville Golden Arrows;Siyabonga Sangweni;28;225000.0;Innenverteidiger;Reservebank
986779;Südafrika;Orlando Pirates;Lucas Thwala;28;375000.0;Linker Verteidiger;Reservebank
986779;Südafrika;Mamelodi Sundowns FC;Siboniso Gaxa;26;550000.0;Rechter Verteidiger;Reservebank
986779;Südafrika;Ajax Cape Town;Lance Davids;25;450000.0;Defensives Mittelfeld;Reservebank
986779;Südafrika;Kaizer Chiefs;Reneilwe Letsholonyane;28;250000.0;Zentrales Mittelfeld;Reservebank
986779;Südafrika;Orlando Pirates;Teko Modise;27;625000.0;Zentrales Mittelfeld;Reservebank
986779;Südafrika;Mamelodi Sundowns FC;Surprise Moriri;30;275000.0;Offensives Mittelfeld;Reservebank
986779;Südafrika;Moroka Swallows;Siyabonga Nomvethe;32;275000.0;Mittelstürmer;Reservebank
