GameId;team;club;name;age;value;position;role
986780;Mexiko;Jaguares de Chiapas;Óscar Pérez;37;1000000.0;Torwart;Startaufstellung
986780;Mexiko;AZ Alkmaar;Héctor Moreno;22;4000000.0;Innenverteidiger;Startaufstellung
986780;Mexiko;PSV Eindhoven;Maza;28;3500000.0;Innenverteidiger;Startaufstellung
986780;Mexiko;VfB Stuttgart;Ricardo Osorio;30;2000000.0;Innenverteidiger;Startaufstellung
986780;Mexiko;FC Barcelona;Rafael Márquez;31;9000000.0;Defensives Mittelfeld;Startaufstellung
986780;Mexiko;CD Cruz Azul;Gerardo Torrado;31;3000000.0;Rechtes Mittelfeld;Startaufstellung
986780;Mexiko;PSV Eindhoven;Carlos Salcido;30;4500000.0;Linkes Mittelfeld;Startaufstellung
986780;Mexiko;Deportivo La Coruna ;Andrés Guardado;23;12000000.0;Offensives Mittelfeld;Startaufstellung
986780;Mexiko;Tiburones Rojos de Veracruz;Cuauhtémoc Blanco;37;1000000.0;Linksaußen;Startaufstellung
986780;Mexiko;Galatasaray Istanbul;Giovani dos Santos;21;4000000.0;Rechtsaußen;Startaufstellung
986780;Mexiko;West Ham United;Guillermo Franco;33;3500000.0;Mittelstürmer;Startaufstellung
986780;Uruguay;Lazio Rom;Fernando Muslera;24;7500000.0;Torwart;Startaufstellung
986780;Uruguay;Fenerbahce Istanbul;Diego Lugano;29;10500000.0;Innenverteidiger;Startaufstellung
986780;Uruguay;Club Universidad de Chile;Mauricio Victorino;27;675000.0;Innenverteidiger;Startaufstellung
986780;Uruguay;FC Porto;Jorge Fucile;25;5200000.0;Linker Verteidiger;Startaufstellung
986780;Uruguay;Benfica Lissabon;Maxi Pereira;26;5200000.0;Rechter Verteidiger;Startaufstellung
986780;Uruguay;CA Peñarol;Egidio Arévalo Ríos;28;900000.0;Defensives Mittelfeld;Startaufstellung
986780;Uruguay;AS Monaco;Diego Pérez;30;2300000.0;Rechtes Mittelfeld;Startaufstellung
986780;Uruguay;FC Porto;Álvaro Pereira;24;4500000.0;Linkes Mittelfeld;Startaufstellung
986780;Uruguay;Atlético Madrid;Diego Forlán;31;22000000.0;Offensives Mittelfeld;Startaufstellung
986780;Uruguay;US Palermo;Edinson Cavani;23;11000000.0;Mittelstürmer;Startaufstellung
986780;Uruguay;Ajax Amsterdam;Luis Suárez;23;20000000.0;Mittelstürmer;Startaufstellung
986780;Mexiko;CF América;Guillermo Ochoa;24;8000000.0;Torwart;Reservebank
986780;Mexiko;Deportivo Guadalajara;Luis Michel;30;3000000.0;Torwart;Reservebank
986780;Mexiko;Deportivo Guadalajara;Jonny Magallón;28;2500000.0;Innenverteidiger;Reservebank
986780;Mexiko;Atlas Guadalajara;Jorge Torres;22;1500000.0;Linker Verteidiger;Reservebank
986780;Mexiko;CF Pachuca;Paul Aguilar;24;2000000.0;Rechter Verteidiger;Reservebank
986780;Mexiko;UNAM Pumas;Efraín Juárez;22;2500000.0;Rechter Verteidiger;Reservebank
986780;Mexiko;UNAM Pumas;Israel Castro;29;2750000.0;Defensives Mittelfeld;Reservebank
986780;Mexiko;Deportivo Guadalajara;Alberto Medina;27;2000000.0;Rechtsaußen;Reservebank
986780;Mexiko;FC Arsenal;Carlos Vela;21;5000000.0;Rechtsaußen;Reservebank
986780;Mexiko;UNAM Pumas;Pablo Barrera;23;3500000.0;Offensives Mittelfeld;Reservebank
986780;Mexiko;Deportivo Guadalajara;Adolfo Bautista;31;1800000.0;Hängende Spitze;Reservebank
986780;Mexiko;Deportivo Guadalajara;Chicharito;22;6000000.0;Linksaußen;Reservebank
986780;Uruguay;Deportivo Cali;Juan Castillo;32;750000.0;Torwart;Reservebank
986780;Uruguay;Defensor Sporting Club;Martín Silva;27;800000.0;Torwart;Reservebank
986780;Uruguay;FC Villarreal;Diego Godín;24;12000000.0;Innenverteidiger;Reservebank
986780;Uruguay;CSD Colo Colo;Andrés Scotti;34;1200000.0;Innenverteidiger;Reservebank
986780;Uruguay;Juventus Turin;Martín Cáceres;23;7500000.0;Rechter Verteidiger;Reservebank
986780;Uruguay;SSC Neapel;Walter Gargano;25;7000000.0;Defensives Mittelfeld;Reservebank
986780;Uruguay;AIK Solna;Sebastián Eguren;29;5000000.0;Defensives Mittelfeld;Reservebank
986780;Uruguay;Club Universidad de Chile;Álvaro Fernández;24;625000.0;Rechtes Mittelfeld;Reservebank
986780;Uruguay;Ajax Amsterdam;Nicolás Lodeiro;21;1250000.0;Offensives Mittelfeld;Reservebank
986780;Uruguay;APO Levadiakos;Ignacio González;28;600000.0;Offensives Mittelfeld;Reservebank
986780;Uruguay;Club Atlético Banfield;Sebastián Fernández;25;2500000.0;Hängende Spitze;Reservebank
986780;Uruguay;Botafogo Rio de Janeiro;Sebastián Abreu;33;1000000.0;Mittelstürmer;Reservebank
