GameId;team;club;name;age;value;position;role
986778;Frankreich;Olympique Lyon;Hugo Lloris;23;14000000.0;Torwart;Startaufstellung
986778;Frankreich;FC Arsenal;William Gallas;32;16000000.0;Innenverteidiger;Startaufstellung
986778;Frankreich;FC Barcelona;Éric Abidal;30;20000000.0;Innenverteidiger;Startaufstellung
986778;Frankreich;Manchester United;Patrice Evra;29;27000000.0;Linker Verteidiger;Startaufstellung
986778;Frankreich;FC Arsenal;Bacary Sagna;27;14500000.0;Rechter Verteidiger;Startaufstellung
986778;Frankreich;Olympique Lyon;Jérémy Toulalan;26;22000000.0;Defensives Mittelfeld;Startaufstellung
986778;Frankreich;FC Arsenal;Abou Diaby;24;7500000.0;Zentrales Mittelfeld;Startaufstellung
986778;Frankreich;FC Bayern München;Franck Ribéry;27;50000000.0;Offensives Mittelfeld;Startaufstellung
986778;Frankreich;FC Chelsea;Florent Malouda;30;18500000.0;Linksaußen;Startaufstellung
986778;Frankreich;Olympique Lyon;Sidney Govou;30;9500000.0;Rechtsaußen;Startaufstellung
986778;Frankreich;FC Chelsea;Nicolas Anelka;31;30000000.0;Mittelstürmer;Startaufstellung
986778;Mexiko;Jaguares de Chiapas;Óscar Pérez;37;1000000.0;Torwart;Startaufstellung
986778;Mexiko;AZ Alkmaar;Héctor Moreno;22;4000000.0;Innenverteidiger;Startaufstellung
986778;Mexiko;PSV Eindhoven;Maza;28;3500000.0;Innenverteidiger;Startaufstellung
986778;Mexiko;PSV Eindhoven;Carlos Salcido;30;4500000.0;Linker Verteidiger;Startaufstellung
986778;Mexiko;VfB Stuttgart;Ricardo Osorio;30;2000000.0;Rechter Verteidiger;Startaufstellung
986778;Mexiko;FC Barcelona;Rafael Márquez;31;9000000.0;Defensives Mittelfeld;Startaufstellung
986778;Mexiko;UNAM Pumas;Efraín Juárez;22;2500000.0;Zentrales Mittelfeld;Startaufstellung
986778;Mexiko;CD Cruz Azul;Gerardo Torrado;31;3000000.0;Zentrales Mittelfeld;Startaufstellung
986778;Mexiko;FC Arsenal;Carlos Vela;21;5000000.0;Linksaußen;Startaufstellung
986778;Mexiko;Galatasaray Istanbul;Giovani dos Santos;21;4000000.0;Rechtsaußen;Startaufstellung
986778;Mexiko;West Ham United;Guillermo Franco;33;3500000.0;Mittelstürmer;Startaufstellung
986778;Frankreich;Olympique Marseille;Steve Mandanda;25;12000000.0;Torwart;Reservebank
986778;Frankreich;FC Girondins Bordeaux;Marc Planus;28;7000000.0;Innenverteidiger;Reservebank
986778;Frankreich;FC Sevilla;Sébastien Squillaci;29;8000000.0;Innenverteidiger;Reservebank
986778;Frankreich;FC Arsenal;Gaël Clichy;24;15000000.0;Linker Verteidiger;Reservebank
986778;Frankreich;Olympique Lyon;Anthony Réveillère;30;6500000.0;Rechter Verteidiger;Reservebank
986778;Frankreich;FC Girondins Bordeaux;Alou Diarra;28;14000000.0;Defensives Mittelfeld;Reservebank
986778;Frankreich;FC Girondins Bordeaux;Yoann Gourcuff;23;24000000.0;Offensives Mittelfeld;Reservebank
986778;Frankreich;Olympique Marseille;Mathieu Valbuena;25;4500000.0;Rechtsaußen;Reservebank
986778;Frankreich;FC Barcelona;Thierry Henry;32;12000000.0;Mittelstürmer;Reservebank
986778;Frankreich;Panathinaikos Athen;Djibril Cissé;28;12000000.0;Mittelstürmer;Reservebank
986778;Frankreich;FC Toulouse;André-Pierre Gignac;24;15000000.0;Mittelstürmer;Reservebank
986778;Mexiko;CF América;Guillermo Ochoa;24;8000000.0;Torwart;Reservebank
986778;Mexiko;Deportivo Guadalajara;Luis Michel;30;3000000.0;Torwart;Reservebank
986778;Mexiko;Deportivo Guadalajara;Jonny Magallón;28;2500000.0;Innenverteidiger;Reservebank
986778;Mexiko;Atlas Guadalajara;Jorge Torres;22;1500000.0;Linker Verteidiger;Reservebank
986778;Mexiko;CF Pachuca;Paul Aguilar;24;2000000.0;Rechter Verteidiger;Reservebank
986778;Mexiko;Deportivo La Coruna ;Andrés Guardado;23;12000000.0;Defensives Mittelfeld;Reservebank
986778;Mexiko;UNAM Pumas;Israel Castro;29;2750000.0;Zentrales Mittelfeld;Reservebank
986778;Mexiko;Deportivo Guadalajara;Alberto Medina;27;2000000.0;Rechtsaußen;Reservebank
986778;Mexiko;UNAM Pumas;Pablo Barrera;22;3500000.0;Linksaußen;Reservebank
986778;Mexiko;Tiburones Rojos de Veracruz;Cuauhtémoc Blanco;37;1000000.0;Mittelstürmer;Reservebank
986778;Mexiko;Deportivo Guadalajara;Adolfo Bautista;31;1800000.0;Hängende Spitze;Reservebank
986778;Mexiko;Deportivo Guadalajara;Chicharito;22;6000000.0;Mittelstürmer;Reservebank
