GameId;team;club;name;age;value;position;role
986784;Algerien;ES Sétif;Fawzi Chaouchi;25;350000.0;Torwart;Startaufstellung
986784;Algerien;VfL Bochum;Anthar Yahia;28;3500000.0;Innenverteidiger;Startaufstellung
986784;Algerien;Glasgow Rangers;Madjid Bougherra;27;7000000.0;Innenverteidiger;Startaufstellung
986784;Algerien;CD Nacional;Rafik Halliche;23;1500000.0;Innenverteidiger;Startaufstellung
986784;Algerien;Racing Santander;Mehdi Lacen;26;3200000.0;Zentrales Mittelfeld;Startaufstellung
986784;Algerien;FC Portsmouth;Hassan Yebda;26;4500000.0;Zentrales Mittelfeld;Startaufstellung
986784;Algerien;Valenciennes FC ;Foued Kadir;26;600000.0;Rechtes Mittelfeld;Startaufstellung
986784;Algerien;FC Portsmouth;Nadir Belhadj;27;5500000.0;Linkes Mittelfeld;Startaufstellung
986784;Algerien;VfL Wolfsburg;Karim Ziani;27;5500000.0;Linksaußen;Startaufstellung
986784;Algerien;Borussia Mönchengladbach;Karim Matmour;24;2500000.0;Rechtsaußen;Startaufstellung
986784;Algerien;AEK Athen;Rafik Djebbour;26;2750000.0;Mittelstürmer;Startaufstellung
986784;Slowenien;Udinese Calcio;Samir Handanovic;25;9500000.0;Torwart;Startaufstellung
986784;Slowenien;Grenoble Foot 38;Bostjan Cesar;27;1600000.0;Innenverteidiger;Startaufstellung
986784;Slowenien;KAA Gent;Marko Suler;27;2000000.0;Innenverteidiger;Startaufstellung
986784;Slowenien;Chievo Verona;Bojan Jokic;24;1000000.0;Linker Verteidiger;Startaufstellung
986784;Slowenien;1.FC Köln;Miso Brecko;26;2000000.0;Rechter Verteidiger;Startaufstellung
986784;Slowenien;AE Larisa;Aleksandar Radosavljevic;31;1250000.0;Defensives Mittelfeld;Startaufstellung
986784;Slowenien;West Bromwich Albion;Robert Koren;29;3200000.0;Zentrales Mittelfeld;Startaufstellung
986784;Slowenien;AJ Auxerre;Valter Birsa;23;2400000.0;Linksaußen;Startaufstellung
986784;Slowenien;Wisla Krakau;Andraz Kirm;25;2000000.0;Rechtsaußen;Startaufstellung
986784;Slowenien;1.FC Köln;Milivoje Novakovic;31;4500000.0;Mittelstürmer;Startaufstellung
986784;Slowenien;VfL Bochum;Zlatko Dedic;25;1500000.0;Mittelstürmer;Startaufstellung
986784;Algerien;ASO Chlef;Lounès Gaouaoui;32;300000.0;Torwart;Reservebank
986784;Algerien;Slavia Sofia;Raïs M'Bolhi;24;600000.0;Torwart;Reservebank
986784;Algerien;US Boulogne;Habib Bellaid;24;1300000.0;Innenverteidiger;Reservebank
986784;Algerien;ES Sétif;Abdelkader Laïfaoui;28;350000.0;Innenverteidiger;Reservebank
986784;Algerien;AC Ajaccio;Carl Medjani;25;800000.0;Innenverteidiger;Reservebank
986784;Algerien;US Lecce;Djamel Mesbah;25;500000.0;Linker Verteidiger;Reservebank
986784;Algerien;FC Lorient;Yazid Mansouri;32;1700000.0;Zentrales Mittelfeld;Reservebank
986784;Algerien;RSC Charleroi;Adlène Guédioura;24;500000.0;Rechtes Mittelfeld;Reservebank
986784;Algerien;FC Sochaux-Montbéliard;Ryad Boudebouz;20;1800000.0;Offensives Mittelfeld;Reservebank
986784;Algerien;FC Nantes;Djamel Abdoun;24;1500000.0;Rechtsaußen;Reservebank
986784;Algerien;AC Siena;Abdelkader Ghezzal;25;2500000.0;Rechtsaußen;Reservebank
986784;Algerien;FC Istres Ouest Provence ;Rafik Saïfi;35;500000.0;Mittelstürmer;Reservebank
986784;Slowenien;AC Mantova 1911;Jasmin Handanovic;32;1200000.0;Torwart;Reservebank
986784;Slowenien;Sparta Rotterdam;Aleksander Seliga;30;650000.0;Torwart;Reservebank
986784;Slowenien;NK Maribor;Elvedin Dzinic;24;500000.0;Innenverteidiger;Reservebank
986784;Slowenien;TuS Koblenz;Matej Mavric;31;750000.0;Innenverteidiger;Reservebank
986784;Slowenien;NK Maribor;Suad Filekovic;31;300000.0;Linker Verteidiger;Reservebank
986784;Slowenien;Lokomotiv Moskau;Branko Ilic;27;700000.0;Rechter Verteidiger;Reservebank
986784;Slowenien;FC Internazionale;Rene Krhin;20;1500000.0;Defensives Mittelfeld;Reservebank
986784;Slowenien;Maccabi Tel Aviv;Andrej Komac;30;650000.0;Zentrales Mittelfeld;Reservebank
986784;Slowenien;Vitesse Arnheim;Dalibor Stevanovic;25;1250000.0;Zentrales Mittelfeld;Reservebank
986784;Slowenien;CD Nacional;Nejc Pecnik;24;1800000.0;Linksaußen;Reservebank
986784;Slowenien;KAA Gent;Zlatan Ljubijankic;26;2000000.0;Mittelstürmer;Reservebank
986784;Slowenien;FC Groningen;Tim Matavz;21;1250000.0;Mittelstürmer;Reservebank
