GameId;team;club;name;age;value;position;role
986781;Argentinien;AZ Alkmaar;Sergio Romero;23;6000000.0;Torwart;Startaufstellung
986781;Argentinien;FC Internazionale;Wálter Samuel;32;15000000.0;Innenverteidiger;Startaufstellung
986781;Argentinien;FC Bayern München;Martín Demichelis;29;10000000.0;Innenverteidiger;Startaufstellung
986781;Argentinien;Olympique Marseille;Gabriel Heinze;32;6000000.0;Linker Verteidiger;Startaufstellung
986781;Argentinien;Newcastle United;Jonás Gutiérrez;26;8000000.0;Rechter Verteidiger;Startaufstellung
986781;Argentinien;FC Liverpool;Javier Mascherano;26;26000000.0;Defensives Mittelfeld;Startaufstellung
986781;Argentinien;Estudiantes de La Plata;Juan Sebastián Verón;35;3500000.0;Rechtes Mittelfeld;Startaufstellung
986781;Argentinien;Benfica Lissabon;Ángel Di María;22;9500000.0;Linkes Mittelfeld;Startaufstellung
986781;Argentinien;FC Barcelona;Lionel Messi;22;80000000.0;Offensives Mittelfeld;Startaufstellung
986781;Argentinien;Manchester City;Carlos Tévez;26;30000000.0;Mittelstürmer;Startaufstellung
986781;Argentinien;Real Madrid;Gonzalo Higuaín;22;32000000.0;Mittelstürmer;Startaufstellung
986781;Nigeria;Hapoel Tel Aviv;Vincent Enyeama;27;2000000.0;Torwart;Startaufstellung
986781;Nigeria;FC Everton;Joseph Yobo;29;9500000.0;Innenverteidiger;Startaufstellung
986781;Nigeria;Bolton Wanderers;Danny Shittu;29;1000000.0;Innenverteidiger;Startaufstellung
986781;Nigeria;Olympique Marseille;Taye Taiwo;25;10500000.0;Linker Verteidiger;Startaufstellung
986781;Nigeria;ZSKA Moskau;Chidi Odiah;26;2500000.0;Rechter Verteidiger;Startaufstellung
986781;Nigeria;AS Monaco;Sani Kaita;24;800000.0;Defensives Mittelfeld;Startaufstellung
986781;Nigeria;FC Fulham;Dickson Etuhu;28;3000000.0;Defensives Mittelfeld;Startaufstellung
986781;Nigeria;AS Monaco;Lukman Haruna;19;800000.0;Offensives Mittelfeld;Startaufstellung
986781;Nigeria;TSG 1899 Hoffenheim;Chinedu Obasi;24;8000000.0;Linksaußen;Startaufstellung
986781;Nigeria;FC Málaga;Victor Obinna;23;4000000.0;Rechtsaußen;Startaufstellung
986781;Nigeria;FC Everton;Yakubu Aiyegbeni;27;16500000.0;Mittelstürmer;Startaufstellung
986781;Argentinien;Club Atlético Colón (Santa Fe);Diego Pozo;32;1600000.0;Torwart;Reservebank
986781;Argentinien;Catania Calcio;Mariano Andújar;26;4000000.0;Torwart;Reservebank
986781;Argentinien;AS Rom;Nicolás Burdisso;29;7000000.0;Innenverteidiger;Reservebank
986781;Argentinien;Club Atlético Colón (Santa Fe);Ariel Garcé;30;1200000.0;Innenverteidiger;Reservebank
986781;Argentinien;Club Atlético Vélez Sarsfield;Nicolás Otamendi;22;5000000.0;Innenverteidiger;Reservebank
986781;Argentinien;Estudiantes de La Plata;Clemente Rodríguez;28;3500000.0;Linker Verteidiger;Reservebank
986781;Argentinien;AC Florenz;Mario Bolatti;25;5000000.0;Defensives Mittelfeld;Reservebank
986781;Argentinien;US Palermo;Javier Pastore;20;8500000.0;Offensives Mittelfeld;Reservebank
986781;Argentinien;FC Liverpool;Maxi Rodríguez;29;18000000.0;Offensives Mittelfeld;Reservebank
986781;Argentinien;Club Atlético Boca Juniors;Martín Palermo;36;3500000.0;Mittelstürmer;Reservebank
986781;Argentinien;Atlético Madrid;Sergio Agüero;22;36000000.0;Mittelstürmer;Reservebank
986781;Argentinien;FC Internazionale;Diego Milito;31;28000000.0;Mittelstürmer;Reservebank
986781;Nigeria;Bnei Yehuda Tel Aviv;Dele Aiyenugba;26;850000.0;Torwart;Reservebank
986781;Nigeria;Hapoel Petah Tikva;Austin Ejide;26;250000.0;Torwart;Reservebank
986781;Nigeria;Sparta Rotterdam;Dele Adeleye;21;1000000.0;Innenverteidiger;Reservebank
986781;Nigeria;Red Bull Salzburg;Rabiu Afolabi;30;2800000.0;Innenverteidiger;Reservebank
986781;Nigeria;Dynamo Kiew;Ayila Yussuf;25;3500000.0;Innenverteidiger;Reservebank
986781;Nigeria;FC Stade Rennes;Elderson;22;850000.0;Linker Verteidiger;Reservebank
986781;Nigeria;FC Portsmouth;John Utaka;28;3500000.0;Linksaußen;Reservebank
986781;Nigeria;Lokomotiv Moskau;Peter Odemwingie;28;7000000.0;Linksaußen;Reservebank
986781;Nigeria;VfL Wolfsburg;Obafemi Martins;25;10500000.0;Rechtsaußen;Reservebank
986781;Nigeria;FC Portsmouth;Nwankwo Kanu;33;1500000.0;Mittelstürmer;Reservebank
986781;Nigeria;FC Sochaux-Montbéliard;Brown Ideye;21;3500000.0;Mittelstürmer;Reservebank
986781;Nigeria;UD Almería;Kalu Uche;27;4600000.0;Mittelstürmer;Reservebank
