GameId;team;club;name;age;value;position;role
986786;Serbien;Wigan Athletic;Vladimir Stojkovic;26;1000000.0;Torwart;Startaufstellung
986786;Serbien;Udinese Calcio;Aleksandar Lukovic;27;3800000.0;Innenverteidiger;Startaufstellung
986786;Serbien;Manchester United;Nemanja Vidic‎;28;35000000.0;Innenverteidiger;Startaufstellung
986786;Serbien;Lazio Rom;Aleksandar Kolarov;24;9000000.0;Linker Verteidiger;Startaufstellung
986786;Serbien;FC Chelsea;Branislav Ivanovic;26;16000000.0;Rechter Verteidiger;Startaufstellung
986786;Serbien;FC Internazionale;Dejan Stanković;31;16000000.0;Zentrales Mittelfeld;Startaufstellung
986786;Serbien;Wolverhampton Wanderers;Nenad Milijas;27;4500000.0;Zentrales Mittelfeld;Startaufstellung
986786;Serbien;Standard Lüttich;Milan Jovanovic;29;8500000.0;Linksaußen;Startaufstellung
986786;Serbien;ZSKA Moskau;Milos Krasic;25;18000000.0;Rechtsaußen;Startaufstellung
986786;Serbien;Ajax Amsterdam;Marko Pantelic;31;7000000.0;Mittelstürmer;Startaufstellung
986786;Serbien;FC Valencia;Nikola Zigic;29;8000000.0;Mittelstürmer;Startaufstellung
986786;Ghana;Wigan Athletic;Richard Kingson;32;500000.0;Torwart;Startaufstellung
986786;Ghana;AFC Sunderland;John Mensah;27;5000000.0;Innenverteidiger;Startaufstellung
986786;Ghana;TSG 1899 Hoffenheim;Isaac Vorsah;21;3500000.0;Innenverteidiger;Startaufstellung
986786;Ghana;Bayer 04 Leverkusen;Hans Sarpei;33;500000.0;Linker Verteidiger;Startaufstellung
986786;Ghana;FC Fulham;John Paintsil;28;4000000.0;Rechter Verteidiger;Startaufstellung
986786;Ghana;Rosenborg BK;Anthony Annan;23;1750000.0;Defensives Mittelfeld;Startaufstellung
986786;Ghana;FC Portsmouth;Kevin-Prince Boateng;23;4000000.0;Zentrales Mittelfeld;Startaufstellung
986786;Ghana;Udinese Calcio;Kwadwo Asamoah;21;5500000.0;Zentrales Mittelfeld;Startaufstellung
986786;Ghana;Athlétic Club Arlésien;André Ayew;20;1000000.0;Linksaußen;Startaufstellung
986786;Ghana;TSG 1899 Hoffenheim;Prince Tagoe;23;1000000.0;Rechtsaußen;Startaufstellung
986786;Ghana;FC Stade Rennes;Asamoah Gyan;24;6200000.0;Mittelstürmer;Startaufstellung
986786;Serbien;Zaglebie Lubin;Bojan Isailovic;30;900000.0;Torwart;Reservebank
986786;Serbien;União Leiria;Andjelko Djuricic;29;750000.0;Torwart;Reservebank
986786;Serbien;Borussia Dortmund;Neven Subotic;21;15000000.0;Innenverteidiger;Reservebank
986786;Serbien;Real Saragossa ;Ivan Obradovic;21;3000000.0;Linker Verteidiger;Reservebank
986786;Serbien;TSV 1860 München;Antonio Rukavina;26;1500000.0;Rechter Verteidiger;Reservebank
986786;Serbien;Hertha BSC;Gojko Kacar;23;8500000.0;Defensives Mittelfeld;Reservebank
986786;Serbien;FK Partizan Belgrad;Radosav Petrovic;21;2250000.0;Defensives Mittelfeld;Reservebank
986786;Serbien;VfB Stuttgart;Zdravko Kuzmanović;22;9000000.0;Zentrales Mittelfeld;Reservebank
986786;Serbien;Dynamo Kiew;Milos Ninkovic;25;5500000.0;Offensives Mittelfeld;Reservebank
986786;Serbien;1.FC Köln;Zoran Tosic;23;5500000.0;Rechtsaußen;Reservebank
986786;Serbien;Zenit St. Petersburg;Danko Lazovic;27;7000000.0;Mittelstürmer;Reservebank
986786;Serbien;FK Vojvodina Novi Sad;Dragan Mrdja;26;2750000.0;Mittelstürmer;Reservebank
986786;Ghana;Liberty Professionals Accra;Daniel Agyei;20;200000.0;Torwart;Reservebank
986786;Ghana;;Stephen Ahorlu;21;150000.0;Torwart;Reservebank
986786;Ghana;Berekum Chelsea FC;Lee Addy;19;200000.0;Innenverteidiger;Reservebank
986786;Ghana;FC Granada;Jonathan Mensah;19;300000.0;Innenverteidiger;Reservebank
986786;Ghana;Zamalek SC;Ibrahim Ayew;22;400000.0;Rechter Verteidiger;Reservebank
986786;Ghana;FC Basel 1893;Samuel Inkoom;21;1500000.0;Rechter Verteidiger;Reservebank
986786;Ghana;FC Getafe;Derek Boateng;27;3400000.0;Defensives Mittelfeld;Reservebank
986786;Ghana;FC Internazionale;Sulley Muntari;25;13000000.0;Zentrales Mittelfeld;Reservebank
986786;Ghana;FC Bologna;Stephen Appiah;29;2000000.0;Zentrales Mittelfeld;Reservebank
986786;Ghana;Al Sadd Sports Club;Quincy Owusu-Abeyie;24;1000000.0;Rechtsaußen;Reservebank
986786;Ghana;AC Mailand;Dominic Adiyiah;20;1000000.0;Rechtsaußen;Reservebank
986786;Ghana;NAC Breda;Matthew Amoah;29;2500000.0;Mittelstürmer;Reservebank
