GameId;team;club;name;age;value;position;role
986788;Japan;Kawasaki Frontale;Eiji Kawashima;27;2500000.0;Torwart;Startaufstellung
986788;Japan;Nagoya Grampus;Tulio;29;5800000.0;Innenverteidiger;Startaufstellung
986788;Japan;Yokohama F. Marinos;Yuji Nakazawa;32;3500000.0;Innenverteidiger;Startaufstellung
986788;Japan;FC Tokyo;Yuto Nagatomo;23;2600000.0;Linker Verteidiger;Startaufstellung
986788;Japan;Júbilo Iwata;Yuichi Komano;28;1500000.0;Rechter Verteidiger;Startaufstellung
986788;Japan;Urawa Red Diamonds;Yuki Abe;28;2300000.0;Defensives Mittelfeld;Startaufstellung
986788;Japan;VfL Wolfsburg;Makoto Hasebe;26;4500000.0;Zentrales Mittelfeld;Startaufstellung
986788;Japan;Gamba Osaka;Yasuhito Endo;30;6500000.0;Zentrales Mittelfeld;Startaufstellung
986788;Japan;Vissel Kobe;Yoshito Okubo;28;2000000.0;Linksaußen;Startaufstellung
986788;Japan;Grenoble Foot 38;Daisuke Matsui;29;2200000.0;Rechtsaußen;Startaufstellung
986788;Japan;ZSKA Moskau;Keisuke Honda;24;6000000.0;Mittelstürmer;Startaufstellung
986788;Kamerun;Kayserispor;Souleymanou Hamidou;36;700000.0;Torwart;Startaufstellung
986788;Kamerun;Tottenham Hotspur;Sébastien Bassong;23;8500000.0;Innenverteidiger;Startaufstellung
986788;Kamerun;AS Monaco;Nicolas N'Koulou;20;4000000.0;Innenverteidiger;Startaufstellung
986788;Kamerun;Tottenham Hotspur;Benoît Assou-Ekotto;26;7000000.0;Linker Verteidiger;Startaufstellung
986788;Kamerun;Olympique Marseille;Stéphane Mbia;24;11000000.0;Rechter Verteidiger;Startaufstellung
986788;Kamerun;FC Schalke 04;Joel Matip;18;3000000.0;Defensives Mittelfeld;Startaufstellung
986788;Kamerun;Ajax Amsterdam;Eyong Enoh;24;3250000.0;Zentrales Mittelfeld;Startaufstellung
986788;Kamerun;Olympique Lyon;Jean II Makoun;27;12500000.0;Zentrales Mittelfeld;Startaufstellung
986788;Kamerun;1.FC Nürnberg;Eric Maxim Choupo-Moting;21;1000000.0;Linksaußen;Startaufstellung
986788;Kamerun;FC Internazionale;Samuel Eto'o;29;40000000.0;Rechtsaußen;Startaufstellung
986788;Kamerun;RCD Mallorca;Pierre Webó;28;3400000.0;Mittelstürmer;Startaufstellung
986788;Japan;Nagoya Grampus;Seigo Narazaki;34;2600000.0;Torwart;Reservebank
986788;Japan;Júbilo Iwata;Yoshikatsu Kawaguchi;34;1000000.0;Torwart;Reservebank
986788;Japan;Kashima Antlers;Daiki Iwamasa;28;1700000.0;Innenverteidiger;Reservebank
986788;Japan;Kashima Antlers;Atsuto Uchida;22;5000000.0;Rechter Verteidiger;Reservebank
986788;Japan;Albirex Niigata;Kisho Yano;26;1300000.0;Rechtsaußen;Reservebank
986788;Japan;FC Tokyo;Yasuyuki Konno;27;1700000.0;Defensives Mittelfeld;Reservebank
986788;Japan;Kawasaki Frontale;Junichi Inamoto;30;1500000.0;Defensives Mittelfeld;Reservebank
986788;Japan;Yokohama F. Marinos;Shunsuke Nakamura;31;6000000.0;Offensives Mittelfeld;Reservebank
986788;Japan;Kawasaki Frontale;Kengo Nakamura;29;4000000.0;Offensives Mittelfeld;Reservebank
986788;Japan;Nagoya Grampus;Keiji Tamada;30;1900000.0;Hängende Spitze;Reservebank
986788;Japan;Shimizu S-Pulse;Shinji Okazaki;24;2900000.0;Linksaußen;Reservebank
986788;Japan;Catania Calcio;Takayuki Morimoto;22;4000000.0;Mittelstürmer;Reservebank
986788;Kamerun;Espanyol Barcelona;Carlos Kameni;26;10000000.0;Torwart;Reservebank
986788;Kamerun;Valenciennes FC ;Guy Ndy Assembé;24;1300000.0;Torwart;Reservebank
986788;Kamerun;Trabzonspor;Rigobert Song;33;3500000.0;Innenverteidiger;Reservebank
986788;Kamerun;LOSC Lille;Aurélien Chedjou;24;2500000.0;Innenverteidiger;Reservebank
986788;Kamerun;Valenciennes FC ;Gaëtan Bong;22;1300000.0;Linker Verteidiger;Reservebank
986788;Kamerun;MKE Ankaragücü;Njitap Geremi;31;2500000.0;Zentrales Mittelfeld;Reservebank
986788;Kamerun;FC Arsenal;Alex Song;22;13000000.0;Defensives Mittelfeld;Reservebank
986788;Kamerun;Celtic Glasgow;Landry N'Guemo;24;5000000.0;Defensives Mittelfeld;Reservebank
986788;Kamerun;1.FC Kaiserslautern;Georges Mandjeck;21;2000000.0;Defensives Mittelfeld;Reservebank
986788;Kamerun;Real Betis Sevilla;Achille Emaná;28;8000000.0;Offensives Mittelfeld;Reservebank
986788;Kamerun;SC Freiburg;Mohamadou Idrissou;30;2500000.0;Linksaußen;Reservebank
986788;Kamerun;;Vincent Aboubakar;18;200000.0;Mittelstürmer;Reservebank
