GameId;team;club;name;age;value;position;role
986790;Neuseeland;Wellington Phoenix;Mark Paston;33;500000.0;Torwart;Startaufstellung
986790;Neuseeland;Ipswich Town;Tommy Smith;20;300000.0;Innenverteidiger;Startaufstellung
986790;Neuseeland;FC Midtjylland;Winston Reid;21;1250000.0;Innenverteidiger;Startaufstellung
986790;Neuseeland;Blackburn Rovers;Ryan Nelsen;32;3500000.0;Innenverteidiger;Startaufstellung
986790;Neuseeland;Auckland City FC;Ivan Vicelich;33;500000.0;Defensives Mittelfeld;Startaufstellung
986790;Neuseeland;Vereinslos;Simon Elliott;36;250000.0;Defensives Mittelfeld;Startaufstellung
986790;Neuseeland;Wellington Phoenix;Leo Bertos;28;450000.0;Rechtes Mittelfeld;Startaufstellung
986790;Neuseeland;Wellington Phoenix;Tony Lochhead;28;450000.0;Linkes Mittelfeld;Startaufstellung
986790;Neuseeland;FC Middlesbrough;Chris Killen;28;1000000.0;Linksaußen;Startaufstellung
986790;Neuseeland;Plymouth Argyle;Rory Fallon;28;1500000.0;Rechtsaußen;Startaufstellung
986790;Neuseeland;Gold Coast United;Shane Smeltz;28;800000.0;Mittelstürmer;Startaufstellung
986790;Slowakei;Legia Warschau;Ján Mucha;27;3200000.0;Torwart;Startaufstellung
986790;Slowakei;Hannover 96;Jan Durica;28;1500000.0;Innenverteidiger;Startaufstellung
986790;Slowakei;FC Liverpool;Martin Skrtel;25;13500000.0;Innenverteidiger;Startaufstellung
986790;Slowakei;West Bromwich Albion;Marek Cech;27;2200000.0;Linker Verteidiger;Startaufstellung
986790;Slowakei;1.FSV Mainz 05;Radoslav Zabavník;29;1500000.0;Rechter Verteidiger;Startaufstellung
986790;Slowakei;Skoda Xanthi;Zdeno Strba;34;500000.0;Defensives Mittelfeld;Startaufstellung
986790;Slowakei;SSC Neapel;Marek Hamsik;22;24000000.0;Offensives Mittelfeld;Startaufstellung
986790;Slowakei;1.FC Kaiserslautern;Erik Jendrisek;23;2500000.0;Linksaußen;Startaufstellung
986790;Slowakei;Manchester City;Vladimír Weiss;20;1500000.0;Rechtsaußen;Startaufstellung
986790;Slowakei;MKE Ankaragücü;Róbert Vittek;28;2300000.0;Mittelstürmer;Startaufstellung
986790;Slowakei;VfL Bochum;Stanislav Sestak;27;4500000.0;Mittelstürmer;Startaufstellung
986790;Neuseeland;Melbourne Victory;Glen Moss;27;250000.0;Torwart;Reservebank
986790;Neuseeland;Team Wellington;James Bannatyne;34;100000.0;Torwart;Reservebank
986790;Neuseeland;New York Red Bulls;Andrew Boyens;26;200000.0;Innenverteidiger;Reservebank
986790;Neuseeland;Wellington Phoenix;Benjamin Sigmund;29;250000.0;Innenverteidiger;Reservebank
986790;Neuseeland;Canterbury United;Aaron Clapham;23;75000.0;Defensives Mittelfeld;Reservebank
986790;Neuseeland;Wellington Phoenix;David Mulligan;28;150000.0;Defensives Mittelfeld;Reservebank
986790;Neuseeland;Wellington Phoenix;Tim Brown;29;500000.0;Zentrales Mittelfeld;Reservebank
986790;Neuseeland;Team Wellington;Andrew Barron;29;100000.0;Zentrales Mittelfeld;Reservebank
986790;Neuseeland;Tampa Bay Rowdies;Jeremy Christie;27;200000.0;Zentrales Mittelfeld;Reservebank
986790;Neuseeland;Central Coast Mariners;Michael McGlinchey;23;400000.0;Linksaußen;Reservebank
986790;Neuseeland;Northern Fury FC;Jeremy Brockie;22;150000.0;Mittelstürmer;Reservebank
986790;Neuseeland;West Bromwich Albion;Chris Wood;18;600000.0;Linksaußen;Reservebank
986790;Slowakei;Dundee United FC;Dusan Pernis;25;250000.0;Torwart;Reservebank
986790;Slowakei;FC Vaslui;Dusan Kuciak;25;1350000.0;Torwart;Reservebank
986790;Slowakei;Slovan Bratislava;Kornel Salata;25;600000.0;Innenverteidiger;Reservebank
986790;Slowakei;VfL Wolfsburg;Peter Pekarík;23;2500000.0;Rechter Verteidiger;Reservebank
986790;Slowakei;AC Cesena;Martin Petras;30;700000.0;Rechter Verteidiger;Reservebank
986790;Slowakei;Spartak Trnava;Kamil Kopúnek;26;300000.0;Defensives Mittelfeld;Reservebank
986790;Slowakei;AC Sparta Prag;Juraj Kucka;23;1500000.0;Rechtes Mittelfeld;Reservebank
986790;Slowakei;FC Timisoara;Jan Kozak;30;950000.0;Offensives Mittelfeld;Reservebank
986790;Slowakei;MKE Ankaragücü;Marek Sapara;27;2500000.0;Offensives Mittelfeld;Reservebank
986790;Slowakei;FC Twente Enschede;Miroslav Stoch;20;4500000.0;Linksaußen;Reservebank
986790;Slowakei;Besiktas Istanbul;Filip Holosko;26;6500000.0;Mittelstürmer;Reservebank
986790;Slowakei;Saturn Ramenskoe;Martin Jakubko;30;1200000.0;Mittelstürmer;Reservebank
