GameId;team;club;name;age;value;position;role
986775;Südafrika;Kaizer Chiefs;Itumeleng Khune;22;650000.0;Torwart;Startaufstellung
986775;Südafrika;FC Portsmouth;Aaron Mokoena;29;2000000.0;Innenverteidiger;Startaufstellung
986775;Südafrika;SuperSport United;Bongani Khumalo;23;650000.0;Innenverteidiger;Startaufstellung
986775;Südafrika;Orlando Pirates;Lucas Thwala;28;375000.0;Linker Verteidiger;Startaufstellung
986775;Südafrika;Mamelodi Sundowns FC;Siboniso Gaxa;26;550000.0;Rechter Verteidiger;Startaufstellung
986775;Südafrika;Kaizer Chiefs;Reneilwe Letsholonyane;28;250000.0;Zentrales Mittelfeld;Startaufstellung
986775;Südafrika;FC Fulham;Kagisho Dikgacoi;25;1000000.0;Zentrales Mittelfeld;Startaufstellung
986775;Südafrika;Orlando Pirates;Teko Modise;27;625000.0;Rechtes Mittelfeld;Startaufstellung
986775;Südafrika;Kaizer Chiefs;Siphiwe Tshabalala;25;575000.0;Linkes Mittelfeld;Startaufstellung
986775;Südafrika;FC Everton;Steven Pienaar;28;8000000.0;Offensives Mittelfeld;Startaufstellung
986775;Südafrika;Mamelodi Sundowns FC;Katlego Mphela;25;725000.0;Mittelstürmer;Startaufstellung
986775;Mexiko;Jaguares de Chiapas;Óscar Pérez;37;1000000.0;Torwart;Startaufstellung
986775;Mexiko;PSV Eindhoven;Maza;28;3500000.0;Innenverteidiger;Startaufstellung
986775;Mexiko;VfB Stuttgart;Ricardo Osorio;30;2000000.0;Innenverteidiger;Startaufstellung
986775;Mexiko;PSV Eindhoven;Carlos Salcido;30;4500000.0;Linker Verteidiger;Startaufstellung
986775;Mexiko;CF Pachuca;Paul Aguilar;24;2000000.0;Rechter Verteidiger;Startaufstellung
986775;Mexiko;FC Barcelona;Rafael Márquez;31;9000000.0;Defensives Mittelfeld;Startaufstellung
986775;Mexiko;UNAM Pumas;Efraín Juárez;22;2500000.0;Zentrales Mittelfeld;Startaufstellung
986775;Mexiko;CD Cruz Azul;Gerardo Torrado;31;3000000.0;Zentrales Mittelfeld;Startaufstellung
986775;Mexiko;FC Arsenal;Carlos Vela;21;5000000.0;Linksaußen;Startaufstellung
986775;Mexiko;Galatasaray Istanbul;Giovani dos Santos;21;4000000.0;Rechtsaußen;Startaufstellung
986775;Mexiko;West Ham United;Guillermo Franco;33;3500000.0;Mittelstürmer;Startaufstellung
986775;Südafrika;Orlando Pirates;Moeneeb Josephs;30;300000.0;Torwart;Reservebank
986775;Südafrika;Maritzburg United FC;Shu-Aib Walters;28;225000.0;Torwart;Reservebank
986775;Südafrika;Mamelodi Sundowns FC;Matthew Booth;33;525000.0;Innenverteidiger;Reservebank
986775;Südafrika;Lamontville Golden Arrows;Siyabonga Sangweni;28;225000.0;Innenverteidiger;Reservebank
986775;Südafrika;Maccabi Haifa;Tsepo Masilela;25;1000000.0;Linker Verteidiger;Reservebank
986775;Südafrika;KRC Genk;Anele Ngcongca;22;1200000.0;Rechter Verteidiger;Reservebank
986775;Südafrika;Lamontville Golden Arrows;Thanduyise Khuboni;24;175000.0;Defensives Mittelfeld;Reservebank
986775;Südafrika;Rubin Kazan;MacBeth Sibaya;32;3000000.0;Defensives Mittelfeld;Reservebank
986775;Südafrika;Ajax Cape Town;Lance Davids;25;450000.0;Defensives Mittelfeld;Reservebank
986775;Südafrika;Mamelodi Sundowns FC;Surprise Moriri;30;275000.0;Offensives Mittelfeld;Reservebank
986775;Südafrika;FC Twente Enschede;Bernard Parker;24;1250000.0;Hängende Spitze;Reservebank
986775;Südafrika;Moroka Swallows;Siyabonga Nomvethe;32;275000.0;Mittelstürmer;Reservebank
986775;Mexiko;CF América;Guillermo Ochoa;24;8000000.0;Torwart;Reservebank
986775;Mexiko;Deportivo Guadalajara;Luis Michel;30;3000000.0;Torwart;Reservebank
986775;Mexiko;AZ Alkmaar;Héctor Moreno;22;4000000.0;Innenverteidiger;Reservebank
986775;Mexiko;Deportivo Guadalajara;Jonny Magallón;28;2500000.0;Innenverteidiger;Reservebank
986775;Mexiko;Atlas Guadalajara;Jorge Torres;22;1500000.0;Linker Verteidiger;Reservebank
986775;Mexiko;Deportivo La Coruna ;Andrés Guardado;23;12000000.0;Rechtes Mittelfeld;Reservebank
986775;Mexiko;UNAM Pumas;Israel Castro;29;2750000.0;Zentrales Mittelfeld;Reservebank
986775;Mexiko;Deportivo Guadalajara;Alberto Medina;27;2000000.0;Rechtsaußen;Reservebank
986775;Mexiko;UNAM Pumas;Pablo Barrera;22;3500000.0;Rechtsaußen;Reservebank
986775;Mexiko;Tiburones Rojos de Veracruz;Cuauhtémoc Blanco;37;1000000.0;Linksaußen;Reservebank
986775;Mexiko;Deportivo Guadalajara;Adolfo Bautista;31;1800000.0;Hängende Spitze;Reservebank
986775;Mexiko;Deportivo Guadalajara;Chicharito;22;6000000.0;Mittelstürmer;Reservebank
