GameId;team;club;name;age;value;position;role
986798;England;FC Portsmouth;David James;39;3000000.0;Torwart;Startaufstellung
986798;England;FC Chelsea;John Terry;29;35000000.0;Innenverteidiger;Startaufstellung
986798;England;FC Liverpool;Jamie Carragher;32;17000000.0;Innenverteidiger;Startaufstellung
986798;England;FC Chelsea;Ashley Cole;29;27000000.0;Linker Verteidiger;Startaufstellung
986798;England;FC Liverpool;Glen Johnson;25;17000000.0;Rechter Verteidiger;Startaufstellung
986798;England;Manchester City;Gareth Barry;29;18000000.0;Zentrales Mittelfeld;Startaufstellung
986798;England;FC Chelsea;Frank Lampard;31;45000000.0;Zentrales Mittelfeld;Startaufstellung
986798;England;FC Liverpool;Steven Gerrard;30;50000000.0;Linkes Mittelfeld;Startaufstellung
986798;England;Tottenham Hotspur;Aaron Lennon;23;21000000.0;Rechtsaußen;Startaufstellung
986798;England;Manchester United;Wayne Rooney;24;53000000.0;Hängende Spitze;Startaufstellung
986798;England;Aston Villa;Emile Heskey;32;5000000.0;Mittelstürmer;Startaufstellung
986798;Algerien;Slavia Sofia;Raïs M'Bolhi;24;600000.0;Torwart;Startaufstellung
986798;Algerien;VfL Bochum;Anthar Yahia;28;3500000.0;Innenverteidiger;Startaufstellung
986798;Algerien;Glasgow Rangers;Madjid Bougherra;27;7000000.0;Innenverteidiger;Startaufstellung
986798;Algerien;CD Nacional;Rafik Halliche;23;1500000.0;Innenverteidiger;Startaufstellung
986798;Algerien;Racing Santander;Mehdi Lacen;26;3200000.0;Zentrales Mittelfeld;Startaufstellung
986798;Algerien;FC Portsmouth;Hassan Yebda;26;4500000.0;Zentrales Mittelfeld;Startaufstellung
986798;Algerien;Valenciennes FC ;Foued Kadir;26;600000.0;Rechtes Mittelfeld;Startaufstellung
986798;Algerien;FC Portsmouth;Nadir Belhadj;28;5500000.0;Linkes Mittelfeld;Startaufstellung
986798;Algerien;FC Sochaux-Montbéliard;Ryad Boudebouz;20;1800000.0;Offensives Mittelfeld;Startaufstellung
986798;Algerien;VfL Wolfsburg;Karim Ziani;27;5500000.0;Offensives Mittelfeld;Startaufstellung
986798;Algerien;Borussia Mönchengladbach;Karim Matmour;24;2500000.0;Mittelstürmer;Startaufstellung
986798;England;West Ham United;Robert Green;30;8000000.0;Torwart;Reservebank
986798;England;Manchester City;Joe Hart;23;7000000.0;Torwart;Reservebank
986798;England;West Ham United;Matthew Upson;31;9000000.0;Innenverteidiger;Reservebank
986798;England;Tottenham Hotspur;Michael Dawson;26;8000000.0;Innenverteidiger;Reservebank
986798;England;Aston Villa;Stephen Warnock;28;8500000.0;Linker Verteidiger;Reservebank
986798;England;Manchester United;Michael Carrick;28;26000000.0;Defensives Mittelfeld;Reservebank
986798;England;Aston Villa;James Milner;24;17000000.0;Zentrales Mittelfeld;Reservebank
986798;England;FC Chelsea;Joe Cole;28;21000000.0;Offensives Mittelfeld;Reservebank
986798;England;Manchester City;Shaun Wright-Phillips;28;15000000.0;Rechtsaußen;Reservebank
986798;England;Tottenham Hotspur;Peter Crouch;29;12000000.0;Mittelstürmer;Reservebank
986798;England;Tottenham Hotspur;Jermain Defoe;27;17000000.0;Mittelstürmer;Reservebank
986798;Algerien;ASO Chlef;Lounès Gaouaoui;32;300000.0;Torwart;Reservebank
986798;Algerien;ES Sétif;Fawzi Chaouchi;25;350000.0;Torwart;Reservebank
986798;Algerien;US Boulogne;Habib Bellaid;24;1300000.0;Innenverteidiger;Reservebank
986798;Algerien;ES Sétif;Abdelkader Laïfaoui;28;350000.0;Innenverteidiger;Reservebank
986798;Algerien;AC Ajaccio;Carl Medjani;25;800000.0;Innenverteidiger;Reservebank
986798;Algerien;US Lecce;Djamel Mesbah;25;500000.0;Linkes Mittelfeld;Reservebank
986798;Algerien;FC Lorient;Yazid Mansouri;32;1700000.0;Zentrales Mittelfeld;Reservebank
986798;Algerien;RSC Charleroi;Adlène Guédioura;24;500000.0;Zentrales Mittelfeld;Reservebank
986798;Algerien;FC Nantes;Djamel Abdoun;24;1500000.0;Offensives Mittelfeld;Reservebank
986798;Algerien;AEK Athen;Rafik Djebbour;26;2750000.0;Mittelstürmer;Reservebank
986798;Algerien;FC Istres Ouest Provence ;Rafik Saïfi;35;500000.0;Mittelstürmer;Reservebank
