GameId;team;club;name;age;value;position;role
986805;Brasilien;FC Internazionale;Júlio César;30;25000000.0;Torwart;Startaufstellung
986805;Brasilien;FC Internazionale;Lúcio;32;16500000.0;Innenverteidiger;Startaufstellung
986805;Brasilien;AS Rom;Juan;31;16000000.0;Innenverteidiger;Startaufstellung
986805;Brasilien;Olympique Lyon;Michel Bastos;26;16000000.0;Linker Verteidiger;Startaufstellung
986805;Brasilien;FC Internazionale;Maicon;28;30000000.0;Rechter Verteidiger;Startaufstellung
986805;Brasilien;Panathinaikos Athen;Gilberto Silva;33;7500000.0;Defensives Mittelfeld;Startaufstellung
986805;Brasilien;Juventus Turin;Felipe Melo;26;17000000.0;Zentrales Mittelfeld;Startaufstellung
986805;Brasilien;Galatasaray Istanbul;Elano;29;11500000.0;Zentrales Mittelfeld;Startaufstellung
986805;Brasilien;Real Madrid;Kaká;28;50000000.0;Offensives Mittelfeld;Startaufstellung
986805;Brasilien;FC Santos;Robinho;26;15000000.0;Hängende Spitze;Startaufstellung
986805;Brasilien;FC Sevilla;Luís Fabiano;29;28000000.0;Mittelstürmer;Startaufstellung
986805;Elfenbeinküste;KSC Lokeren;Boubacar Copa;30;2000000.0;Torwart;Startaufstellung
986805;Elfenbeinküste;Manchester City;Kolo Touré;29;20000000.0;Innenverteidiger;Startaufstellung
986805;Elfenbeinküste;FC Sevilla;Didier Zokora;29;14000000.0;Innenverteidiger;Startaufstellung
986805;Elfenbeinküste;Valenciennes FC ;Siaka Tiéné;28;3000000.0;Linker Verteidiger;Startaufstellung
986805;Elfenbeinküste;Hamburger SV;Guy Demel;29;6000000.0;Rechter Verteidiger;Startaufstellung
986805;Elfenbeinküste;FC Barcelona;Yaya Touré;27;18000000.0;Defensives Mittelfeld;Startaufstellung
986805;Elfenbeinküste;FC Arsenal;Emmanuel Eboué;27;7000000.0;Zentrales Mittelfeld;Startaufstellung
986805;Elfenbeinküste;FC Twente Enschede;Cheik Tioté †;23;3000000.0;Zentrales Mittelfeld;Startaufstellung
986805;Elfenbeinküste;FC Chelsea;Salomon Kalou;24;14000000.0;Linksaußen;Startaufstellung
986805;Elfenbeinküste;FC Portsmouth;Aruna Dindane;29;3000000.0;Rechtsaußen;Startaufstellung
986805;Elfenbeinküste;FC Chelsea;Didier Drogba;32;38000000.0;Mittelstürmer;Startaufstellung
986805;Brasilien;Tottenham Hotspur;Heurelho Gomes;29;9000000.0;Torwart;Reservebank
986805;Brasilien;AS Rom;Doni;30;4500000.0;Torwart;Reservebank
986805;Brasilien;Benfica Lissabon;Luisão;29;10500000.0;Innenverteidiger;Reservebank
986805;Brasilien;AC Mailand;Thiago Silva;25;15500000.0;Innenverteidiger;Reservebank
986805;Brasilien;FC Barcelona;Dani Alves;27;30000000.0;Rechtes Mittelfeld;Reservebank
986805;Brasilien;VfL Wolfsburg;Josué;30;8000000.0;Defensives Mittelfeld;Reservebank
986805;Brasilien;EC Cruzeiro Belo Horizonte;Gilberto;34;1600000.0;Zentrales Mittelfeld;Reservebank
986805;Brasilien;Benfica Lissabon;Ramires;23;9000000.0;Zentrales Mittelfeld;Reservebank
986805;Brasilien;Flamengo Rio de Janeiro;Kléberson;31;2500000.0;Zentrales Mittelfeld;Reservebank
986805;Brasilien;AS Rom;Júlio Baptista;28;7000000.0;Offensives Mittelfeld;Reservebank
986805;Brasilien;FC Villarreal;Nilmar;25;14000000.0;Mittelstürmer;Reservebank
986805;Brasilien;VfL Wolfsburg;Grafite;31;9000000.0;Mittelstürmer;Reservebank
986805;Elfenbeinküste;Maccabi Netanya;Aristide Benoit Zogbo;28;175000.0;Torwart;Reservebank
986805;Elfenbeinküste;ASEC Mimosas;Daniel Yéboah;25;250000.0;Torwart;Reservebank
986805;Elfenbeinküste;Valenciennes FC ;Benjamin Angoua;23;750000.0;Innenverteidiger;Reservebank
986805;Elfenbeinküste;Wigan Athletic;Steve Gohouri;29;750000.0;Innenverteidiger;Reservebank
986805;Elfenbeinküste;Hibernian FC;Sol Bamba;25;2500000.0;Innenverteidiger;Reservebank
986805;Elfenbeinküste;VfB Stuttgart;Arthur Boka;27;3500000.0;Linker Verteidiger;Reservebank
986805;Elfenbeinküste;FC Sevilla;Romaric;27;9000000.0;Zentrales Mittelfeld;Reservebank
986805;Elfenbeinküste;AS Monaco;Jean-Jacques Gosso;27;3500000.0;Defensives Mittelfeld;Reservebank
986805;Elfenbeinküste;FC International Curtea de Arges ;Emmanuel Koné;23;750000.0;Zentrales Mittelfeld;Reservebank
986805;Elfenbeinküste;LOSC Lille;Gervinho;23;10000000.0;Rechtsaußen;Reservebank
986805;Elfenbeinküste;Galatasaray Istanbul;Abdul Kader Keita;28;10000000.0;Linksaußen;Reservebank
986805;Elfenbeinküste;BSC Young Boys;Seydou Doumbia;22;8000000.0;Mittelstürmer;Reservebank
