GameId;team;club;name;age;value;position;role
986802;Kamerun;Kayserispor;Souleymanou Hamidou;36;700000.0;Torwart;Startaufstellung
986802;Kamerun;Tottenham Hotspur;Sébastien Bassong;23;8500000.0;Innenverteidiger;Startaufstellung
986802;Kamerun;AS Monaco;Nicolas N'Koulou;20;4000000.0;Innenverteidiger;Startaufstellung
986802;Kamerun;Tottenham Hotspur;Benoît Assou-Ekotto;26;7000000.0;Linker Verteidiger;Startaufstellung
986802;Kamerun;Olympique Marseille;Stéphane Mbia;24;11000000.0;Rechter Verteidiger;Startaufstellung
986802;Kamerun;FC Arsenal;Alex Song;22;13000000.0;Defensives Mittelfeld;Startaufstellung
986802;Kamerun;MKE Ankaragücü;Njitap Geremi;31;2500000.0;Rechtes Mittelfeld;Startaufstellung
986802;Kamerun;Ajax Amsterdam;Eyong Enoh;24;3250000.0;Linkes Mittelfeld;Startaufstellung
986802;Kamerun;Real Betis Sevilla;Achille Emaná;28;8000000.0;Offensives Mittelfeld;Startaufstellung
986802;Kamerun;FC Internazionale;Samuel Eto'o;29;40000000.0;Mittelstürmer;Startaufstellung
986802;Kamerun;RCD Mallorca;Pierre Webó;28;3400000.0;Mittelstürmer;Startaufstellung
986802;Dänemark;Stoke City;Thomas Sörensen;34;4000000.0;Torwart;Startaufstellung
986802;Dänemark;FC Liverpool;Daniel Agger;25;11500000.0;Innenverteidiger;Startaufstellung
986802;Dänemark;US Palermo;Simon Kjaer;21;12000000.0;Innenverteidiger;Startaufstellung
986802;Dänemark;AZ Alkmaar;Simon Poulsen;25;1750000.0;Linker Verteidiger;Startaufstellung
986802;Dänemark;Blackburn Rovers;Lars Jacobsen;30;2500000.0;Rechter Verteidiger;Startaufstellung
986802;Dänemark;Juventus Turin;Christian Poulsen;30;6500000.0;Defensives Mittelfeld;Startaufstellung
986802;Dänemark;Aarhus GF;Martin Jörgensen;34;2000000.0;Zentrales Mittelfeld;Startaufstellung
986802;Dänemark;FC Kopenhagen;Jesper Grönkjaer;32;1500000.0;Linksaußen;Startaufstellung
986802;Dänemark;Ajax Amsterdam;Dennis Rommedahl;31;2000000.0;Rechtsaußen;Startaufstellung
986802;Dänemark;Feyenoord Rotterdam;Jon Dahl Tomasson;33;4250000.0;Hängende Spitze;Startaufstellung
986802;Dänemark;FC Arsenal;Nicklas Bendtner;22;8000000.0;Mittelstürmer;Startaufstellung
986802;Kamerun;Espanyol Barcelona;Carlos Kameni;26;10000000.0;Torwart;Reservebank
986802;Kamerun;Valenciennes FC ;Guy Ndy Assembé;24;1300000.0;Torwart;Reservebank
986802;Kamerun;Trabzonspor;Rigobert Song;33;3500000.0;Innenverteidiger;Reservebank
986802;Kamerun;LOSC Lille;Aurélien Chedjou;24;2500000.0;Innenverteidiger;Reservebank
986802;Kamerun;FC Schalke 04;Joel Matip;18;3000000.0;Innenverteidiger;Reservebank
986802;Kamerun;Valenciennes FC ;Gaëtan Bong;22;1300000.0;Linker Verteidiger;Reservebank
986802;Kamerun;Celtic Glasgow;Landry N'Guemo;24;5000000.0;Defensives Mittelfeld;Reservebank
986802;Kamerun;Olympique Lyon;Jean II Makoun;27;12500000.0;Linkes Mittelfeld;Reservebank
986802;Kamerun;1.FC Kaiserslautern;Georges Mandjeck;21;2000000.0;Defensives Mittelfeld;Reservebank
986802;Kamerun;1.FC Nürnberg;Eric Maxim Choupo-Moting;21;1000000.0;Linksaußen;Reservebank
986802;Kamerun;SC Freiburg;Mohamadou Idrissou;30;2500000.0;Linksaußen;Reservebank
986802;Kamerun;;Vincent Aboubakar;18;200000.0;Mittelstürmer;Reservebank
986802;Dänemark;FC Kopenhagen;Jesper Christiansen;32;1500000.0;Torwart;Reservebank
986802;Dänemark;Bröndby IF;Stephan Andersen;28;3000000.0;Torwart;Reservebank
986802;Dänemark;AC Florenz;Per Kröldrup;30;4500000.0;Innenverteidiger;Reservebank
986802;Dänemark;FC Málaga;Patrick Mtiliga;29;1000000.0;Linker Verteidiger;Reservebank
986802;Dänemark;FC Kopenhagen;William Kvist;25;2500000.0;Defensives Mittelfeld;Reservebank
986802;Dänemark;SV Werder Bremen;Daniel Jensen;30;3000000.0;Zentrales Mittelfeld;Reservebank
986802;Dänemark;VfL Wolfsburg;Thomas Kahlenberg;27;3500000.0;Linksaußen;Reservebank
986802;Dänemark;Aarhus GF;Jakob Poulsen;26;3000000.0;Offensives Mittelfeld;Reservebank
986802;Dänemark;Ajax Amsterdam;Christian Eriksen;18;2000000.0;Offensives Mittelfeld;Reservebank
986802;Dänemark;FC Groningen;Thomas Enevoldsen;22;2500000.0;Linksaußen;Reservebank
986802;Dänemark;MSV Duisburg;Sören Larsen;28;1500000.0;Mittelstürmer;Reservebank
986802;Dänemark;Randers FC;Mikkel Beckmann;26;750000.0;Mittelstürmer;Reservebank
