GameId;team;club;name;age;value;position;role
986813;Ghana;Wigan Athletic;Richard Kingson;32;500000.0;Torwart;Startaufstellung
986813;Ghana;AFC Sunderland;John Mensah;27;5000000.0;Innenverteidiger;Startaufstellung
986813;Ghana;FC Granada;Jonathan Mensah;19;300000.0;Innenverteidiger;Startaufstellung
986813;Ghana;Bayer 04 Leverkusen;Hans Sarpei;33;500000.0;Linker Verteidiger;Startaufstellung
986813;Ghana;FC Fulham;John Paintsil;29;4000000.0;Rechter Verteidiger;Startaufstellung
986813;Ghana;Rosenborg BK;Anthony Annan;23;1750000.0;Defensives Mittelfeld;Startaufstellung
986813;Ghana;FC Portsmouth;Kevin-Prince Boateng;23;4000000.0;Zentrales Mittelfeld;Startaufstellung
986813;Ghana;Udinese Calcio;Kwadwo Asamoah;21;5500000.0;Zentrales Mittelfeld;Startaufstellung
986813;Ghana;Athlétic Club Arlésien;André Ayew;20;1000000.0;Linksaußen;Startaufstellung
986813;Ghana;TSG 1899 Hoffenheim;Prince Tagoe;23;1000000.0;Rechtsaußen;Startaufstellung
986813;Ghana;FC Stade Rennes;Asamoah Gyan;24;6200000.0;Mittelstürmer;Startaufstellung
986813;Deutschland;FC Schalke 04;Manuel Neuer;24;18000000.0;Torwart;Startaufstellung
986813;Deutschland;Hertha BSC;Arne Friedrich;31;6000000.0;Innenverteidiger;Startaufstellung
986813;Deutschland;SV Werder Bremen;Per Mertesacker;25;15000000.0;Innenverteidiger;Startaufstellung
986813;Deutschland;Hamburger SV;Jérôme Boateng;21;15000000.0;Linker Verteidiger;Startaufstellung
986813;Deutschland;FC Bayern München;Philipp Lahm;26;25000000.0;Rechter Verteidiger;Startaufstellung
986813;Deutschland;FC Bayern München;Bastian Schweinsteiger;25;24000000.0;Defensives Mittelfeld;Startaufstellung
986813;Deutschland;VfB Stuttgart;Sami Khedira;23;15000000.0;Zentrales Mittelfeld;Startaufstellung
986813;Deutschland;SV Werder Bremen;Mesut Özil;21;20000000.0;Offensives Mittelfeld;Startaufstellung
986813;Deutschland;1.FC Köln;Lukas Podolski;25;10000000.0;Linksaußen;Startaufstellung
986813;Deutschland;FC Bayern München;Thomas Müller;20;10000000.0;Rechtsaußen;Startaufstellung
986813;Deutschland;VfB Stuttgart;Cacau;29;6000000.0;Mittelstürmer;Startaufstellung
986813;Ghana;Liberty Professionals Accra;Daniel Agyei;20;200000.0;Torwart;Reservebank
986813;Ghana;;Stephen Ahorlu;21;150000.0;Torwart;Reservebank
986813;Ghana;Berekum Chelsea FC;Lee Addy;19;200000.0;Innenverteidiger;Reservebank
986813;Ghana;Zamalek SC;Ibrahim Ayew;22;400000.0;Rechter Verteidiger;Reservebank
986813;Ghana;FC Basel 1893;Samuel Inkoom;21;1500000.0;Rechter Verteidiger;Reservebank
986813;Ghana;FC Getafe;Derek Boateng;27;3400000.0;Defensives Mittelfeld;Reservebank
986813;Ghana;FC Internazionale;Sulley Muntari;25;13000000.0;Rechtsaußen;Reservebank
986813;Ghana;FC Bologna;Stephen Appiah;29;2000000.0;Zentrales Mittelfeld;Reservebank
986813;Ghana;Al Sadd Sports Club;Quincy Owusu-Abeyie;24;1000000.0;Linksaußen;Reservebank
986813;Ghana;AC Mailand;Dominic Adiyiah;20;1000000.0;Linksaußen;Reservebank
986813;Ghana;NAC Breda;Matthew Amoah;29;2500000.0;Mittelstürmer;Reservebank
986813;Deutschland;SV Werder Bremen;Tim Wiese;28;10000000.0;Torwart;Reservebank
986813;Deutschland;FC Bayern München;Hans Jörg Butt;36;2500000.0;Torwart;Reservebank
986813;Deutschland;FC Bayern München;Holger Badstuber;21;8000000.0;Innenverteidiger;Reservebank
986813;Deutschland;VfB Stuttgart;Serdar Tasci;23;10000000.0;Innenverteidiger;Reservebank
986813;Deutschland;Hamburger SV;Marcell Jansen;24;10000000.0;Linker Verteidiger;Reservebank
986813;Deutschland;Hamburger SV;Dennis Aogo;23;6500000.0;Linker Verteidiger;Reservebank
986813;Deutschland;Bayer 04 Leverkusen;Toni Kroos;20;12000000.0;Zentrales Mittelfeld;Reservebank
986813;Deutschland;Hamburger SV;Piotr Trochowski;26;8500000.0;Rechtsaußen;Reservebank
986813;Deutschland;SV Werder Bremen;Marko Marin;21;14000000.0;Linksaußen;Reservebank
986813;Deutschland;Bayer 04 Leverkusen;Stefan Kießling;26;12000000.0;Mittelstürmer;Reservebank
986813;Deutschland;FC Bayern München;Mario Gómez;24;27500000.0;Mittelstürmer;Reservebank
