GameId;team;club;name;age;value;position;role
986808;Spanien;Real Madrid;Iker Casillas;29;32000000.0;Torwart;Startaufstellung
986808;Spanien;FC Barcelona;Gerard Piqué;23;25000000.0;Innenverteidiger;Startaufstellung
986808;Spanien;FC Barcelona;Carles Puyol;32;28000000.0;Innenverteidiger;Startaufstellung
986808;Spanien;FC Villarreal;Joan Capdevila;32;10000000.0;Linker Verteidiger;Startaufstellung
986808;Spanien;Real Madrid;Sergio Ramos;24;27000000.0;Rechter Verteidiger;Startaufstellung
986808;Spanien;Real Madrid;Xabi Alonso;28;30000000.0;Defensives Mittelfeld;Startaufstellung
986808;Spanien;FC Barcelona;Sergio Busquets;21;20000000.0;Defensives Mittelfeld;Startaufstellung
986808;Spanien;FC Barcelona;Xavi;30;65000000.0;Offensives Mittelfeld;Startaufstellung
986808;Spanien;FC Valencia;David Villa;28;45000000.0;Linksaußen;Startaufstellung
986808;Spanien;FC Sevilla;Jesús Navas;24;28000000.0;Rechtsaußen;Startaufstellung
986808;Spanien;FC Liverpool;Fernando Torres;26;50000000.0;Mittelstürmer;Startaufstellung
986808;Honduras;CD Olimpia;Noel Valladares;33;1500000.0;Torwart;Startaufstellung
986808;Honduras;CD Platense;Osman Chávez;25;800000.0;Innenverteidiger;Startaufstellung
986808;Honduras;Wigan Athletic;Maynor Figueroa;27;5000000.0;Innenverteidiger;Startaufstellung
986808;Honduras;CD Motagua Tegucigalpa;Emilio Izaguirre;24;700000.0;Linker Verteidiger;Startaufstellung
986808;Honduras;CD Motagua Tegucigalpa;Sergio Mendoza;29;500000.0;Rechter Verteidiger;Startaufstellung
986808;Honduras;Tottenham Hotspur;Wilson Palacios;25;16000000.0;Defensives Mittelfeld;Startaufstellung
986808;Honduras;Kansas City Wizards;Róger Espinoza;23;600000.0;Linkes Mittelfeld;Startaufstellung
986808;Honduras;CD Olimpia;Danilo Turcios;32;850000.0;Offensives Mittelfeld;Startaufstellung
986808;Honduras;CD Motagua Tegucigalpa;Amado Guevara;34;800000.0;Offensives Mittelfeld;Startaufstellung
986808;Honduras;CD Marathón;Wálter Martínez;28;800000.0;Rechtsaußen;Startaufstellung
986808;Honduras;FC Genua 1893;David Suazo;30;5000000.0;Mittelstürmer;Startaufstellung
986808;Spanien;FC Barcelona;Víctor Valdés;28;18000000.0;Torwart;Reservebank
986808;Spanien;FC Liverpool;Pepe Reina;27;20000000.0;Torwart;Reservebank
986808;Spanien;Real Madrid;Raúl Albiol;24;18000000.0;Innenverteidiger;Reservebank
986808;Spanien;FC Valencia;Carlos Marchena;30;8000000.0;Innenverteidiger;Reservebank
986808;Spanien;Real Madrid;Álvaro Arbeloa;27;12000000.0;Rechter Verteidiger;Reservebank
986808;Spanien;Athletic Bilbao;Javi Martínez;21;15000000.0;Defensives Mittelfeld;Reservebank
986808;Spanien;FC Barcelona;Andrés Iniesta;26;60000000.0;Zentrales Mittelfeld;Reservebank
986808;Spanien;FC Arsenal;Cesc Fàbregas;23;55000000.0;Offensives Mittelfeld;Reservebank
986808;Spanien;FC Valencia;Juan Mata;22;23000000.0;Linksaußen;Reservebank
986808;Spanien;FC Valencia;David Silva;24;32000000.0;Offensives Mittelfeld;Reservebank
986808;Spanien;FC Barcelona;Pedro;22;14000000.0;Linksaußen;Reservebank
986808;Spanien;Athletic Bilbao;Fernando Llorente;25;15000000.0;Mittelstürmer;Reservebank
986808;Honduras;CD Motagua Tegucigalpa;Ricardo Canales;28;350000.0;Torwart;Reservebank
986808;Honduras;CD Olimpia;Donis Escober;29;400000.0;Torwart;Reservebank
986808;Honduras;CD Olimpia;Johnny Palacios;23;600000.0;Innenverteidiger;Reservebank
986808;Honduras;RSC Anderlecht;Víctor Bernárdez;28;1000000.0;Innenverteidiger;Reservebank
986808;Honduras;Hangzhou Greentown;Mauricio Sabillón;31;1000000.0;Rechter Verteidiger;Reservebank
986808;Honduras;Wigan Athletic;Hendry Thomas;25;2500000.0;Defensives Mittelfeld;Reservebank
986808;Honduras;CD Cruz Azul;Ramón Núñez;24;850000.0;Offensives Mittelfeld;Reservebank
986808;Honduras;CD Olimpia;Boniek García;25;1000000.0;Rechtes Mittelfeld;Reservebank
986808;Honduras;AS Bari;Édgar Álvarez;30;2500000.0;Rechtes Mittelfeld;Reservebank
986808;Honduras;RCD España San Pedro Sula;Carlos Pavón;36;700000.0;Mittelstürmer;Reservebank
986808;Honduras;Hangzhou Greentown;Jerry Palacios;28;800000.0;Mittelstürmer;Reservebank
986808;Honduras;CD Motagua Tegucigalpa;Georgie Welcome;25;650000.0;Linksaußen;Reservebank
