GameId;team;club;name;age;value;position;role
986820;Nordkorea;Pyongyang CSG;Myong-Guk Ri;23;350000.0;Torwart;Startaufstellung
986820;Nordkorea;;Jun-Il Ri;22;350000.0;Innenverteidiger;Startaufstellung
986820;Nordkorea;25. April Sports Club;Kwang-Chon Ri;24;600000.0;Innenverteidiger;Startaufstellung
986820;Nordkorea;;Chol-Jin Pak;24;500000.0;Innenverteidiger;Startaufstellung
986820;Nordkorea;25. April Sports Club;Yun-Nam Ji;24;300000.0;Linker Verteidiger;Startaufstellung
986820;Nordkorea;;Jong-Hyok Cha;24;400000.0;Rechter Verteidiger;Startaufstellung
986820;Nordkorea;Omiya Ardija;Young-Hak An;31;500000.0;Defensives Mittelfeld;Startaufstellung
986820;Nordkorea;;In-Guk Mun;31;400000.0;Rechtes Mittelfeld;Startaufstellung
986820;Nordkorea;;Nam-Chol Pak;24;500000.0;Linkes Mittelfeld;Startaufstellung
986820;Nordkorea;FK Rostov;Yong-Jo Hong;28;750000.0;Offensives Mittelfeld;Startaufstellung
986820;Nordkorea;Kawasaki Frontale;Chong Tese;26;2500000.0;Mittelstürmer;Startaufstellung
986820;Elfenbeinküste;KSC Lokeren;Boubacar Copa;30;2000000.0;Torwart;Startaufstellung
986820;Elfenbeinküste;Manchester City;Kolo Touré;29;20000000.0;Innenverteidiger;Startaufstellung
986820;Elfenbeinküste;FC Sevilla;Didier Zokora;29;14000000.0;Innenverteidiger;Startaufstellung
986820;Elfenbeinküste;VfB Stuttgart;Arthur Boka;27;3500000.0;Linker Verteidiger;Startaufstellung
986820;Elfenbeinküste;FC Arsenal;Emmanuel Eboué;27;7000000.0;Rechter Verteidiger;Startaufstellung
986820;Elfenbeinküste;FC Barcelona;Yaya Touré;27;18000000.0;Defensives Mittelfeld;Startaufstellung
986820;Elfenbeinküste;FC Sevilla;Romaric;27;9000000.0;Zentrales Mittelfeld;Startaufstellung
986820;Elfenbeinküste;FC Twente Enschede;Cheik Tioté †;24;3000000.0;Zentrales Mittelfeld;Startaufstellung
986820;Elfenbeinküste;LOSC Lille;Gervinho;23;10000000.0;Linksaußen;Startaufstellung
986820;Elfenbeinküste;Galatasaray Istanbul;Abdul Kader Keita;28;10000000.0;Rechtsaußen;Startaufstellung
986820;Elfenbeinküste;FC Chelsea;Didier Drogba;32;38000000.0;Mittelstürmer;Startaufstellung
986820;Nordkorea;;Myong-Gil Kim;25;150000.0;Torwart;Reservebank
986820;Nordkorea;;Song-Chol Nam;28;100000.0;Abwehr;Reservebank
986820;Nordkorea;;Nam-Chol Pak;21;150000.0;Innenverteidiger;Reservebank
986820;Nordkorea;;Kwang-Hyok Ri;22;200000.0;Linker Verteidiger;Reservebank
986820;Nordkorea;;Sung-Hyok Pak;20;100000.0;Defensives Mittelfeld;Reservebank
986820;Nordkorea;Pyongyang CSG;Yong-Jun Kim;26;600000.0;Rechtes Mittelfeld;Reservebank
986820;Nordkorea;;Kyong-Il Kim;21;100000.0;Linkes Mittelfeld;Reservebank
986820;Nordkorea;;Chol-Myong Ri;22;150000.0;Offensives Mittelfeld;Reservebank
986820;Nordkorea;;Kum-Il Kim;22;150000.0;Sturm;Reservebank
986820;Nordkorea;;Chol-Hyok An;24;450000.0;Mittelstürmer;Reservebank
986820;Nordkorea;;Kum-Chol Choe;23;450000.0;Mittelstürmer;Reservebank
986820;Nordkorea;;Myong-Won Kim;26;150000.0;Mittelstürmer;Reservebank
986820;Elfenbeinküste;Maccabi Netanya;Aristide Benoit Zogbo;28;175000.0;Torwart;Reservebank
986820;Elfenbeinküste;ASEC Mimosas;Daniel Yéboah;25;250000.0;Torwart;Reservebank
986820;Elfenbeinküste;Valenciennes FC ;Benjamin Angoua;23;750000.0;Innenverteidiger;Reservebank
986820;Elfenbeinküste;Wigan Athletic;Steve Gohouri;29;750000.0;Innenverteidiger;Reservebank
986820;Elfenbeinküste;Hibernian FC;Sol Bamba;25;2500000.0;Innenverteidiger;Reservebank
986820;Elfenbeinküste;Valenciennes FC ;Siaka Tiéné;28;3000000.0;Linker Verteidiger;Reservebank
986820;Elfenbeinküste;AS Monaco;Jean-Jacques Gosso;27;3500000.0;Defensives Mittelfeld;Reservebank
986820;Elfenbeinküste;FC International Curtea de Arges ;Emmanuel Koné;23;750000.0;Zentrales Mittelfeld;Reservebank
986820;Elfenbeinküste;FC Chelsea;Salomon Kalou;24;14000000.0;Linksaußen;Reservebank
986820;Elfenbeinküste;FC Portsmouth;Aruna Dindane;29;3000000.0;Rechtsaußen;Reservebank
986820;Elfenbeinküste;BSC Young Boys;Seydou Doumbia;22;8000000.0;Mittelstürmer;Reservebank
