GameId;team;club;name;age;value;position;role
986811;Slowenien;Udinese Calcio;Samir Handanovic;25;9500000.0;Torwart;Startaufstellung
986811;Slowenien;Grenoble Foot 38;Bostjan Cesar;27;1600000.0;Innenverteidiger;Startaufstellung
986811;Slowenien;KAA Gent;Marko Suler;27;2000000.0;Innenverteidiger;Startaufstellung
986811;Slowenien;Chievo Verona;Bojan Jokic;24;1000000.0;Linker Verteidiger;Startaufstellung
986811;Slowenien;1.FC Köln;Miso Brecko;26;2000000.0;Rechter Verteidiger;Startaufstellung
986811;Slowenien;AE Larisa;Aleksandar Radosavljevic;31;1250000.0;Defensives Mittelfeld;Startaufstellung
986811;Slowenien;West Bromwich Albion;Robert Koren;29;3200000.0;Zentrales Mittelfeld;Startaufstellung
986811;Slowenien;Wisla Krakau;Andraz Kirm;25;2000000.0;Linksaußen;Startaufstellung
986811;Slowenien;AJ Auxerre;Valter Birsa;23;2400000.0;Rechtsaußen;Startaufstellung
986811;Slowenien;1.FC Köln;Milivoje Novakovic;31;4500000.0;Mittelstürmer;Startaufstellung
986811;Slowenien;KAA Gent;Zlatan Ljubijankic;26;2000000.0;Mittelstürmer;Startaufstellung
986811;England;FC Portsmouth;David James;39;3000000.0;Torwart;Startaufstellung
986811;England;West Ham United;Matthew Upson;31;9000000.0;Innenverteidiger;Startaufstellung
986811;England;FC Chelsea;John Terry;29;35000000.0;Innenverteidiger;Startaufstellung
986811;England;FC Chelsea;Ashley Cole;29;27000000.0;Linker Verteidiger;Startaufstellung
986811;England;FC Liverpool;Glen Johnson;25;17000000.0;Rechter Verteidiger;Startaufstellung
986811;England;Manchester City;Gareth Barry;29;18000000.0;Defensives Mittelfeld;Startaufstellung
986811;England;FC Chelsea;Frank Lampard;32;45000000.0;Zentrales Mittelfeld;Startaufstellung
986811;England;Aston Villa;James Milner;24;17000000.0;Rechtes Mittelfeld;Startaufstellung
986811;England;FC Liverpool;Steven Gerrard;30;50000000.0;Linkes Mittelfeld;Startaufstellung
986811;England;Manchester United;Wayne Rooney;24;53000000.0;Hängende Spitze;Startaufstellung
986811;England;Tottenham Hotspur;Jermain Defoe;27;17000000.0;Mittelstürmer;Startaufstellung
986811;Slowenien;AC Mantova 1911;Jasmin Handanovic;32;1200000.0;Torwart;Reservebank
986811;Slowenien;Sparta Rotterdam;Aleksander Seliga;30;650000.0;Torwart;Reservebank
986811;Slowenien;NK Maribor;Elvedin Dzinic;24;500000.0;Innenverteidiger;Reservebank
986811;Slowenien;TuS Koblenz;Matej Mavric;31;750000.0;Innenverteidiger;Reservebank
986811;Slowenien;NK Maribor;Suad Filekovic;31;300000.0;Linker Verteidiger;Reservebank
986811;Slowenien;Lokomotiv Moskau;Branko Ilic;27;700000.0;Rechter Verteidiger;Reservebank
986811;Slowenien;FC Internazionale;Rene Krhin;20;1500000.0;Defensives Mittelfeld;Reservebank
986811;Slowenien;Maccabi Tel Aviv;Andrej Komac;30;650000.0;Zentrales Mittelfeld;Reservebank
986811;Slowenien;Vitesse Arnheim;Dalibor Stevanovic;25;1250000.0;Zentrales Mittelfeld;Reservebank
986811;Slowenien;VfL Bochum;Zlatko Dedic;25;1500000.0;Mittelstürmer;Reservebank
986811;Slowenien;FC Groningen;Tim Matavz;21;1250000.0;Mittelstürmer;Reservebank
986811;England;West Ham United;Robert Green;30;8000000.0;Torwart;Reservebank
986811;England;Manchester City;Joe Hart;23;7000000.0;Torwart;Reservebank
986811;England;Tottenham Hotspur;Michael Dawson;26;8000000.0;Innenverteidiger;Reservebank
986811;England;Aston Villa;Stephen Warnock;28;8500000.0;Linker Verteidiger;Reservebank
986811;England;Manchester United;Michael Carrick;28;26000000.0;Defensives Mittelfeld;Reservebank
986811;England;FC Chelsea;Joe Cole;28;21000000.0;Hängende Spitze;Reservebank
986811;England;Tottenham Hotspur;Aaron Lennon;23;21000000.0;Rechtsaußen;Reservebank
986811;England;Manchester City;Shaun Wright-Phillips;28;15000000.0;Rechtsaußen;Reservebank
986811;England;Tottenham Hotspur;Peter Crouch;29;12000000.0;Mittelstürmer;Reservebank
986811;England;Aston Villa;Emile Heskey;32;5000000.0;Mittelstürmer;Reservebank
