GameId;team;club;name;age;value;position;role
986804;Italien;Cagliari Calcio;Federico Marchetti;27;7500000.0;Torwart;Startaufstellung
986804;Italien;Juventus Turin;Giorgio Chiellini;25;23000000.0;Innenverteidiger;Startaufstellung
986804;Italien;Juventus Turin;Fabio Cannavaro;36;5000000.0;Innenverteidiger;Startaufstellung
986804;Italien;FC Genua 1893;Domenico Criscito;23;10000000.0;Linker Verteidiger;Startaufstellung
986804;Italien;AC Mailand;Gianluca Zambrotta;33;4000000.0;Rechter Verteidiger;Startaufstellung
986804;Italien;AS Rom;Daniele De Rossi;26;38000000.0;Defensives Mittelfeld;Startaufstellung
986804;Italien;AC Florenz;Riccardo Montolivo;25;18000000.0;Zentrales Mittelfeld;Startaufstellung
986804;Italien;Juventus Turin;Claudio Marchisio;24;16000000.0;Linkes Mittelfeld;Startaufstellung
986804;Italien;Udinese Calcio;Simone Pepe;26;9000000.0;Rechtsaußen;Startaufstellung
986804;Italien;Juventus Turin;Vincenzo Iaquinta;30;15000000.0;Hängende Spitze;Startaufstellung
986804;Italien;AC Florenz;Alberto Gilardino;27;20000000.0;Mittelstürmer;Startaufstellung
986804;Neuseeland;Wellington Phoenix;Mark Paston;33;500000.0;Torwart;Startaufstellung
986804;Neuseeland;Ipswich Town;Tommy Smith;20;300000.0;Innenverteidiger;Startaufstellung
986804;Neuseeland;FC Midtjylland;Winston Reid;21;1250000.0;Innenverteidiger;Startaufstellung
986804;Neuseeland;Blackburn Rovers;Ryan Nelsen;32;3500000.0;Innenverteidiger;Startaufstellung
986804;Neuseeland;Auckland City FC;Ivan Vicelich;33;500000.0;Defensives Mittelfeld;Startaufstellung
986804;Neuseeland;Vereinslos;Simon Elliott;36;250000.0;Defensives Mittelfeld;Startaufstellung
986804;Neuseeland;Wellington Phoenix;Leo Bertos;28;450000.0;Rechtes Mittelfeld;Startaufstellung
986804;Neuseeland;Wellington Phoenix;Tony Lochhead;28;450000.0;Linkes Mittelfeld;Startaufstellung
986804;Neuseeland;FC Middlesbrough;Chris Killen;28;1000000.0;Linksaußen;Startaufstellung
986804;Neuseeland;Plymouth Argyle;Rory Fallon;28;1500000.0;Rechtsaußen;Startaufstellung
986804;Neuseeland;Gold Coast United;Shane Smeltz;28;800000.0;Mittelstürmer;Startaufstellung
986804;Italien;SSC Neapel;Morgan De Sanctis;33;5500000.0;Torwart;Reservebank
986804;Italien;FC Genua 1893;Salvatore Bocchetti;23;6500000.0;Innenverteidiger;Reservebank
986804;Italien;AS Bari;Leonardo Bonucci;23;8000000.0;Innenverteidiger;Reservebank
986804;Italien;SSC Neapel;Christian Maggio;28;10000000.0;Rechter Verteidiger;Reservebank
986804;Italien;AC Mailand;Andrea Pirlo;31;22000000.0;Defensives Mittelfeld;Reservebank
986804;Italien;Sampdoria Genua;Angelo Palombo;28;10000000.0;Defensives Mittelfeld;Reservebank
986804;Italien;AC Mailand;Gennaro Gattuso;32;10000000.0;Zentrales Mittelfeld;Reservebank
986804;Italien;Juventus Turin;Mauro Germán Camoranesi;33;5500000.0;Rechtes Mittelfeld;Reservebank
986804;Italien;Udinese Calcio;Antonio Di Natale;32;15000000.0;Mittelstürmer;Reservebank
986804;Italien;SSC Neapel;Fabio Quagliarella;27;14000000.0;Mittelstürmer;Reservebank
986804;Italien;Sampdoria Genua;Giampaolo Pazzini;25;17000000.0;Mittelstürmer;Reservebank
986804;Neuseeland;Team Wellington;James Bannatyne;34;100000.0;Torwart;Reservebank
986804;Neuseeland;New York Red Bulls;Andrew Boyens;26;200000.0;Innenverteidiger;Reservebank
986804;Neuseeland;Wellington Phoenix;Benjamin Sigmund;29;250000.0;Innenverteidiger;Reservebank
986804;Neuseeland;Canterbury United;Aaron Clapham;23;75000.0;Defensives Mittelfeld;Reservebank
986804;Neuseeland;Wellington Phoenix;David Mulligan;28;150000.0;Defensives Mittelfeld;Reservebank
986804;Neuseeland;Wellington Phoenix;Tim Brown;29;500000.0;Zentrales Mittelfeld;Reservebank
986804;Neuseeland;Team Wellington;Andrew Barron;29;100000.0;Zentrales Mittelfeld;Reservebank
986804;Neuseeland;Tampa Bay Rowdies;Jeremy Christie;27;200000.0;Zentrales Mittelfeld;Reservebank
986804;Neuseeland;Central Coast Mariners;Michael McGlinchey;23;400000.0;Linksaußen;Reservebank
986804;Neuseeland;Northern Fury FC;Jeremy Brockie;22;150000.0;Mittelstürmer;Reservebank
986804;Neuseeland;West Bromwich Albion;Chris Wood;18;600000.0;Rechtsaußen;Reservebank
