GameId;team;club;name;age;value;position;role
986803;Slowakei;Legia Warschau;Ján Mucha;27;3200000.0;Torwart;Startaufstellung
986803;Slowakei;FC Liverpool;Martin Skrtel;25;13500000.0;Innenverteidiger;Startaufstellung
986803;Slowakei;Slovan Bratislava;Kornel Salata;25;600000.0;Innenverteidiger;Startaufstellung
986803;Slowakei;Hannover 96;Jan Durica;28;1500000.0;Linker Verteidiger;Startaufstellung
986803;Slowakei;VfL Wolfsburg;Peter Pekarík;23;2500000.0;Rechter Verteidiger;Startaufstellung
986803;Slowakei;Skoda Xanthi;Zdeno Strba;34;500000.0;Defensives Mittelfeld;Startaufstellung
986803;Slowakei;FC Timisoara;Jan Kozak;30;950000.0;Zentrales Mittelfeld;Startaufstellung
986803;Slowakei;SSC Neapel;Marek Hamsik;22;24000000.0;Offensives Mittelfeld;Startaufstellung
986803;Slowakei;VfL Bochum;Stanislav Sestak;27;4500000.0;Linksaußen;Startaufstellung
986803;Slowakei;Manchester City;Vladimír Weiss;20;1500000.0;Rechtsaußen;Startaufstellung
986803;Slowakei;MKE Ankaragücü;Róbert Vittek;28;2300000.0;Mittelstürmer;Startaufstellung
986803;Paraguay;Real Valladolid;Justo Villar;32;1600000.0;Torwart;Startaufstellung
986803;Paraguay;AFC Sunderland;Paulo da Silva;30;3000000.0;Innenverteidiger;Startaufstellung
986803;Paraguay;FC Brügge;Antolín Alcaraz;27;3000000.0;Innenverteidiger;Startaufstellung
986803;Paraguay;Club Atlético Boca Juniors;Claudio Morel;32;1800000.0;Linker Verteidiger;Startaufstellung
986803;Paraguay;Olimpia Asunción;Carlos Bonet;32;1500000.0;Rechter Verteidiger;Startaufstellung
986803;Paraguay;Club Libertad Asunción;Víctor Cáceres;25;800000.0;Defensives Mittelfeld;Startaufstellung
986803;Paraguay;LDU Quito;Enrique Vera;31;1500000.0;Zentrales Mittelfeld;Startaufstellung
986803;Paraguay;CD Cruz Azul;Cristian Riveros;27;3000000.0;Zentrales Mittelfeld;Startaufstellung
986803;Paraguay;Borussia Dortmund;Nelson Valdez;26;4000000.0;Linksaußen;Startaufstellung
986803;Paraguay;Borussia Dortmund;Lucas Barrios;25;11000000.0;Rechtsaußen;Startaufstellung
986803;Paraguay;Manchester City;Roque Santa Cruz;28;8000000.0;Mittelstürmer;Startaufstellung
986803;Slowakei;Dundee United FC;Dusan Pernis;25;250000.0;Torwart;Reservebank
986803;Slowakei;FC Vaslui;Dusan Kuciak;25;1350000.0;Torwart;Reservebank
986803;Slowakei;West Bromwich Albion;Marek Cech;27;2200000.0;Linker Verteidiger;Reservebank
986803;Slowakei;1.FSV Mainz 05;Radoslav Zabavník;29;1500000.0;Linker Verteidiger;Reservebank
986803;Slowakei;AC Cesena;Martin Petras;30;700000.0;Rechter Verteidiger;Reservebank
986803;Slowakei;Spartak Trnava;Kamil Kopúnek;26;300000.0;Defensives Mittelfeld;Reservebank
986803;Slowakei;AC Sparta Prag;Juraj Kucka;23;1500000.0;Zentrales Mittelfeld;Reservebank
986803;Slowakei;MKE Ankaragücü;Marek Sapara;27;2500000.0;Offensives Mittelfeld;Reservebank
986803;Slowakei;FC Twente Enschede;Miroslav Stoch;20;4500000.0;Linksaußen;Reservebank
986803;Slowakei;Besiktas Istanbul;Filip Holosko;26;6500000.0;Mittelstürmer;Reservebank
986803;Slowakei;1.FC Kaiserslautern;Erik Jendrisek;23;2500000.0;Mittelstürmer;Reservebank
986803;Slowakei;Saturn Ramenskoe;Martin Jakubko;30;1200000.0;Mittelstürmer;Reservebank
986803;Paraguay;Club Cerro Porteño;Diego Barreto;28;250000.0;Torwart;Reservebank
986803;Paraguay;Independiente Medellín;Aldo Bobadilla;34;1000000.0;Torwart;Reservebank
986803;Paraguay;UNAM Pumas;Darío Verón;30;2500000.0;Innenverteidiger;Reservebank
986803;Paraguay;Clube Atlético Mineiro;Julio Cáceres;30;1800000.0;Innenverteidiger;Reservebank
986803;Paraguay;Club Atlético San Lorenzo de Almagro;Aureliano Torres;28;1800000.0;Linkes Mittelfeld;Reservebank
986803;Paraguay;Club León FC;Denis Caniza;35;800000.0;Rechter Verteidiger;Reservebank
986803;Paraguay;Atalanta Bergamo;Édgar Barreto;25;3500000.0;Zentrales Mittelfeld;Reservebank
986803;Paraguay;VfL Wolfsburg;Jonathan Santana;28;1500000.0;Zentrales Mittelfeld;Reservebank
986803;Paraguay;Argentinos Juniors;Néstor Ortigoza;25;2300000.0;Zentrales Mittelfeld;Reservebank
986803;Paraguay;CF Pachuca;Edgar Benítez;22;2500000.0;Linksaußen;Reservebank
986803;Paraguay;Club Libertad Asunción;Rodolfo Gamarra;21;1000000.0;Hängende Spitze;Reservebank
986803;Paraguay;Benfica Lissabon;Óscar Cardozo;27;12500000.0;Mittelstürmer;Reservebank
