GameId;team;club;name;age;value;position;role
986815;Kamerun;Kayserispor;Souleymanou Hamidou;36;700000.0;Torwart;Startaufstellung
986815;Kamerun;AS Monaco;Nicolas N'Koulou;20;4000000.0;Innenverteidiger;Startaufstellung
986815;Kamerun;Olympique Marseille;Stéphane Mbia;24;11000000.0;Innenverteidiger;Startaufstellung
986815;Kamerun;Tottenham Hotspur;Benoît Assou-Ekotto;26;7000000.0;Linker Verteidiger;Startaufstellung
986815;Kamerun;MKE Ankaragücü;Njitap Geremi;31;2500000.0;Rechter Verteidiger;Startaufstellung
986815;Kamerun;LOSC Lille;Aurélien Chedjou;25;2500000.0;Defensives Mittelfeld;Startaufstellung
986815;Kamerun;Olympique Lyon;Jean II Makoun;27;12500000.0;Defensives Mittelfeld;Startaufstellung
986815;Kamerun;Celtic Glasgow;Landry N'Guemo;24;5000000.0;Rechtes Mittelfeld;Startaufstellung
986815;Kamerun;Valenciennes FC ;Gaëtan Bong;22;1300000.0;Linkes Mittelfeld;Startaufstellung
986815;Kamerun;1.FC Nürnberg;Eric Maxim Choupo-Moting;21;1000000.0;Mittelstürmer;Startaufstellung
986815;Kamerun;FC Internazionale;Samuel Eto'o;29;40000000.0;Mittelstürmer;Startaufstellung
986815;Niederlande;Ajax Amsterdam;Maarten Stekelenburg;27;6000000.0;Torwart;Startaufstellung
986815;Niederlande;Hamburger SV;Joris Mathijsen;30;9000000.0;Innenverteidiger;Startaufstellung
986815;Niederlande;FC Everton;Johnny Heitinga;26;9000000.0;Innenverteidiger;Startaufstellung
986815;Niederlande;Feyenoord Rotterdam;Giovanni van Bronckhorst;35;3750000.0;Linker Verteidiger;Startaufstellung
986815;Niederlande;VfB Stuttgart;Khalid Boulahrouz;28;3000000.0;Rechter Verteidiger;Startaufstellung
986815;Niederlande;FC Bayern München;Mark van Bommel;33;6500000.0;Defensives Mittelfeld;Startaufstellung
986815;Niederlande;Manchester City;Nigel de Jong;25;14000000.0;Defensives Mittelfeld;Startaufstellung
986815;Niederlande;FC Internazionale;Wesley Sneijder;26;35000000.0;Offensives Mittelfeld;Startaufstellung
986815;Niederlande;Real Madrid;Rafael van der Vaart;27;15000000.0;Linksaußen;Startaufstellung
986815;Niederlande;FC Liverpool;Dirk Kuyt;29;17000000.0;Rechtsaußen;Startaufstellung
986815;Niederlande;FC Arsenal;Robin van Persie;26;25000000.0;Mittelstürmer;Startaufstellung
986815;Kamerun;Espanyol Barcelona;Carlos Kameni;26;10000000.0;Torwart;Reservebank
986815;Kamerun;Valenciennes FC ;Guy Ndy Assembé;24;1300000.0;Torwart;Reservebank
986815;Kamerun;Tottenham Hotspur;Sébastien Bassong;23;8500000.0;Innenverteidiger;Reservebank
986815;Kamerun;Trabzonspor;Rigobert Song;33;3500000.0;Innenverteidiger;Reservebank
986815;Kamerun;FC Schalke 04;Joel Matip;18;3000000.0;Innenverteidiger;Reservebank
986815;Kamerun;FC Arsenal;Alex Song;22;13000000.0;Defensives Mittelfeld;Reservebank
986815;Kamerun;Real Betis Sevilla;Achille Emaná;28;8000000.0;Offensives Mittelfeld;Reservebank
986815;Kamerun;SC Freiburg;Mohamadou Idrissou;30;2500000.0;Mittelstürmer;Reservebank
986815;Kamerun;RCD Mallorca;Pierre Webó;28;3400000.0;Mittelstürmer;Reservebank
986815;Kamerun;;Vincent Aboubakar;18;200000.0;Linksaußen;Reservebank
986815;Niederlande;FC Twente Enschede;Sander Boschker;39;800000.0;Torwart;Reservebank
986815;Niederlande;FC Utrecht;Michel Vorm;26;3500000.0;Torwart;Reservebank
986815;Niederlande;PSV Eindhoven;André Ooijer;35;2000000.0;Innenverteidiger;Reservebank
986815;Niederlande;Celtic Glasgow;Edson Braafheid;27;3000000.0;Linker Verteidiger;Reservebank
986815;Niederlande;Ajax Amsterdam;Gregory van der Wiel;22;6500000.0;Rechter Verteidiger;Reservebank
986815;Niederlande;AZ Alkmaar;Stijn Schaars;26;6000000.0;Defensives Mittelfeld;Reservebank
986815;Niederlande;Ajax Amsterdam;Demy de Zeeuw;27;7500000.0;Zentrales Mittelfeld;Reservebank
986815;Niederlande;PSV Eindhoven;Ibrahim Afellay;24;9000000.0;Linkes Mittelfeld;Reservebank
986815;Niederlande;Hamburger SV;Eljero Elia;23;14000000.0;Rechtsaußen;Reservebank
986815;Niederlande;FC Liverpool;Ryan Babel;23;7000000.0;Linksaußen;Reservebank
986815;Niederlande;FC Bayern München;Arjen Robben;26;38000000.0;Linksaußen;Reservebank
986815;Niederlande;AC Mailand;Klaas-Jan Huntelaar;26;15000000.0;Mittelstürmer;Reservebank
