GameId;team;club;name;age;value;position;role
986818;Paraguay;Real Valladolid;Justo Villar;32;1600000.0;Torwart;Startaufstellung
986818;Paraguay;Clube Atlético Mineiro;Julio Cáceres;30;1800000.0;Innenverteidiger;Startaufstellung
986818;Paraguay;AFC Sunderland;Paulo da Silva;30;3000000.0;Innenverteidiger;Startaufstellung
986818;Paraguay;Club Atlético Boca Juniors;Claudio Morel;32;1800000.0;Linker Verteidiger;Startaufstellung
986818;Paraguay;Club León FC;Denis Caniza;35;800000.0;Rechter Verteidiger;Startaufstellung
986818;Paraguay;LDU Quito;Enrique Vera;31;1500000.0;Defensives Mittelfeld;Startaufstellung
986818;Paraguay;Club Libertad Asunción;Víctor Cáceres;25;800000.0;Defensives Mittelfeld;Startaufstellung
986818;Paraguay;CD Cruz Azul;Cristian Riveros;27;3000000.0;Offensives Mittelfeld;Startaufstellung
986818;Paraguay;Borussia Dortmund;Nelson Valdez;26;4000000.0;Linksaußen;Startaufstellung
986818;Paraguay;Manchester City;Roque Santa Cruz;28;8000000.0;Rechtsaußen;Startaufstellung
986818;Paraguay;Benfica Lissabon;Óscar Cardozo;27;12500000.0;Mittelstürmer;Startaufstellung
986818;Neuseeland;Wellington Phoenix;Mark Paston;33;500000.0;Torwart;Startaufstellung
986818;Neuseeland;Ipswich Town;Tommy Smith;20;300000.0;Innenverteidiger;Startaufstellung
986818;Neuseeland;FC Midtjylland;Winston Reid;21;1250000.0;Innenverteidiger;Startaufstellung
986818;Neuseeland;Blackburn Rovers;Ryan Nelsen;32;3500000.0;Innenverteidiger;Startaufstellung
986818;Neuseeland;Auckland City FC;Ivan Vicelich;33;500000.0;Defensives Mittelfeld;Startaufstellung
986818;Neuseeland;Vereinslos;Simon Elliott;36;250000.0;Defensives Mittelfeld;Startaufstellung
986818;Neuseeland;Wellington Phoenix;Leo Bertos;28;450000.0;Rechtes Mittelfeld;Startaufstellung
986818;Neuseeland;Wellington Phoenix;Tony Lochhead;28;450000.0;Linkes Mittelfeld;Startaufstellung
986818;Neuseeland;Gold Coast United;Shane Smeltz;28;800000.0;Linksaußen;Startaufstellung
986818;Neuseeland;FC Middlesbrough;Chris Killen;28;1000000.0;Rechtsaußen;Startaufstellung
986818;Neuseeland;Plymouth Argyle;Rory Fallon;28;1500000.0;Mittelstürmer;Startaufstellung
986818;Paraguay;Club Cerro Porteño;Diego Barreto;28;250000.0;Torwart;Reservebank
986818;Paraguay;Independiente Medellín;Aldo Bobadilla;34;1000000.0;Torwart;Reservebank
986818;Paraguay;UNAM Pumas;Darío Verón;30;2500000.0;Innenverteidiger;Reservebank
986818;Paraguay;FC Brügge;Antolín Alcaraz;27;3000000.0;Innenverteidiger;Reservebank
986818;Paraguay;Club Atlético San Lorenzo de Almagro;Aureliano Torres;28;1800000.0;Linker Verteidiger;Reservebank
986818;Paraguay;Olimpia Asunción;Carlos Bonet;32;1500000.0;Rechter Verteidiger;Reservebank
986818;Paraguay;Atalanta Bergamo;Édgar Barreto;25;3500000.0;Zentrales Mittelfeld;Reservebank
986818;Paraguay;VfL Wolfsburg;Jonathan Santana;28;1500000.0;Zentrales Mittelfeld;Reservebank
986818;Paraguay;Argentinos Juniors;Néstor Ortigoza;25;2300000.0;Zentrales Mittelfeld;Reservebank
986818;Paraguay;CF Pachuca;Edgar Benítez;22;2500000.0;Linksaußen;Reservebank
986818;Paraguay;Club Libertad Asunción;Rodolfo Gamarra;21;1000000.0;Hängende Spitze;Reservebank
986818;Paraguay;Borussia Dortmund;Lucas Barrios;25;11000000.0;Mittelstürmer;Reservebank
986818;Neuseeland;Melbourne Victory;Glen Moss;27;250000.0;Torwart;Reservebank
986818;Neuseeland;Team Wellington;James Bannatyne;34;100000.0;Torwart;Reservebank
986818;Neuseeland;New York Red Bulls;Andrew Boyens;26;200000.0;Innenverteidiger;Reservebank
986818;Neuseeland;Wellington Phoenix;Benjamin Sigmund;29;250000.0;Innenverteidiger;Reservebank
986818;Neuseeland;Canterbury United;Aaron Clapham;23;75000.0;Defensives Mittelfeld;Reservebank
986818;Neuseeland;Wellington Phoenix;David Mulligan;28;150000.0;Defensives Mittelfeld;Reservebank
986818;Neuseeland;Wellington Phoenix;Tim Brown;29;500000.0;Zentrales Mittelfeld;Reservebank
986818;Neuseeland;Team Wellington;Andrew Barron;29;100000.0;Zentrales Mittelfeld;Reservebank
986818;Neuseeland;Tampa Bay Rowdies;Jeremy Christie;27;200000.0;Zentrales Mittelfeld;Reservebank
986818;Neuseeland;Central Coast Mariners;Michael McGlinchey;23;400000.0;Linksaußen;Reservebank
986818;Neuseeland;Northern Fury FC;Jeremy Brockie;22;150000.0;Rechtsaußen;Reservebank
986818;Neuseeland;West Bromwich Albion;Chris Wood;18;600000.0;Mittelstürmer;Reservebank
