GameId;team;club;name;age;value;position;role
986810;Nigeria;Hapoel Tel Aviv;Vincent Enyeama;27;2000000.0;Torwart;Startaufstellung
986810;Nigeria;FC Everton;Joseph Yobo;29;9500000.0;Innenverteidiger;Startaufstellung
986810;Nigeria;Bolton Wanderers;Danny Shittu;29;1000000.0;Innenverteidiger;Startaufstellung
986810;Nigeria;Red Bull Salzburg;Rabiu Afolabi;30;2800000.0;Linker Verteidiger;Startaufstellung
986810;Nigeria;ZSKA Moskau;Chidi Odiah;26;2500000.0;Rechter Verteidiger;Startaufstellung
986810;Nigeria;Dynamo Kiew;Ayila Yussuf;25;3500000.0;Defensives Mittelfeld;Startaufstellung
986810;Nigeria;FC Fulham;Dickson Etuhu;28;3000000.0;Defensives Mittelfeld;Startaufstellung
986810;Nigeria;UD Almería;Kalu Uche;27;4600000.0;Linksaußen;Startaufstellung
986810;Nigeria;TSG 1899 Hoffenheim;Chinedu Obasi;24;8000000.0;Rechtsaußen;Startaufstellung
986810;Nigeria;FC Portsmouth;Nwankwo Kanu;33;1500000.0;Hängende Spitze;Startaufstellung
986810;Nigeria;FC Everton;Yakubu Aiyegbeni;27;16500000.0;Mittelstürmer;Startaufstellung
986810;Südkorea;Seongnam FC;Sung-Ryong Jung;25;900000.0;Torwart;Startaufstellung
986810;Südkorea;Kashima Antlers;Jeong-su Lee;30;2000000.0;Innenverteidiger;Startaufstellung
986810;Südkorea;Jeju United FC;Yong-hyeong Jo;26;1000000.0;Innenverteidiger;Startaufstellung
986810;Südkorea;Al-Hilal Riad;Young-Pyo Lee;33;1800000.0;Linker Verteidiger;Startaufstellung
986810;Südkorea;SC Freiburg;Du-Ri Cha;29;1250000.0;Rechter Verteidiger;Startaufstellung
986810;Südkorea;Celtic Glasgow;Sung-Yong Ki;21;3000000.0;Zentrales Mittelfeld;Startaufstellung
986810;Südkorea;Sangju Sangmu Phoenix FC;Jung-Woo Kim;28;1750000.0;Zentrales Mittelfeld;Startaufstellung
986810;Südkorea;Manchester United;Ji-Sung Park;29;11500000.0;Linksaußen;Startaufstellung
986810;Südkorea;Bolton Wanderers;Chung-Yong Lee;21;3000000.0;Rechtsaußen;Startaufstellung
986810;Südkorea;Suwon Samsung Bluewings FC;Ki-hun Yeom;27;750000.0;Hängende Spitze;Startaufstellung
986810;Südkorea;AS Monaco;Ju-yeong Park;24;5200000.0;Mittelstürmer;Startaufstellung
986810;Nigeria;Bnei Yehuda Tel Aviv;Dele Aiyenugba;26;850000.0;Torwart;Reservebank
986810;Nigeria;Hapoel Petah Tikva;Austin Ejide;26;250000.0;Torwart;Reservebank
986810;Nigeria;Sparta Rotterdam;Dele Adeleye;21;1000000.0;Innenverteidiger;Reservebank
986810;Nigeria;Olympique Marseille;Taye Taiwo;25;10500000.0;Linker Verteidiger;Reservebank
986810;Nigeria;FC Stade Rennes;Elderson;22;850000.0;Linker Verteidiger;Reservebank
986810;Nigeria;AS Monaco;Lukman Haruna;19;800000.0;Zentrales Mittelfeld;Reservebank
986810;Nigeria;FC Portsmouth;John Utaka;28;3500000.0;Linksaußen;Reservebank
986810;Nigeria;Lokomotiv Moskau;Peter Odemwingie;28;7000000.0;Rechtsaußen;Reservebank
986810;Nigeria;FC Málaga;Victor Obinna;23;4000000.0;Linksaußen;Reservebank
986810;Nigeria;VfL Wolfsburg;Obafemi Martins;25;10500000.0;Mittelstürmer;Reservebank
986810;Nigeria;FC Sochaux-Montbéliard;Brown Ideye;21;3500000.0;Mittelstürmer;Reservebank
986810;Südkorea;Suwon Samsung Bluewings FC;Woon-Jae Lee;37;1500000.0;Torwart;Reservebank
986810;Südkorea;Ulsan Hyundai;Yeong-kwan Kim;26;650000.0;Torwart;Reservebank
986810;Südkorea;FC Pohang Steelers;Hyeong-il Kim;26;1700000.0;Innenverteidiger;Reservebank
986810;Südkorea;Suwon Samsung Bluewings FC;Min-su Kang;24;1200000.0;Innenverteidiger;Reservebank
986810;Südkorea;Ulsan Hyundai;Dong-Jin Kim;28;2000000.0;Linker Verteidiger;Reservebank
986810;Südkorea;Ulsan Hyundai;Beom-seok Oh;25;2300000.0;Rechter Verteidiger;Reservebank
986810;Südkorea;Tom Tomsk;Nam-Il Kim;33;400000.0;Defensives Mittelfeld;Reservebank
986810;Südkorea;Oita Trinita;Bo-Kyung Kim;20;300000.0;Offensives Mittelfeld;Reservebank
986810;Südkorea;FC Pohang Steelers;Jae-seong Kim;26;1000000.0;Zentrales Mittelfeld;Reservebank
986810;Südkorea;FC Seoul;Seung-Yeoul Lee;21;250000.0;Mittelstürmer;Reservebank
986810;Südkorea;Jeonbuk Hyundai Motors FC;Dong-guk Lee;31;600000.0;Mittelstürmer;Reservebank
986810;Südkorea;Dalian Shide;Jung-Hwan Ahn;34;300000.0;Mittelstürmer;Reservebank
