GameId;team;club;name;age;value;position;role
986800;Ghana;Wigan Athletic;Richard Kingson;32;500000.0;Torwart;Startaufstellung
986800;Ghana;Berekum Chelsea FC;Lee Addy;19;200000.0;Innenverteidiger;Startaufstellung
986800;Ghana;FC Granada;Jonathan Mensah;19;300000.0;Innenverteidiger;Startaufstellung
986800;Ghana;Bayer 04 Leverkusen;Hans Sarpei;33;500000.0;Linker Verteidiger;Startaufstellung
986800;Ghana;FC Fulham;John Paintsil;29;4000000.0;Rechter Verteidiger;Startaufstellung
986800;Ghana;Rosenborg BK;Anthony Annan;23;1750000.0;Defensives Mittelfeld;Startaufstellung
986800;Ghana;FC Portsmouth;Kevin-Prince Boateng;23;4000000.0;Zentrales Mittelfeld;Startaufstellung
986800;Ghana;Udinese Calcio;Kwadwo Asamoah;21;5500000.0;Offensives Mittelfeld;Startaufstellung
986800;Ghana;Athlétic Club Arlésien;André Ayew;20;1000000.0;Linksaußen;Startaufstellung
986800;Ghana;TSG 1899 Hoffenheim;Prince Tagoe;23;1000000.0;Rechtsaußen;Startaufstellung
986800;Ghana;FC Stade Rennes;Asamoah Gyan;24;6200000.0;Mittelstürmer;Startaufstellung
986800;Australien;FC Fulham;Mark Schwarzer;37;4000000.0;Torwart;Startaufstellung
986800;Australien;Galatasaray Istanbul;Lucas Neill;32;4000000.0;Innenverteidiger;Startaufstellung
986800;Australien;AO Kavala;Craig Moore;34;1000000.0;Innenverteidiger;Startaufstellung
986800;Australien;FC Twente Enschede;David Carney;26;750000.0;Linker Verteidiger;Startaufstellung
986800;Australien;Dinamo Moskau;Luke Wilkshire;28;4000000.0;Rechter Verteidiger;Startaufstellung
986800;Australien;Gold Coast United;Jason Culina;29;1500000.0;Zentrales Mittelfeld;Startaufstellung
986800;Australien;US Sassuolo;Carl Valeri;25;2000000.0;Zentrales Mittelfeld;Startaufstellung
986800;Australien;Blackburn Rovers;Brett Emerton;31;4000000.0;Rechtes Mittelfeld;Startaufstellung
986800;Australien;US Palermo;Mark Bresciano;30;4000000.0;Linkes Mittelfeld;Startaufstellung
986800;Australien;AZ Alkmaar;Brett Holman;26;2500000.0;Offensives Mittelfeld;Startaufstellung
986800;Australien;Galatasaray Istanbul;Harry Kewell;31;9000000.0;Mittelstürmer;Startaufstellung
986800;Ghana;Liberty Professionals Accra;Daniel Agyei;20;200000.0;Torwart;Reservebank
986800;Ghana;;Stephen Ahorlu;21;150000.0;Torwart;Reservebank
986800;Ghana;AFC Sunderland;John Mensah;27;5000000.0;Innenverteidiger;Reservebank
986800;Ghana;Zamalek SC;Ibrahim Ayew;22;400000.0;Rechter Verteidiger;Reservebank
986800;Ghana;FC Basel 1893;Samuel Inkoom;21;1500000.0;Rechter Verteidiger;Reservebank
986800;Ghana;FC Getafe;Derek Boateng;27;3400000.0;Defensives Mittelfeld;Reservebank
986800;Ghana;FC Internazionale;Sulley Muntari;25;13000000.0;Offensives Mittelfeld;Reservebank
986800;Ghana;FC Bologna;Stephen Appiah;29;2000000.0;Zentrales Mittelfeld;Reservebank
986800;Ghana;Al Sadd Sports Club;Quincy Owusu-Abeyie;24;1000000.0;Rechtsaußen;Reservebank
986800;Ghana;AC Mailand;Dominic Adiyiah;20;1000000.0;Rechtsaußen;Reservebank
986800;Ghana;NAC Breda;Matthew Amoah;29;2500000.0;Mittelstürmer;Reservebank
986800;Australien;Adelaide United;Eugene Galekovic;29;1000000.0;Torwart;Reservebank
986800;Australien;FC Reading;Adam Federici;25;750000.0;Torwart;Reservebank
986800;Australien;Al-Jazira (Abu Dhabi);Michael Beauchamp;29;700000.0;Innenverteidiger;Reservebank
986800;Australien;Antalyaspor;Mile Jedinak;25;2000000.0;Defensives Mittelfeld;Reservebank
986800;Australien;JEF United Chiba;Mark Milligan;24;450000.0;Defensives Mittelfeld;Reservebank
986800;Australien;FC Basel 1893;Scott Chipperfield;34;1000000.0;Linkes Mittelfeld;Reservebank
986800;Australien;MSV Duisburg;Dario Vidosic;23;500000.0;Offensives Mittelfeld;Reservebank
986800;Australien;KSV Roeselare;Nikita Rukavytsya;22;600000.0;Rechtsaußen;Reservebank
986800;Australien;Hull City;Richard García;28;2000000.0;Hängende Spitze;Reservebank
986800;Australien;Nagoya Grampus;Joshua Kennedy;27;1200000.0;Mittelstürmer;Reservebank
