GameId;team;club;name;age;value;position;role
986821;Chile;Real Sociedad San Sebastián;Claudio Bravo;27;4000000.0;Torwart;Startaufstellung
986821;Chile;CD Universidad Católica;Waldo Ponce;27;1000000.0;Innenverteidiger;Startaufstellung
986821;Chile;West Bromwich Albion;Gonzalo Jara;24;1500000.0;Innenverteidiger;Startaufstellung
986821;Chile;Club Atlético Boca Juniors;Gary Medel;22;2500000.0;Innenverteidiger;Startaufstellung
986821;Chile;Udinese Calcio;Mauricio Isla;22;5000000.0;Rechter Verteidiger;Startaufstellung
986821;Chile;Club Universidad de Chile;Marco Estrada;27;675000.0;Defensives Mittelfeld;Startaufstellung
986821;Chile;Bayer 04 Leverkusen;Arturo Vidal;23;10000000.0;Zentrales Mittelfeld;Startaufstellung
986821;Chile;Al-Ain FC;Jorge Valdivia;26;3000000.0;Offensives Mittelfeld;Startaufstellung
986821;Chile;CF América;Jean Beausejour;26;2500000.0;Linksaußen;Startaufstellung
986821;Chile;ZSKA Moskau;Mark González;25;5000000.0;Linksaußen;Startaufstellung
986821;Chile;Udinese Calcio;Alexis Sánchez;21;8000000.0;Rechtsaußen;Startaufstellung
986821;Spanien;Real Madrid;Iker Casillas;29;32000000.0;Torwart;Startaufstellung
986821;Spanien;FC Barcelona;Gerard Piqué;23;25000000.0;Innenverteidiger;Startaufstellung
986821;Spanien;FC Barcelona;Carles Puyol;32;28000000.0;Innenverteidiger;Startaufstellung
986821;Spanien;FC Villarreal;Joan Capdevila;32;10000000.0;Linker Verteidiger;Startaufstellung
986821;Spanien;Real Madrid;Sergio Ramos;24;27000000.0;Rechter Verteidiger;Startaufstellung
986821;Spanien;FC Barcelona;Sergio Busquets;21;20000000.0;Defensives Mittelfeld;Startaufstellung
986821;Spanien;Real Madrid;Xabi Alonso;28;30000000.0;Zentrales Mittelfeld;Startaufstellung
986821;Spanien;FC Barcelona;Xavi;30;65000000.0;Zentrales Mittelfeld;Startaufstellung
986821;Spanien;FC Valencia;David Villa;28;45000000.0;Linksaußen;Startaufstellung
986821;Spanien;FC Barcelona;Andrés Iniesta;26;60000000.0;Rechtsaußen;Startaufstellung
986821;Spanien;FC Liverpool;Fernando Torres;26;50000000.0;Mittelstürmer;Startaufstellung
986821;Chile;Club Universidad de Chile;Miguel Pinto;26;750000.0;Torwart;Reservebank
986821;Chile;Unión Española;Luis Marín;27;475000.0;Torwart;Reservebank
986821;Chile;CD Universidad Católica;Ismael Fuentes;28;800000.0;Innenverteidiger;Reservebank
986821;Chile;PAOK Thessaloniki;Pablo Contreras;31;5000000.0;Innenverteidiger;Reservebank
986821;Chile;Flamengo Rio de Janeiro;Gonzalo Fierro;27;1000000.0;Rechtes Mittelfeld;Reservebank
986821;Chile;CSD Colo Colo;Rodrigo Millar;28;700000.0;Zentrales Mittelfeld;Reservebank
986821;Chile;Besiktas Istanbul;Rodrigo Tello;30;6000000.0;Linkes Mittelfeld;Reservebank
986821;Chile;Deportivo Xerez;Fabián Orellana;24;1200000.0;Rechtsaußen;Reservebank
986821;Chile;CSD Colo Colo;Esteban Paredes;29;1100000.0;Mittelstürmer;Reservebank
986821;Chile;Real Saragossa ;Humberto Suazo;29;10000000.0;Mittelstürmer;Reservebank
986821;Spanien;FC Barcelona;Víctor Valdés;28;18000000.0;Torwart;Reservebank
986821;Spanien;FC Liverpool;Pepe Reina;27;20000000.0;Torwart;Reservebank
986821;Spanien;Real Madrid;Raúl Albiol;24;18000000.0;Innenverteidiger;Reservebank
986821;Spanien;FC Valencia;Carlos Marchena;30;8000000.0;Innenverteidiger;Reservebank
986821;Spanien;Real Madrid;Álvaro Arbeloa;27;12000000.0;Rechter Verteidiger;Reservebank
986821;Spanien;Athletic Bilbao;Javi Martínez;21;15000000.0;Defensives Mittelfeld;Reservebank
986821;Spanien;FC Arsenal;Cesc Fàbregas;23;55000000.0;Offensives Mittelfeld;Reservebank
986821;Spanien;FC Valencia;Juan Mata;22;23000000.0;Offensives Mittelfeld;Reservebank
986821;Spanien;FC Valencia;David Silva;24;32000000.0;Offensives Mittelfeld;Reservebank
986821;Spanien;FC Barcelona;Pedro;22;14000000.0;Linksaußen;Reservebank
986821;Spanien;FC Sevilla;Jesús Navas;24;28000000.0;Rechtsaußen;Reservebank
986821;Spanien;Athletic Bilbao;Fernando Llorente;25;15000000.0;Mittelstürmer;Reservebank
