GameId;team;club;name;age;value;position;role
986806;Portugal;SC Braga;Eduardo;27;7800000.0;Torwart;Startaufstellung
986806;Portugal;FC Porto;Bruno Alves;28;16500000.0;Innenverteidiger;Startaufstellung
986806;Portugal;FC Chelsea;Ricardo Carvalho;32;17500000.0;Innenverteidiger;Startaufstellung
986806;Portugal;Benfica Lissabon;Fábio Coentrão;22;5600000.0;Linker Verteidiger;Startaufstellung
986806;Portugal;FC Valencia;Miguel;30;7000000.0;Rechter Verteidiger;Startaufstellung
986806;Portugal;Sporting Lissabon;Pedro Mendes;31;6500000.0;Defensives Mittelfeld;Startaufstellung
986806;Portugal;FC Porto;Raúl Meireles;27;10500000.0;Zentrales Mittelfeld;Startaufstellung
986806;Portugal;Atlético Madrid;Tiago;29;8000000.0;Zentrales Mittelfeld;Startaufstellung
986806;Portugal;Real Madrid;Cristiano Ronaldo;25;75000000.0;Linksaußen;Startaufstellung
986806;Portugal;Atlético Madrid;Simão Sabrosa;30;16000000.0;Rechtsaußen;Startaufstellung
986806;Portugal;SV Werder Bremen;Hugo Almeida;26;7000000.0;Mittelstürmer;Startaufstellung
986806;Nordkorea;Pyongyang CSG;Myong-Guk Ri;23;350000.0;Torwart;Startaufstellung
986806;Nordkorea;;Jun-Il Ri;22;350000.0;Innenverteidiger;Startaufstellung
986806;Nordkorea;25. April Sports Club;Kwang-Chon Ri;24;600000.0;Innenverteidiger;Startaufstellung
986806;Nordkorea;;Chol-Jin Pak;24;500000.0;Innenverteidiger;Startaufstellung
986806;Nordkorea;25. April Sports Club;Yun-Nam Ji;24;300000.0;Linker Verteidiger;Startaufstellung
986806;Nordkorea;;Jong-Hyok Cha;24;400000.0;Rechter Verteidiger;Startaufstellung
986806;Nordkorea;Omiya Ardija;Young-Hak An;31;500000.0;Defensives Mittelfeld;Startaufstellung
986806;Nordkorea;;In-Guk Mun;31;400000.0;Rechtes Mittelfeld;Startaufstellung
986806;Nordkorea;;Nam-Chol Pak;24;500000.0;Linkes Mittelfeld;Startaufstellung
986806;Nordkorea;FK Rostov;Yong-Jo Hong;28;750000.0;Offensives Mittelfeld;Startaufstellung
986806;Nordkorea;Kawasaki Frontale;Chong Tese;26;2500000.0;Mittelstürmer;Startaufstellung
986806;Portugal;FC Porto;Beto;28;4400000.0;Torwart;Reservebank
986806;Portugal;Iraklis Thessaloniki;Daniel Fernandes;26;800000.0;Torwart;Reservebank
986806;Portugal;FC Porto;Rolando;24;8800000.0;Innenverteidiger;Reservebank
986806;Portugal;Real Madrid;Pepe;27;22000000.0;Innenverteidiger;Reservebank
986806;Portugal;LOSC Lille;Ricardo Costa;29;3500000.0;Innenverteidiger;Reservebank
986806;Portugal;FC Chelsea;Paulo Ferreira;31;3000000.0;Rechter Verteidiger;Reservebank
986806;Portugal;Sporting Lissabon;Miguel Veloso;24;10500000.0;Defensives Mittelfeld;Reservebank
986806;Portugal;FC Málaga;Duda;29;6000000.0;Linksaußen;Reservebank
986806;Portugal;Zenit St. Petersburg;Danny;26;14500000.0;Offensives Mittelfeld;Reservebank
986806;Portugal;Sporting Lissabon;Liedson;32;12000000.0;Mittelstürmer;Reservebank
986806;Nordkorea;;Myong-Gil Kim;25;150000.0;Torwart;Reservebank
986806;Nordkorea;;Song-Chol Nam;28;100000.0;Rechter Verteidiger;Reservebank
986806;Nordkorea;;Nam-Chol Pak;21;150000.0;Innenverteidiger;Reservebank
986806;Nordkorea;;Kwang-Hyok Ri;22;200000.0;Linker Verteidiger;Reservebank
986806;Nordkorea;;Sung-Hyok Pak;20;100000.0;Defensives Mittelfeld;Reservebank
986806;Nordkorea;Pyongyang CSG;Yong-Jun Kim;26;600000.0;Rechtes Mittelfeld;Reservebank
986806;Nordkorea;;Kyong-Il Kim;21;100000.0;Linkes Mittelfeld;Reservebank
986806;Nordkorea;;Chol-Myong Ri;22;150000.0;Offensives Mittelfeld;Reservebank
986806;Nordkorea;;Kum-Il Kim;22;150000.0;Sturm;Reservebank
986806;Nordkorea;;Chol-Hyok An;24;450000.0;Mittelstürmer;Reservebank
986806;Nordkorea;;Kum-Chol Choe;23;450000.0;Mittelstürmer;Reservebank
986806;Nordkorea;;Myong-Won Kim;26;150000.0;Mittelstürmer;Reservebank
