GameId;team;club;name;age;value;position;role
986807;Chile;Real Sociedad San Sebastián;Claudio Bravo;27;4000000.0;Torwart;Startaufstellung
986807;Chile;CD Universidad Católica;Waldo Ponce;27;1000000.0;Innenverteidiger;Startaufstellung
986807;Chile;West Bromwich Albion;Gonzalo Jara;24;1500000.0;Innenverteidiger;Startaufstellung
986807;Chile;Club Atlético Boca Juniors;Gary Medel;22;2500000.0;Innenverteidiger;Startaufstellung
986807;Chile;Udinese Calcio;Mauricio Isla;22;5000000.0;Rechter Verteidiger;Startaufstellung
986807;Chile;Reggina Calcio;Carlos Carmona;23;1750000.0;Defensives Mittelfeld;Startaufstellung
986807;Chile;Bayer 04 Leverkusen;Arturo Vidal;23;10000000.0;Zentrales Mittelfeld;Startaufstellung
986807;Chile;Sporting Lissabon;Matías Fernández;24;7000000.0;Offensives Mittelfeld;Startaufstellung
986807;Chile;CF América;Jean Beausejour;26;2500000.0;Linksaußen;Startaufstellung
986807;Chile;Udinese Calcio;Alexis Sánchez;21;8000000.0;Rechtsaußen;Startaufstellung
986807;Chile;Real Saragossa ;Humberto Suazo;29;10000000.0;Mittelstürmer;Startaufstellung
986807;Schweiz;VfL Wolfsburg;Diego Benaglio;26;10000000.0;Torwart;Startaufstellung
986807;Schweiz;AJ Auxerre;Stéphane Grichting;31;2800000.0;Innenverteidiger;Startaufstellung
986807;Schweiz;Hertha BSC;Steve von Bergen;27;3000000.0;Innenverteidiger;Startaufstellung
986807;Schweiz;Sampdoria Genua;Reto Ziegler;24;4000000.0;Linker Verteidiger;Startaufstellung
986807;Schweiz;Lazio Rom;Stephan Lichtsteiner;26;6800000.0;Rechter Verteidiger;Startaufstellung
986807;Schweiz;FC Basel 1893;Benjamin Huggel;32;1700000.0;Defensives Mittelfeld;Startaufstellung
986807;Schweiz;Udinese Calcio;Gökhan Inler;25;8500000.0;Zentrales Mittelfeld;Startaufstellung
986807;Schweiz;West Ham United;Valon Behrami;25;8000000.0;Rechtes Mittelfeld;Startaufstellung
986807;Schweiz;AS Saint-Étienne;Gelson Fernandes;23;5000000.0;Linkes Mittelfeld;Startaufstellung
986807;Schweiz;FC Basel 1893;Alex Frei;30;6000000.0;Hängende Spitze;Startaufstellung
986807;Schweiz;FC Twente Enschede;Blaise Nkufo;35;3500000.0;Mittelstürmer;Startaufstellung
986807;Chile;Club Universidad de Chile;Miguel Pinto;26;750000.0;Torwart;Reservebank
986807;Chile;Unión Española;Luis Marín;27;475000.0;Torwart;Reservebank
986807;Chile;CD Universidad Católica;Ismael Fuentes;28;800000.0;Innenverteidiger;Reservebank
986807;Chile;PAOK Thessaloniki;Pablo Contreras;31;5000000.0;Innenverteidiger;Reservebank
986807;Chile;Flamengo Rio de Janeiro;Gonzalo Fierro;27;1000000.0;Rechtes Mittelfeld;Reservebank
986807;Chile;Club Universidad de Chile;Marco Estrada;27;675000.0;Defensives Mittelfeld;Reservebank
986807;Chile;CSD Colo Colo;Rodrigo Millar;28;700000.0;Zentrales Mittelfeld;Reservebank
986807;Chile;Besiktas Istanbul;Rodrigo Tello;30;6000000.0;Linkes Mittelfeld;Reservebank
986807;Chile;Al-Ain FC;Jorge Valdivia;26;3000000.0;Offensives Mittelfeld;Reservebank
986807;Chile;ZSKA Moskau;Mark González;25;5000000.0;Linksaußen;Reservebank
986807;Chile;Deportivo Xerez;Fabián Orellana;24;1200000.0;Rechtsaußen;Reservebank
986807;Chile;CSD Colo Colo;Esteban Paredes;29;1100000.0;Mittelstürmer;Reservebank
986807;Schweiz;BSC Young Boys;Marco Wölfli;27;2000000.0;Torwart;Reservebank
986807;Schweiz;FC Zürich;Johnny Leoni;25;1200000.0;Torwart;Reservebank
986807;Schweiz;FC Arsenal;Philippe Senderos;25;3000000.0;Innenverteidiger;Reservebank
986807;Schweiz;Hannover 96;Mario Eggimann;29;1250000.0;Innenverteidiger;Reservebank
986807;Schweiz;FC Zürich;Ludovic Magnin;31;1500000.0;Linker Verteidiger;Reservebank
986807;Schweiz;Sampdoria Genua;Marco Padalino;26;3000000.0;Rechter Verteidiger;Reservebank
986807;Schweiz;Eintracht Frankfurt;Pirmin Schwegler;23;4000000.0;Defensives Mittelfeld;Reservebank
986807;Schweiz;FC Luzern;Hakan Yakin;33;2000000.0;Offensives Mittelfeld;Reservebank
986807;Schweiz;Bayer 04 Leverkusen;Tranquillo Barnetta;25;10000000.0;Offensives Mittelfeld;Reservebank
986807;Schweiz;FC Basel 1893;Xherdan Shaqiri;18;4000000.0;Rechtsaußen;Reservebank
986807;Schweiz;1.FC Nürnberg;Albert Bunjaku;26;4000000.0;Linksaußen;Reservebank
986807;Schweiz;Bayer 04 Leverkusen;Eren Derdiyok;22;9000000.0;Mittelstürmer;Reservebank
