GameId;team;club;name;age;value;position;role
986816;Dänemark;Stoke City;Thomas Sörensen;34;4000000.0;Torwart;Startaufstellung
986816;Dänemark;FC Liverpool;Daniel Agger;25;11500000.0;Innenverteidiger;Startaufstellung
986816;Dänemark;AC Florenz;Per Kröldrup;30;4500000.0;Innenverteidiger;Startaufstellung
986816;Dänemark;AZ Alkmaar;Simon Poulsen;25;1750000.0;Linker Verteidiger;Startaufstellung
986816;Dänemark;Blackburn Rovers;Lars Jacobsen;30;2500000.0;Rechter Verteidiger;Startaufstellung
986816;Dänemark;Juventus Turin;Christian Poulsen;30;6500000.0;Defensives Mittelfeld;Startaufstellung
986816;Dänemark;Aarhus GF;Martin Jörgensen;34;2000000.0;Zentrales Mittelfeld;Startaufstellung
986816;Dänemark;VfL Wolfsburg;Thomas Kahlenberg;27;3500000.0;Linksaußen;Startaufstellung
986816;Dänemark;Ajax Amsterdam;Dennis Rommedahl;31;2000000.0;Rechtsaußen;Startaufstellung
986816;Dänemark;Feyenoord Rotterdam;Jon Dahl Tomasson;33;4250000.0;Hängende Spitze;Startaufstellung
986816;Dänemark;FC Arsenal;Nicklas Bendtner;22;8000000.0;Mittelstürmer;Startaufstellung
986816;Japan;Kawasaki Frontale;Eiji Kawashima;27;2500000.0;Torwart;Startaufstellung
986816;Japan;Nagoya Grampus;Tulio;29;5800000.0;Innenverteidiger;Startaufstellung
986816;Japan;Yokohama F. Marinos;Yuji Nakazawa;32;3500000.0;Innenverteidiger;Startaufstellung
986816;Japan;FC Tokyo;Yuto Nagatomo;23;2600000.0;Linker Verteidiger;Startaufstellung
986816;Japan;Júbilo Iwata;Yuichi Komano;28;1500000.0;Rechter Verteidiger;Startaufstellung
986816;Japan;Urawa Red Diamonds;Yuki Abe;28;2300000.0;Defensives Mittelfeld;Startaufstellung
986816;Japan;VfL Wolfsburg;Makoto Hasebe;26;4500000.0;Zentrales Mittelfeld;Startaufstellung
986816;Japan;Gamba Osaka;Yasuhito Endo;30;6500000.0;Zentrales Mittelfeld;Startaufstellung
986816;Japan;Vissel Kobe;Yoshito Okubo;28;2000000.0;Linksaußen;Startaufstellung
986816;Japan;Grenoble Foot 38;Daisuke Matsui;29;2200000.0;Rechtsaußen;Startaufstellung
986816;Japan;ZSKA Moskau;Keisuke Honda;24;6000000.0;Mittelstürmer;Startaufstellung
986816;Dänemark;FC Kopenhagen;Jesper Christiansen;32;1500000.0;Torwart;Reservebank
986816;Dänemark;Bröndby IF;Stephan Andersen;28;3000000.0;Torwart;Reservebank
986816;Dänemark;FC Málaga;Patrick Mtiliga;29;1000000.0;Linker Verteidiger;Reservebank
986816;Dänemark;FC Kopenhagen;William Kvist;25;2500000.0;Defensives Mittelfeld;Reservebank
986816;Dänemark;SV Werder Bremen;Daniel Jensen;30;3000000.0;Zentrales Mittelfeld;Reservebank
986816;Dänemark;Aarhus GF;Jakob Poulsen;26;3000000.0;Zentrales Mittelfeld;Reservebank
986816;Dänemark;Ajax Amsterdam;Christian Eriksen;18;2000000.0;Linksaußen;Reservebank
986816;Dänemark;FC Kopenhagen;Jesper Grönkjaer;32;1500000.0;Linksaußen;Reservebank
986816;Dänemark;FC Groningen;Thomas Enevoldsen;22;2500000.0;Linksaußen;Reservebank
986816;Dänemark;MSV Duisburg;Sören Larsen;28;1500000.0;Mittelstürmer;Reservebank
986816;Dänemark;Randers FC;Mikkel Beckmann;26;750000.0;Mittelstürmer;Reservebank
986816;Japan;Nagoya Grampus;Seigo Narazaki;34;2600000.0;Torwart;Reservebank
986816;Japan;Júbilo Iwata;Yoshikatsu Kawaguchi;34;1000000.0;Torwart;Reservebank
986816;Japan;Kashima Antlers;Daiki Iwamasa;28;1700000.0;Innenverteidiger;Reservebank
986816;Japan;Kashima Antlers;Atsuto Uchida;22;5000000.0;Rechter Verteidiger;Reservebank
986816;Japan;Albirex Niigata;Kisho Yano;26;1300000.0;Rechter Verteidiger;Reservebank
986816;Japan;FC Tokyo;Yasuyuki Konno;27;1700000.0;Linker Verteidiger;Reservebank
986816;Japan;Kawasaki Frontale;Junichi Inamoto;30;1500000.0;Defensives Mittelfeld;Reservebank
986816;Japan;Yokohama F. Marinos;Shunsuke Nakamura;32;6000000.0;Offensives Mittelfeld;Reservebank
986816;Japan;Kawasaki Frontale;Kengo Nakamura;29;4000000.0;Offensives Mittelfeld;Reservebank
986816;Japan;Nagoya Grampus;Keiji Tamada;30;1900000.0;Hängende Spitze;Reservebank
986816;Japan;Shimizu S-Pulse;Shinji Okazaki;24;2900000.0;Rechtsaußen;Reservebank
986816;Japan;Catania Calcio;Takayuki Morimoto;22;4000000.0;Mittelstürmer;Reservebank
