GameId;team;club;name;age;value;position;role
986817;Slowakei;Legia Warschau;Ján Mucha;27;3200000.0;Torwart;Startaufstellung
986817;Slowakei;Hannover 96;Jan Durica;28;1500000.0;Innenverteidiger;Startaufstellung
986817;Slowakei;FC Liverpool;Martin Skrtel;25;13500000.0;Innenverteidiger;Startaufstellung
986817;Slowakei;1.FSV Mainz 05;Radoslav Zabavník;29;1500000.0;Linker Verteidiger;Startaufstellung
986817;Slowakei;VfL Wolfsburg;Peter Pekarík;23;2500000.0;Rechter Verteidiger;Startaufstellung
986817;Slowakei;Skoda Xanthi;Zdeno Strba;34;500000.0;Defensives Mittelfeld;Startaufstellung
986817;Slowakei;AC Sparta Prag;Juraj Kucka;23;1500000.0;Zentrales Mittelfeld;Startaufstellung
986817;Slowakei;SSC Neapel;Marek Hamsik;22;24000000.0;Offensives Mittelfeld;Startaufstellung
986817;Slowakei;1.FC Kaiserslautern;Erik Jendrisek;23;2500000.0;Linksaußen;Startaufstellung
986817;Slowakei;FC Twente Enschede;Miroslav Stoch;20;4500000.0;Rechtsaußen;Startaufstellung
986817;Slowakei;MKE Ankaragücü;Róbert Vittek;28;2300000.0;Mittelstürmer;Startaufstellung
986817;Italien;Cagliari Calcio;Federico Marchetti;27;7500000.0;Torwart;Startaufstellung
986817;Italien;Juventus Turin;Giorgio Chiellini;25;23000000.0;Innenverteidiger;Startaufstellung
986817;Italien;Juventus Turin;Fabio Cannavaro;36;5000000.0;Innenverteidiger;Startaufstellung
986817;Italien;FC Genua 1893;Domenico Criscito;23;10000000.0;Linker Verteidiger;Startaufstellung
986817;Italien;AC Mailand;Gianluca Zambrotta;33;4000000.0;Rechter Verteidiger;Startaufstellung
986817;Italien;AS Rom;Daniele De Rossi;26;38000000.0;Defensives Mittelfeld;Startaufstellung
986817;Italien;AC Florenz;Riccardo Montolivo;25;18000000.0;Zentrales Mittelfeld;Startaufstellung
986817;Italien;AC Mailand;Gennaro Gattuso;32;10000000.0;Zentrales Mittelfeld;Startaufstellung
986817;Italien;Udinese Calcio;Antonio Di Natale;32;15000000.0;Linksaußen;Startaufstellung
986817;Italien;Udinese Calcio;Simone Pepe;26;9000000.0;Rechtsaußen;Startaufstellung
986817;Italien;Juventus Turin;Vincenzo Iaquinta;30;15000000.0;Mittelstürmer;Startaufstellung
986817;Slowakei;Dundee United FC;Dusan Pernis;25;250000.0;Torwart;Reservebank
986817;Slowakei;FC Vaslui;Dusan Kuciak;25;1350000.0;Torwart;Reservebank
986817;Slowakei;Slovan Bratislava;Kornel Salata;25;600000.0;Innenverteidiger;Reservebank
986817;Slowakei;West Bromwich Albion;Marek Cech;27;2200000.0;Linker Verteidiger;Reservebank
986817;Slowakei;AC Cesena;Martin Petras;30;700000.0;Rechter Verteidiger;Reservebank
986817;Slowakei;Spartak Trnava;Kamil Kopúnek;26;300000.0;Defensives Mittelfeld;Reservebank
986817;Slowakei;FC Timisoara;Jan Kozak;30;950000.0;Offensives Mittelfeld;Reservebank
986817;Slowakei;MKE Ankaragücü;Marek Sapara;27;2500000.0;Offensives Mittelfeld;Reservebank
986817;Slowakei;Manchester City;Vladimír Weiss;20;1500000.0;Linksaußen;Reservebank
986817;Slowakei;Besiktas Istanbul;Filip Holosko;26;6500000.0;Rechtsaußen;Reservebank
986817;Slowakei;VfL Bochum;Stanislav Sestak;27;4500000.0;Mittelstürmer;Reservebank
986817;Slowakei;Saturn Ramenskoe;Martin Jakubko;30;1200000.0;Mittelstürmer;Reservebank
986817;Italien;SSC Neapel;Morgan De Sanctis;33;5500000.0;Torwart;Reservebank
986817;Italien;FC Genua 1893;Salvatore Bocchetti;23;6500000.0;Innenverteidiger;Reservebank
986817;Italien;AS Bari;Leonardo Bonucci;23;8000000.0;Innenverteidiger;Reservebank
986817;Italien;SSC Neapel;Christian Maggio;28;10000000.0;Rechter Verteidiger;Reservebank
986817;Italien;AC Mailand;Andrea Pirlo;31;22000000.0;Zentrales Mittelfeld;Reservebank
986817;Italien;Sampdoria Genua;Angelo Palombo;28;10000000.0;Defensives Mittelfeld;Reservebank
986817;Italien;Juventus Turin;Claudio Marchisio;24;16000000.0;Zentrales Mittelfeld;Reservebank
986817;Italien;Juventus Turin;Mauro Germán Camoranesi;33;5500000.0;Rechtes Mittelfeld;Reservebank
986817;Italien;AC Florenz;Alberto Gilardino;27;20000000.0;Mittelstürmer;Reservebank
986817;Italien;SSC Neapel;Fabio Quagliarella;27;14000000.0;Mittelstürmer;Reservebank
986817;Italien;Sampdoria Genua;Giampaolo Pazzini;25;17000000.0;Mittelstürmer;Reservebank
