GameId;team;club;name;age;value;position;role
986814;Australien;FC Fulham;Mark Schwarzer;37;4000000.0;Torwart;Startaufstellung
986814;Australien;Galatasaray Istanbul;Lucas Neill;32;4000000.0;Innenverteidiger;Startaufstellung
986814;Australien;Al-Jazira (Abu Dhabi);Michael Beauchamp;29;700000.0;Innenverteidiger;Startaufstellung
986814;Australien;FC Twente Enschede;David Carney;26;750000.0;Linker Verteidiger;Startaufstellung
986814;Australien;Dinamo Moskau;Luke Wilkshire;28;4000000.0;Rechter Verteidiger;Startaufstellung
986814;Australien;US Sassuolo;Carl Valeri;25;2000000.0;Defensives Mittelfeld;Startaufstellung
986814;Australien;Gold Coast United;Jason Culina;29;1500000.0;Zentrales Mittelfeld;Startaufstellung
986814;Australien;FC Everton;Tim Cahill;30;16000000.0;Offensives Mittelfeld;Startaufstellung
986814;Australien;US Palermo;Mark Bresciano;30;4000000.0;Linksaußen;Startaufstellung
986814;Australien;Blackburn Rovers;Brett Emerton;31;4000000.0;Rechtsaußen;Startaufstellung
986814;Australien;Nagoya Grampus;Joshua Kennedy;27;1200000.0;Mittelstürmer;Startaufstellung
986814;Serbien;Wigan Athletic;Vladimir Stojkovic;26;1000000.0;Torwart;Startaufstellung
986814;Serbien;Udinese Calcio;Aleksandar Lukovic;27;3800000.0;Innenverteidiger;Startaufstellung
986814;Serbien;Manchester United;Nemanja Vidic‎;28;35000000.0;Innenverteidiger;Startaufstellung
986814;Serbien;Real Saragossa ;Ivan Obradovic;21;3000000.0;Linker Verteidiger;Startaufstellung
986814;Serbien;FC Chelsea;Branislav Ivanovic;26;16000000.0;Rechter Verteidiger;Startaufstellung
986814;Serbien;FC Internazionale;Dejan Stanković;31;16000000.0;Zentrales Mittelfeld;Startaufstellung
986814;Serbien;VfB Stuttgart;Zdravko Kuzmanović;22;9000000.0;Zentrales Mittelfeld;Startaufstellung
986814;Serbien;Dynamo Kiew;Milos Ninkovic;25;5500000.0;Offensives Mittelfeld;Startaufstellung
986814;Serbien;Standard Lüttich;Milan Jovanovic;29;8500000.0;Linksaußen;Startaufstellung
986814;Serbien;ZSKA Moskau;Milos Krasic;25;18000000.0;Rechtsaußen;Startaufstellung
986814;Serbien;FC Valencia;Nikola Zigic;29;8000000.0;Mittelstürmer;Startaufstellung
986814;Australien;Adelaide United;Eugene Galekovic;29;1000000.0;Torwart;Reservebank
986814;Australien;FC Reading;Adam Federici;25;750000.0;Torwart;Reservebank
986814;Australien;Antalyaspor;Mile Jedinak;25;2000000.0;Defensives Mittelfeld;Reservebank
986814;Australien;JEF United Chiba;Mark Milligan;24;450000.0;Defensives Mittelfeld;Reservebank
986814;Australien;FC Basel 1893;Scott Chipperfield;34;1000000.0;Linkes Mittelfeld;Reservebank
986814;Australien;AZ Alkmaar;Brett Holman;26;2500000.0;Offensives Mittelfeld;Reservebank
986814;Australien;MSV Duisburg;Dario Vidosic;23;500000.0;Offensives Mittelfeld;Reservebank
986814;Australien;KSV Roeselare;Nikita Rukavytsya;23;600000.0;Rechtsaußen;Reservebank
986814;Australien;Hull City;Richard García;28;2000000.0;Rechtsaußen;Reservebank
986814;Serbien;Zaglebie Lubin;Bojan Isailovic;30;900000.0;Torwart;Reservebank
986814;Serbien;União Leiria;Andjelko Djuricic;29;750000.0;Torwart;Reservebank
986814;Serbien;Borussia Dortmund;Neven Subotic;21;15000000.0;Innenverteidiger;Reservebank
986814;Serbien;Lazio Rom;Aleksandar Kolarov;24;9000000.0;Linker Verteidiger;Reservebank
986814;Serbien;TSV 1860 München;Antonio Rukavina;26;1500000.0;Rechter Verteidiger;Reservebank
986814;Serbien;Hertha BSC;Gojko Kacar;23;8500000.0;Defensives Mittelfeld;Reservebank
986814;Serbien;FK Partizan Belgrad;Radosav Petrovic;21;2250000.0;Defensives Mittelfeld;Reservebank
986814;Serbien;Wolverhampton Wanderers;Nenad Milijas;27;4500000.0;Offensives Mittelfeld;Reservebank
986814;Serbien;1.FC Köln;Zoran Tosic;23;5500000.0;Rechtsaußen;Reservebank
986814;Serbien;Zenit St. Petersburg;Danko Lazovic;27;7000000.0;Mittelstürmer;Reservebank
986814;Serbien;Ajax Amsterdam;Marko Pantelic;31;7000000.0;Mittelstürmer;Reservebank
986814;Serbien;FK Vojvodina Novi Sad;Dragan Mrdja;26;2750000.0;Mittelstürmer;Reservebank
