GameId;team;club;name;age;value;position;role
986819;Portugal;SC Braga;Eduardo;27;7800000.0;Torwart;Startaufstellung
986819;Portugal;FC Porto;Bruno Alves;28;16500000.0;Innenverteidiger;Startaufstellung
986819;Portugal;FC Chelsea;Ricardo Carvalho;32;17500000.0;Innenverteidiger;Startaufstellung
986819;Portugal;Benfica Lissabon;Fábio Coentrão;22;5600000.0;Linker Verteidiger;Startaufstellung
986819;Portugal;LOSC Lille;Ricardo Costa;29;3500000.0;Rechter Verteidiger;Startaufstellung
986819;Portugal;Real Madrid;Pepe;27;22000000.0;Defensives Mittelfeld;Startaufstellung
986819;Portugal;FC Porto;Raúl Meireles;27;10500000.0;Zentrales Mittelfeld;Startaufstellung
986819;Portugal;Atlético Madrid;Tiago;29;8000000.0;Zentrales Mittelfeld;Startaufstellung
986819;Portugal;FC Málaga;Duda;29;6000000.0;Linkes Mittelfeld;Startaufstellung
986819;Portugal;Zenit St. Petersburg;Danny;26;14500000.0;Rechtsaußen;Startaufstellung
986819;Portugal;Real Madrid;Cristiano Ronaldo;25;75000000.0;Mittelstürmer;Startaufstellung
986819;Brasilien;FC Internazionale;Júlio César;30;25000000.0;Torwart;Startaufstellung
986819;Brasilien;FC Internazionale;Lúcio;32;16500000.0;Innenverteidiger;Startaufstellung
986819;Brasilien;AS Rom;Juan;31;16000000.0;Innenverteidiger;Startaufstellung
986819;Brasilien;Olympique Lyon;Michel Bastos;26;16000000.0;Linker Verteidiger;Startaufstellung
986819;Brasilien;FC Internazionale;Maicon;28;30000000.0;Rechter Verteidiger;Startaufstellung
986819;Brasilien;Panathinaikos Athen;Gilberto Silva;33;7500000.0;Defensives Mittelfeld;Startaufstellung
986819;Brasilien;Juventus Turin;Felipe Melo;26;17000000.0;Zentrales Mittelfeld;Startaufstellung
986819;Brasilien;AS Rom;Júlio Baptista;28;7000000.0;Offensives Mittelfeld;Startaufstellung
986819;Brasilien;FC Villarreal;Nilmar;25;14000000.0;Linksaußen;Startaufstellung
986819;Brasilien;FC Barcelona;Dani Alves;27;30000000.0;Rechtsaußen;Startaufstellung
986819;Brasilien;FC Sevilla;Luís Fabiano;29;28000000.0;Mittelstürmer;Startaufstellung
986819;Portugal;FC Porto;Beto;28;4400000.0;Torwart;Reservebank
986819;Portugal;Iraklis Thessaloniki;Daniel Fernandes;26;800000.0;Torwart;Reservebank
986819;Portugal;FC Porto;Rolando;24;8800000.0;Innenverteidiger;Reservebank
986819;Portugal;FC Chelsea;Paulo Ferreira;31;3000000.0;Rechter Verteidiger;Reservebank
986819;Portugal;FC Valencia;Miguel;30;7000000.0;Rechter Verteidiger;Reservebank
986819;Portugal;Sporting Lissabon;Miguel Veloso;24;10500000.0;Defensives Mittelfeld;Reservebank
986819;Portugal;Sporting Lissabon;Pedro Mendes;31;6500000.0;Defensives Mittelfeld;Reservebank
986819;Portugal;Atlético Madrid;Simão Sabrosa;30;16000000.0;Linksaußen;Reservebank
986819;Portugal;SV Werder Bremen;Hugo Almeida;26;7000000.0;Mittelstürmer;Reservebank
986819;Portugal;Sporting Lissabon;Liedson;32;12000000.0;Mittelstürmer;Reservebank
986819;Brasilien;Tottenham Hotspur;Heurelho Gomes;29;9000000.0;Torwart;Reservebank
986819;Brasilien;AS Rom;Doni;30;4500000.0;Torwart;Reservebank
986819;Brasilien;Benfica Lissabon;Luisão;29;10500000.0;Innenverteidiger;Reservebank
986819;Brasilien;AC Mailand;Thiago Silva;25;15500000.0;Innenverteidiger;Reservebank
986819;Brasilien;VfL Wolfsburg;Josué;30;8000000.0;Defensives Mittelfeld;Reservebank
986819;Brasilien;EC Cruzeiro Belo Horizonte;Gilberto;34;1600000.0;Zentrales Mittelfeld;Reservebank
986819;Brasilien;Benfica Lissabon;Ramires;23;9000000.0;Offensives Mittelfeld;Reservebank
986819;Brasilien;Flamengo Rio de Janeiro;Kléberson;31;2500000.0;Zentrales Mittelfeld;Reservebank
986819;Brasilien;FC Santos;Robinho;26;15000000.0;Hängende Spitze;Reservebank
986819;Brasilien;VfL Wolfsburg;Grafite;31;9000000.0;Mittelstürmer;Reservebank
