GameId;team;club;name;age;value;position;role
986822;Schweiz;VfL Wolfsburg;Diego Benaglio;26;10000000.0;Torwart;Startaufstellung
986822;Schweiz;AJ Auxerre;Stéphane Grichting;31;2800000.0;Innenverteidiger;Startaufstellung
986822;Schweiz;Hertha BSC;Steve von Bergen;27;3000000.0;Innenverteidiger;Startaufstellung
986822;Schweiz;Sampdoria Genua;Reto Ziegler;24;4000000.0;Linker Verteidiger;Startaufstellung
986822;Schweiz;Lazio Rom;Stephan Lichtsteiner;26;6800000.0;Rechter Verteidiger;Startaufstellung
986822;Schweiz;FC Basel 1893;Benjamin Huggel;32;1700000.0;Defensives Mittelfeld;Startaufstellung
986822;Schweiz;Udinese Calcio;Gökhan Inler;25;8500000.0;Zentrales Mittelfeld;Startaufstellung
986822;Schweiz;AS Saint-Étienne;Gelson Fernandes;23;5000000.0;Linkes Mittelfeld;Startaufstellung
986822;Schweiz;Bayer 04 Leverkusen;Tranquillo Barnetta;25;10000000.0;Rechtsaußen;Startaufstellung
986822;Schweiz;Bayer 04 Leverkusen;Eren Derdiyok;22;9000000.0;Hängende Spitze;Startaufstellung
986822;Schweiz;FC Twente Enschede;Blaise Nkufo;35;3500000.0;Mittelstürmer;Startaufstellung
986822;Honduras;CD Olimpia;Noel Valladares;33;1500000.0;Torwart;Startaufstellung
986822;Honduras;CD Platense;Osman Chávez;25;800000.0;Innenverteidiger;Startaufstellung
986822;Honduras;RSC Anderlecht;Víctor Bernárdez;28;1000000.0;Innenverteidiger;Startaufstellung
986822;Honduras;Wigan Athletic;Maynor Figueroa;27;5000000.0;Linker Verteidiger;Startaufstellung
986822;Honduras;Hangzhou Greentown;Mauricio Sabillón;31;1000000.0;Rechter Verteidiger;Startaufstellung
986822;Honduras;Wigan Athletic;Hendry Thomas;25;2500000.0;Defensives Mittelfeld;Startaufstellung
986822;Honduras;Tottenham Hotspur;Wilson Palacios;25;16000000.0;Defensives Mittelfeld;Startaufstellung
986822;Honduras;CD Cruz Azul;Ramón Núñez;24;850000.0;Linksaußen;Startaufstellung
986822;Honduras;AS Bari;Édgar Álvarez;30;2500000.0;Rechtsaußen;Startaufstellung
986822;Honduras;Hangzhou Greentown;Jerry Palacios;28;800000.0;Mittelstürmer;Startaufstellung
986822;Honduras;FC Genua 1893;David Suazo;30;5000000.0;Mittelstürmer;Startaufstellung
986822;Schweiz;BSC Young Boys;Marco Wölfli;27;2000000.0;Torwart;Reservebank
986822;Schweiz;FC Zürich;Johnny Leoni;25;1200000.0;Torwart;Reservebank
986822;Schweiz;Hannover 96;Mario Eggimann;29;1250000.0;Innenverteidiger;Reservebank
986822;Schweiz;FC Zürich;Ludovic Magnin;31;1500000.0;Linker Verteidiger;Reservebank
986822;Schweiz;Sampdoria Genua;Marco Padalino;26;3000000.0;Rechter Verteidiger;Reservebank
986822;Schweiz;Eintracht Frankfurt;Pirmin Schwegler;23;4000000.0;Defensives Mittelfeld;Reservebank
986822;Schweiz;FC Luzern;Hakan Yakin;33;2000000.0;Linkes Mittelfeld;Reservebank
986822;Schweiz;FC Basel 1893;Xherdan Shaqiri;18;4000000.0;Linkes Mittelfeld;Reservebank
986822;Schweiz;FC Basel 1893;Alex Frei;30;6000000.0;Mittelstürmer;Reservebank
986822;Schweiz;1.FC Nürnberg;Albert Bunjaku;26;4000000.0;Mittelstürmer;Reservebank
986822;Honduras;CD Motagua Tegucigalpa;Ricardo Canales;28;350000.0;Torwart;Reservebank
986822;Honduras;CD Olimpia;Donis Escober;29;400000.0;Torwart;Reservebank
986822;Honduras;CD Olimpia;Johnny Palacios;23;600000.0;Innenverteidiger;Reservebank
986822;Honduras;CD Motagua Tegucigalpa;Sergio Mendoza;29;500000.0;Innenverteidiger;Reservebank
986822;Honduras;CD Motagua Tegucigalpa;Emilio Izaguirre;24;700000.0;Linker Verteidiger;Reservebank
986822;Honduras;CD Olimpia;Danilo Turcios;32;850000.0;Offensives Mittelfeld;Reservebank
986822;Honduras;Kansas City Wizards;Róger Espinoza;23;600000.0;Zentrales Mittelfeld;Reservebank
986822;Honduras;CD Olimpia;Boniek García;25;1000000.0;Rechtes Mittelfeld;Reservebank
986822;Honduras;CD Marathón;Wálter Martínez;28;800000.0;Linksaußen;Reservebank
986822;Honduras;CD Motagua Tegucigalpa;Amado Guevara;34;800000.0;Offensives Mittelfeld;Reservebank
986822;Honduras;RCD España San Pedro Sula;Carlos Pavón;36;700000.0;Mittelstürmer;Reservebank
986822;Honduras;CD Motagua Tegucigalpa;Georgie Welcome;25;650000.0;Mittelstürmer;Reservebank
