GameId;team;club;name;age;value;position;role
986809;Griechenland;Panathinaikos Athen;Alexandros Tzorvas;27;2500000.0;Torwart;Startaufstellung
986809;Griechenland;FC Bologna;Vangelis Moras;28;2000000.0;Innenverteidiger;Startaufstellung
986809;Griechenland;Olympiakos Piräus;Avraam Papadopoulos;25;3500000.0;Innenverteidiger;Startaufstellung
986809;Griechenland;FC Liverpool;Sotiris Kyrgiakos;30;5000000.0;Innenverteidiger;Startaufstellung
986809;Griechenland;Olympiakos Piräus;Vasilios Torosidis;25;8000000.0;Linker Verteidiger;Startaufstellung
986809;Griechenland;Panathinaikos Athen;Loukas Vyntra;29;3000000.0;Rechter Verteidiger;Startaufstellung
986809;Griechenland;FC Genua 1893;Sokratis;22;5000000.0;Defensives Mittelfeld;Startaufstellung
986809;Griechenland;Panathinaikos Athen;Konstantinos Katsouranis;31;8000000.0;Rechtes Mittelfeld;Startaufstellung
986809;Griechenland;AC Siena;Alexandros Tziolis;25;2500000.0;Linkes Mittelfeld;Startaufstellung
986809;Griechenland;Panathinaikos Athen;Georgios Karagounis;33;6000000.0;Offensives Mittelfeld;Startaufstellung
986809;Griechenland;Celtic Glasgow;Georgios Samaras;25;4250000.0;Mittelstürmer;Startaufstellung
986809;Argentinien;AZ Alkmaar;Sergio Romero;23;6000000.0;Torwart;Startaufstellung
986809;Argentinien;FC Bayern München;Martín Demichelis;29;10000000.0;Innenverteidiger;Startaufstellung
986809;Argentinien;AS Rom;Nicolás Burdisso;29;7000000.0;Innenverteidiger;Startaufstellung
986809;Argentinien;Estudiantes de La Plata;Clemente Rodríguez;28;3500000.0;Linker Verteidiger;Startaufstellung
986809;Argentinien;Club Atlético Vélez Sarsfield;Nicolás Otamendi;22;5000000.0;Rechter Verteidiger;Startaufstellung
986809;Argentinien;AC Florenz;Mario Bolatti;25;5000000.0;Defensives Mittelfeld;Startaufstellung
986809;Argentinien;Estudiantes de La Plata;Juan Sebastián Verón;35;3500000.0;Rechtes Mittelfeld;Startaufstellung
986809;Argentinien;FC Barcelona;Lionel Messi;22;80000000.0;Offensives Mittelfeld;Startaufstellung
986809;Argentinien;FC Liverpool;Maxi Rodríguez;29;18000000.0;Linksaußen;Startaufstellung
986809;Argentinien;Atlético Madrid;Sergio Agüero;22;36000000.0;Mittelstürmer;Startaufstellung
986809;Argentinien;FC Internazionale;Diego Milito;31;28000000.0;Mittelstürmer;Startaufstellung
986809;Griechenland;PAOK Thessaloniki;Konstantinos Chalkias;36;2250000.0;Torwart;Reservebank
986809;Griechenland;Aris Thessaloniki;Michalis Sifakis;25;2500000.0;Torwart;Reservebank
986809;Griechenland;PAOK Thessaloniki;Stelios Malezas;25;2500000.0;Innenverteidiger;Reservebank
986809;Griechenland;Panathinaikos Athen;Nikolaos Spyropoulos;26;5000000.0;Linkes Mittelfeld;Reservebank
986809;Griechenland;Panathinaikos Athen;Georgios Seitaridis;29;3000000.0;Rechter Verteidiger;Reservebank
986809;Griechenland;Omonia Nikosia;Christos Patsatzoglou;31;1500000.0;Linker Verteidiger;Reservebank
986809;Griechenland;Panathinaikos Athen;Sotiris Ninis;20;7500000.0;Offensives Mittelfeld;Reservebank
986809;Griechenland;Panathinaikos Athen;Dimitrios Salpingidis;28;6000000.0;Rechtsaußen;Reservebank
986809;Griechenland;1.FC Nürnberg;Angelos Charisteas;30;1800000.0;Mittelstürmer;Reservebank
986809;Griechenland;Hertha BSC;Theofanis Gekas;30;3000000.0;Mittelstürmer;Reservebank
986809;Griechenland;Steaua Bukarest;Pantelis Kapetanos;27;2500000.0;Mittelstürmer;Reservebank
986809;Argentinien;Club Atlético Colón (Santa Fe);Diego Pozo;32;1600000.0;Torwart;Reservebank
986809;Argentinien;Catania Calcio;Mariano Andújar;26;4000000.0;Torwart;Reservebank
986809;Argentinien;Olympique Marseille;Gabriel Heinze;32;6000000.0;Innenverteidiger;Reservebank
986809;Argentinien;Club Atlético Colón (Santa Fe);Ariel Garcé;30;1200000.0;Innenverteidiger;Reservebank
986809;Argentinien;FC Liverpool;Javier Mascherano;26;26000000.0;Innenverteidiger;Reservebank
986809;Argentinien;US Palermo;Javier Pastore;21;8500000.0;Offensives Mittelfeld;Reservebank
986809;Argentinien;Benfica Lissabon;Ángel Di María;22;9500000.0;Linksaußen;Reservebank
986809;Argentinien;Manchester City;Carlos Tévez;26;30000000.0;Hängende Spitze;Reservebank
986809;Argentinien;Club Atlético Boca Juniors;Martín Palermo;36;3500000.0;Mittelstürmer;Reservebank
986809;Argentinien;Real Madrid;Gonzalo Higuaín;22;32000000.0;Mittelstürmer;Reservebank
