GameId;team;club;name;age;value;position;role
986812;Vereinigte Staaten;FC Everton;Tim Howard;31;9500000.0;Torwart;Startaufstellung
986812;Vereinigte Staaten;FC Stade Rennes;Carlos Bocanegra;31;3500000.0;Innenverteidiger;Startaufstellung
986812;Vereinigte Staaten;FC Watford;Jay DeMerit;30;2000000.0;Innenverteidiger;Startaufstellung
986812;Vereinigte Staaten;CD Chivas USA;Jonathan Bornstein;25;250000.0;Linker Verteidiger;Startaufstellung
986812;Vereinigte Staaten;Hannover 96;Steven Cherundolo;31;2000000.0;Rechter Verteidiger;Startaufstellung
986812;Vereinigte Staaten;Glasgow Rangers;Maurice Edu;24;2000000.0;Defensives Mittelfeld;Startaufstellung
986812;Vereinigte Staaten;Borussia Mönchengladbach;Michael Bradley;22;5000000.0;Zentrales Mittelfeld;Startaufstellung
986812;Vereinigte Staaten;FC Fulham;Clint Dempsey;27;7000000.0;Linksaußen;Startaufstellung
986812;Vereinigte Staaten;Los Angeles Galaxy;Landon Donovan;28;3000000.0;Rechtsaußen;Startaufstellung
986812;Vereinigte Staaten;Puebla FC;Hérculez Gómez;28;2000000.0;Mittelstürmer;Startaufstellung
986812;Vereinigte Staaten;Hull City;Jozy Altidore;20;3000000.0;Mittelstürmer;Startaufstellung
986812;Algerien;Slavia Sofia;Raïs M'Bolhi;24;600000.0;Torwart;Startaufstellung
986812;Algerien;VfL Bochum;Anthar Yahia;28;3500000.0;Innenverteidiger;Startaufstellung
986812;Algerien;Glasgow Rangers;Madjid Bougherra;27;7000000.0;Innenverteidiger;Startaufstellung
986812;Algerien;CD Nacional;Rafik Halliche;23;1500000.0;Innenverteidiger;Startaufstellung
986812;Algerien;Racing Santander;Mehdi Lacen;26;3200000.0;Zentrales Mittelfeld;Startaufstellung
986812;Algerien;FC Portsmouth;Hassan Yebda;26;4500000.0;Zentrales Mittelfeld;Startaufstellung
986812;Algerien;Valenciennes FC ;Foued Kadir;26;600000.0;Rechtes Mittelfeld;Startaufstellung
986812;Algerien;FC Portsmouth;Nadir Belhadj;28;5500000.0;Linkes Mittelfeld;Startaufstellung
986812;Algerien;VfL Wolfsburg;Karim Ziani;27;5500000.0;Offensives Mittelfeld;Startaufstellung
986812;Algerien;Borussia Mönchengladbach;Karim Matmour;24;2500000.0;Hängende Spitze;Startaufstellung
986812;Algerien;AEK Athen;Rafik Djebbour;26;2750000.0;Mittelstürmer;Startaufstellung
986812;Vereinigte Staaten;Aston Villa;Brad Guzan;25;1000000.0;Torwart;Reservebank
986812;Vereinigte Staaten;Wolverhampton Wanderers;Marcus Hahnemann;38;1750000.0;Torwart;Reservebank
986812;Vereinigte Staaten;AC Mailand;Oguchi Onyewu;28;5000000.0;Innenverteidiger;Reservebank
986812;Vereinigte Staaten;IK Start Kristiansand;Clarence Goodson;28;1500000.0;Innenverteidiger;Reservebank
986812;Vereinigte Staaten;Glasgow Rangers;DaMarcus Beasley;28;1750000.0;Linker Verteidiger;Reservebank
986812;Vereinigte Staaten;West Ham United;Jonathan Spector;24;2000000.0;Rechter Verteidiger;Reservebank
986812;Vereinigte Staaten;CF Pachuca;José Francisco Torres;22;2000000.0;Zentrales Mittelfeld;Reservebank
986812;Vereinigte Staaten;Bolton Wanderers;Stuart Holden;24;750000.0;Zentrales Mittelfeld;Reservebank
986812;Vereinigte Staaten;Aarhus GF;Benny Feilhaber;25;1500000.0;Offensives Mittelfeld;Reservebank
986812;Vereinigte Staaten;Eintracht Frankfurt;Ricardo Clark;27;750000.0;Zentrales Mittelfeld;Reservebank
986812;Vereinigte Staaten;Los Angeles Galaxy;Edson Buddle;29;150000.0;Mittelstürmer;Reservebank
986812;Algerien;ASO Chlef;Lounès Gaouaoui;32;300000.0;Torwart;Reservebank
986812;Algerien;ES Sétif;Fawzi Chaouchi;25;350000.0;Torwart;Reservebank
986812;Algerien;US Boulogne;Habib Bellaid;24;1300000.0;Innenverteidiger;Reservebank
986812;Algerien;ES Sétif;Abdelkader Laïfaoui;28;350000.0;Innenverteidiger;Reservebank
986812;Algerien;AC Ajaccio;Carl Medjani;25;800000.0;Innenverteidiger;Reservebank
986812;Algerien;US Lecce;Djamel Mesbah;25;500000.0;Linker Verteidiger;Reservebank
986812;Algerien;FC Lorient;Yazid Mansouri;32;1700000.0;Zentrales Mittelfeld;Reservebank
986812;Algerien;RSC Charleroi;Adlène Guédioura;24;500000.0;Zentrales Mittelfeld;Reservebank
986812;Algerien;FC Sochaux-Montbéliard;Ryad Boudebouz;20;1800000.0;Offensives Mittelfeld;Reservebank
986812;Algerien;FC Nantes;Djamel Abdoun;24;1500000.0;Rechtsaußen;Reservebank
986812;Algerien;AC Siena;Abdelkader Ghezzal;25;2500000.0;Hängende Spitze;Reservebank
986812;Algerien;FC Istres Ouest Provence ;Rafik Saïfi;35;500000.0;Mittelstürmer;Reservebank
